-- Eliminar base de datos si existe
DROP DATABASE IF EXISTS petConnect;

-- Crear base de datos si no existe
CREATE DATABASE IF NOT EXISTS petConnect;

-- Usar base de datos
USE petConnect;


/****************************************************************************************
 * Crear tablas
 ****************************************************************************************/

/* ----------------  PAIS - CIUDAD  ----------------*/

-- Crear tabla pais
CREATE TABLE pais (
    paisId INT PRIMARY KEY,
    nombre VARCHAR(20) NOT NULL
);

-- Crear tabla ciudad
CREATE TABLE ciudad (
    ciudadId INT PRIMARY KEY,
    nombre VARCHAR(170) NOT NULL UNIQUE,
    paisId INT NOT NULL,
    FOREIGN KEY (paisId) REFERENCES pais(paisId)
);

/* ----------------  PROPIETARIO  ----------------*/

-- Crear tabla propietario
CREATE TABLE propietario (
    propietarioId INT PRIMARY KEY,
    primerNombre VARCHAR(20) NOT NULL,
    segundoNombre VARCHAR(20),
    primerApellido VARCHAR(20) NOT NULL,
    segundoApellido VARCHAR(20),
    genero VARCHAR(15) CHECK (genero IN ('Masculino', 'Femenino', 'No especificado')) NOT NULL,
    fechaNacimiento DATE NOT NULL,
    correo VARCHAR(50) NOT NULL UNIQUE,
    fechaRegistro DATE NOT NULL
);

/* ----------------  MASCOTA  ----------------*/

-- Crear tabla especie 
CREATE TABLE especie (
    especieId INT PRIMARY KEY,
    nombre VARCHAR(50) NOT NULL UNIQUE,
    descripcion VARCHAR(255) NOT NULL
);

-- Crear tabla mascota (perfil)
CREATE TABLE mascota (
    mascotaId INT PRIMARY KEY,
    nombre VARCHAR(50) NOT NULL,
    genero VARCHAR(15) CHECK (genero IN  ('Macho', 'Hembra', 'No especificado')) NOT NULL,
    fechaNacimiento DATE NOT NULL,
    propietarioId INT NOT NULL,
    especieId INT(50) NOT NULL,
    ciudadId INT NOT NULL,
    FOREIGN KEY (ciudadId) REFERENCES ciudad(ciudadId),
    FOREIGN KEY (especieId) REFERENCES especie(especieId),
    FOREIGN KEY (propietarioId) REFERENCES propietario(propietarioId)
);

-- Crear tabla privacidad
CREATE TABLE privacidad (
    privacidadId INT PRIMARY KEY,
    solicitudesAmistad VARCHAR(20) CHECK (solicitudesAmistad IN ('Cualquiera', 'Amigos de amigos', 'Nadie')) NOT NULL,
    privacidadPerfil VARCHAR(20) CHECK (privacidadPerfil IN ('Publico', 'Amigos de amigos', 'Privado')) NOT NULL,
    privacidadInformacion VARCHAR(20) CHECK (privacidadInformacion IN ('Publico', 'Amigos de amigos', 'Amigos', 'Privado')) NOT NULL,
    mascotaId INT NOT NULL UNIQUE,
    FOREIGN KEY (mascotaId) REFERENCES mascota(mascotaId)
);

-- Crear tabla intereses
CREATE TABLE interes (
    interesId INT PRIMARY KEY,
    interes VARCHAR(255) UNIQUE NOT NULL
);

-- Crear tabla interesesMascota
CREATE TABLE interesesMascota (
    interesesMascotaId INT PRIMARY KEY,
    mascotaId INT NOT NULL,
    interesId INT NOT NULL,
    FOREIGN KEY (mascotaId) REFERENCES mascota(mascotaId),
    FOREIGN KEY (interesId) REFERENCES interes(interesId),
    UNIQUE (mascotaId, interesId)
);

-- Crear tabla Amigos
CREATE TABLE amistad (
    amistadId INT PRIMARY KEY,
    mascota1Id INT,
    mascota2Id INT,
    estado VARCHAR(20) CHECK (estado IN ('Pendiente', 'Aceptada', 'Rechazada')) NOT NULL,
    FOREIGN KEY (mascota1Id) REFERENCES mascota(mascotaId),
    FOREIGN KEY (mascota2Id) REFERENCES mascota(mascotaId),
    CHECK (mascota1Id <> mascota2Id),
    UNIQUE (mascota1Id, mascota2Id)
);

-- Crear tabla SeguidoresMascota
CREATE TABLE seguidorMascota (
    seguidorMascotaId INT PRIMARY KEY,
    mascotaIdSeguido INT NOT NULL,
    mascotaIdSeguidor INT NOT NULL,
    FOREIGN KEY (mascotaIdSeguido) REFERENCES mascota(mascotaId),
    FOREIGN KEY (mascotaIdSeguidor) REFERENCES mascota(mascotaId),
    UNIQUE (mascotaIdSeguido, mascotaIdSeguidor)
);

-- Crear tabla Mensajes
CREATE TABLE mensajeMascota (
    mensajeId INT PRIMARY KEY,
    remitenteId INT NOT NULL,
    receptorId INT NOT NULL,
    mensajeTexto TEXT NOT NULL,
    fechaEnvio DATETIME,
    FOREIGN KEY (remitenteId) REFERENCES mascota(mascotaId),
    FOREIGN KEY (receptorId) REFERENCES mascota(mascotaId),
    UNIQUE (remitenteId, receptorId, fechaEnvio),
    CHECK (remitenteId <> receptorId)
);

-- Crear tabla PublicacionMascota
CREATE TABLE publicacionMascota (
    publicacionMascotaId INT PRIMARY KEY,
    mascotaId INT NOT NULL,
    descripcion TEXT NOT NULL,
    fechaPublicacion DATETIME NOT NULL,
    FOREIGN KEY (mascotaId) REFERENCES mascota(mascotaId)
);

-- Crear tabla multimediaMascota
CREATE TABLE multimediaMascota (
    multimediaMascotaId INT PRIMARY KEY,
    publicacionMascotaId INT NOT NULL,
    url TEXT NOT NULL, -- Puedes modificar esto para almacenar la URL de la multimedia
    FOREIGN KEY (publicacionMascotaId) REFERENCES publicacionMascota(publicacionMascotaId)
);

-- Crear tabla ReaccionPorMascota
CREATE TABLE reaccionPubicacionMascota (
    reaccionPubicacionMascotaId INT PRIMARY KEY,
    publicacionMascotaId INT NOT NULL,
    mascotaId INT NOT NULL,
    tipoReaccion VARCHAR(20) CHECK (tipoReaccion IN ('Me gusta', 'Me encanta', 'Me importa', 'Me divierte', 'Me asombra', 'Me entristece', 'Me enoja')) NOT NULL,
    fechaReaccion DATETIME NOT NULL,
    FOREIGN KEY (publicacionMascotaId) REFERENCES publicacionMascota(publicacionMascotaId),
    FOREIGN KEY (mascotaId) REFERENCES mascota(mascotaId),
    UNIQUE (publicacionMascotaId, mascotaId)
);

-- Crear tabla ComentariosMascota
CREATE TABLE comentarioPublicacionMascota (
    comentarioPublicacionMascotaId INT PRIMARY KEY,
    publicacionMascotaId INT NOT NULL,
    mascotaId INT NOT NULL,
    contenido TEXT NOT NULL,
    fechaComentario DATETIME NOT NULL,
    FOREIGN KEY (publicacionMascotaId) REFERENCES publicacionMascota(publicacionMascotaId),
    FOREIGN KEY (mascotaId) REFERENCES mascota(mascotaId)
);

-- Crear tabla DenunciasMascota
CREATE TABLE denunciaPublicacionMascota (
    denunciaPublicacionMascotaId INT PRIMARY KEY,
    publicacionMascotaId INT NOT NULL,
    mascotaId INT NOT NULL,
    motivo VARCHAR(30) CHECK (motivo IN ('Contenido inapropiado', 'Maltrato animal', 'Fraude', 'Otro')) NOT NULL,
    descripcion TEXT,
    fechaDenuncia DATETIME NOT NULL,
    FOREIGN KEY (publicacionMascotaId) REFERENCES publicacionMascota(publicacionMascotaId),
    FOREIGN KEY (mascotaId) REFERENCES mascota(mascotaId),
    UNIQUE (publicacionMascotaId, mascotaId)
);

/* ----------------  PAGINA  ----------------*/
-- Crear tabla pagina
CREATE TABLE pagina (
    paginaId INT PRIMARY KEY,
    nombre VARCHAR(255) NOT NULL UNIQUE,
    mascotaId INT NOT NULL,
    FOREIGN KEY (mascotaId) REFERENCES mascota(mascotaId)
);

-- Crear tabla PublicacionPagina
CREATE TABLE publicacionPagina (
    publicacionPaginaId INT PRIMARY KEY,
    paginaId INT NOT NULL,
    descripcion TEXT NOT NULL,
    fechaPublicacion DATETIME NOT NULL,
    FOREIGN KEY (paginaId) REFERENCES pagina(paginaId)
);

-- Crear tabla multimediaPagina
CREATE TABLE multimediaPagina (
    multimediaPaginaId INT PRIMARY KEY,
    publicacionPaginaId INT NOT NULL,
    url TEXT NOT NULL, -- Puedes modificar esto para almacenar la URL de la multimedia
    FOREIGN KEY (publicacionPaginaId) REFERENCES publicacionPagina(publicacionPaginaId)
);

-- Crear tabla ReaccionPublicacionPagina
CREATE TABLE reaccionPublicaionPagina (
    reaccionPublicaionPaginaId INT PRIMARY KEY,
    publicacionPaginaId INT NOT NULL,
    mascotaId INT NOT NULL,
    tipoReaccion VARCHAR(20) CHECK (tipoReaccion IN ('Me gusta', 'Me encanta', 'Me importa', 'Me divierte', 'Me asombra', 'Me entristece', 'Me enoja')) NOT NULL,
    fechaReaccion DATETIME NOT NULL,
    FOREIGN KEY (publicacionPaginaId) REFERENCES publicacionPagina(publicacionPaginaId),
    FOREIGN KEY (mascotaId) REFERENCES mascota(mascotaId),
    UNIQUE (publicacionPaginaId, mascotaId)
);

-- Crear tabla ComentariosPagina
CREATE TABLE comentarioPublicacionPagina (
    comentarioPublicacionPaginaId INT PRIMARY KEY,
    publicacionPaginaId INT NOT NULL,
    mascotaId INT NOT NULL,
    contenido TEXT NOT NULL,
    fechaComentario DATETIME NOT NULL,
    FOREIGN KEY (publicacionPaginaId) REFERENCES publicacionPagina(publicacionPaginaId),
    FOREIGN KEY (mascotaId) REFERENCES mascota(mascotaId)
);

-- Crear tabla DenunciasPagina
CREATE TABLE denunciaPublicacionPagina (
    denunciaPublicacionPaginaId INT PRIMARY KEY,
    publicacionPaginaId INT NOT NULL,
    mascotaId INT NOT NULL,
    motivo VARCHAR(30) CHECK (motivo IN ('Contenido inapropiado', 'Maltrato animal', 'Fraude', 'Otro')) NOT NULL,
    descripcion TEXT,
    fechaDenuncia DATETIME NOT NULL,
    FOREIGN KEY (publicacionPaginaId) REFERENCES publicacionPagina(publicacionPaginaId),
    FOREIGN KEY (mascotaId) REFERENCES mascota(mascotaId),
    UNIQUE (publicacionPaginaId, mascotaId)
);

  -- Crear tabla SeguidoresPagina
  CREATE TABLE seguidorPagina (
      seguidorPaginaId INT PRIMARY KEY,
      paginaId INT NOT NULL,
      mascotaId INT NOT NULL,
      FOREIGN KEY (paginaId) REFERENCES pagina(paginaId),
      FOREIGN KEY (mascotaId) REFERENCES mascota(mascotaId),
      UNIQUE (paginaId, mascotaId)
  );

-- Crear tabla evento mensajePagina
CREATE TABLE mensajePagina (
    mensajePaginaId INT PRIMARY KEY,
    paginaId INT NOT NULL,
    mascotaId INT NOT NULL,
    remitente VARCHAR(255) CHECK (remitente IN ('Mascota', 'Pagina')) NOT NULL,
    contenido TEXT NOT NULL,
    fechaEnvio DATETIME NOT NULL,
    FOREIGN KEY (paginaId) REFERENCES pagina(paginaId),
    FOREIGN KEY (mascotaId) REFERENCES mascota(mascotaId)
);

/* ----------------  Evento  ----------------*/
-- Crear tabla evento
CREATE TABLE evento (
    eventoId INT PRIMARY KEY,
    nombre VARCHAR(255) NOT NULL,
    descripcion TEXT NOT NULL,
    fechaInicio DATETIME NOT NULL,
    fechaFin DATETIME ,
    privacidad VARCHAR(20) CHECK (privacidad IN ('Publico', 'Amigos', 'Privado')) NOT NULL,
    ciudadId INT NOT NULL,
    mascotaId INT NOT NULL,
    FOREIGN KEY (ciudadId) REFERENCES ciudad(ciudadId),
    FOREIGN KEY (mascotaId) REFERENCES mascota(mascotaId),
    UNIQUE (nombre, ciudadId),
    CHECK (fechaInicio < fechaFin)
);

-- Crear tabla asistenciaEvento
CREATE TABLE asistenciaEvento (
    asistenciaEventoId INT PRIMARY KEY,
    estado VARCHAR(20) CHECK (estado IN ('Asistire', 'No asistire', 'Tal vez asista')) NOT NULL,
    mascotaId INT NOT NULL,
    eventoId INT NOT NULL,
    FOREIGN KEY (mascotaId) REFERENCES mascota(mascotaId),
    FOREIGN KEY (eventoId) REFERENCES evento(eventoId),
    UNIQUE (mascotaId, eventoId)
);

-- Crear tabla denunciaEvento
CREATE TABLE denunciaEvento (
    denunciaEventoId INT PRIMARY KEY,
    eventoId INT NOT NULL,
    mascotaId INT NOT NULL,
    motivo VARCHAR(30) CHECK (motivo IN ('Contenido inapropiado', 'Maltrato animal', 'Fraude', 'Otro')) NOT NULL,
    descripcion TEXT,
    fechaDenuncia DATETIME NOT NULL,
    FOREIGN KEY (eventoId) REFERENCES evento(eventoId),
    FOREIGN KEY (mascotaId) REFERENCES mascota(mascotaId),
    UNIQUE (eventoId, mascotaId)
);



/* ----------------  GRUPO  ----------------*/

-- Crear tabla grupo
CREATE TABLE grupo (
    grupoId INT PRIMARY KEY,
    nombre VARCHAR(255) NOT NULL,
    privacidad VARCHAR(20) CHECK (privacidad IN ('Publico', 'Privado')) NOT NULL,
    mascotaId INT NOT NULL,
    ciudadId INT NOT NULL,
    FOREIGN KEY (ciudadId) REFERENCES ciudad(ciudadId),
    FOREIGN KEY (mascotaId) REFERENCES mascota(mascotaId),
    UNIQUE (nombre, ciudadId)
);

-- Crear tabla MascotaGrupos (relación entre mascotas y grupos)
CREATE TABLE mascotaGrupo (
    mascotaGrupoId INT PRIMARY KEY,
    grupoId INT NOT NULL,
    mascotaId INT NOT NULL,
    FOREIGN KEY (mascotaId) REFERENCES mascota(mascotaId),
    FOREIGN KEY (grupoId) REFERENCES grupo(grupoId),
    UNIQUE (mascotaId, grupoId)
);

-- Crear tabla mensajeGrupo
CREATE TABLE mensajeGrupo (
    mensajeGrupoId INT PRIMARY KEY,
    mascotaGrupoId INT NOT NULL,
    contenido TEXT NOT NULL,
    fechaEnvio DATETIME NOT NULL,
    FOREIGN KEY (mascotaGrupoId) REFERENCES mascotaGrupo(mascotaGrupoId)
);

-- Crear tabla publicacionGrupo
CREATE TABLE publicacionGrupo (
    publicacionGrupoId INT PRIMARY KEY,
    mascotaGrupoId INT NOT NULL,
    descripcion TEXT NOT NULL,
    fechaPublicacion DATETIME NOT NULL,
    FOREIGN KEY (mascotaGrupoId) REFERENCES mascotaGrupo(mascotaGrupoId)
);

-- Crear tabla multimediaGrupo
CREATE TABLE multimediaGrupo (
    multimediaGrupoId INT PRIMARY KEY,
    publicacionGrupoId INT NOT NULL,
    url VARCHAR(255), -- Puedes modificar esto para almacenar la URL de la multimedia
    FOREIGN KEY (publicacionGrupoId) REFERENCES publicacionGrupo(publicacionGrupoId)
);

-- Crear reaccionPublicacionGrupo
CREATE TABLE reaccionPublicacionGrupo (
    reaccionPublicacionGrupoId INT PRIMARY KEY,
    publicacionGrupoId INT NOT NULL,
    mascotaId INT NOT NULL,
    tipoReaccion VARCHAR(20) CHECK (tipoReaccion IN ('Me gusta', 'Me encanta', 'Me importa', 'Me divierte', 'Me asombra', 'Me entristece', 'Me enoja')) NOT NULL,
    fechaReaccion DATETIME NOT NULL,
    FOREIGN KEY (publicacionGrupoId) REFERENCES publicacionGrupo(publicacionGrupoId),
    FOREIGN KEY (mascotaId) REFERENCES mascota(mascotaId),
    UNIQUE (publicacionGrupoId, mascotaId)
);

-- Crear comentarioPublicacionGrupo
CREATE TABLE comentarioPublicacionGrupo (
    comentarioPublicacionGrupoId INT PRIMARY KEY,
    publicacionGrupoId INT NOT NULL,
    mascotaId INT NOT NULL,
    contenido TEXT NOT NULL,
    fechaComentario DATETIME NOT NULL,
    FOREIGN KEY (publicacionGrupoId) REFERENCES publicacionGrupo(publicacionGrupoId),
    FOREIGN KEY (mascotaId) REFERENCES mascota(mascotaId)
);

-- Crear denunciaPublicacionGrupo
CREATE TABLE denunciaPublicacionGrupo (
    denunciaPublicacionGrupoId INT PRIMARY KEY,
    publicacionGrupoId INT NOT NULL,
    mascotaId INT NOT NULL,
    motivo VARCHAR(30) CHECK (motivo IN ('Contenido inapropiado', 'Maltrato animal', 'Fraude', 'Otro')) NOT NULL,
    descripcion TEXT,
    fechaDenuncia DATETIME NOT NULL,
    FOREIGN KEY (publicacionGrupoId) REFERENCES publicacionGrupo(publicacionGrupoId),
    FOREIGN KEY (mascotaId) REFERENCES mascota(mascotaId),
    UNIQUE (publicacionGrupoId, mascotaId)
);

/* ----------------  TIENDA  ----------------*/
-- Crear tabla categoria
CREATE TABLE categoria (
    categoriaId INT PRIMARY KEY,
    nombre VARCHAR(255) NOT NULL UNIQUE
);

-- Crear tabla tipoNegocio
CREATE TABLE tipoNegocio (
    tipoNegocioId INT PRIMARY KEY,
    nombre VARCHAR(255) NOT NULL UNIQUE
);

-- Crear tabla negocio
CREATE TABLE negocio (
    negocioId INT PRIMARY KEY,
    nombre VARCHAR(255) NOT NULL UNIQUE,
    ciudadId INT NOT NULL,
    tipoNegocioId INT NOT NULL,
    propietarioId INT,
    FOREIGN KEY (propietarioId) REFERENCES propietario(propietarioId),
    FOREIGN KEY (ciudadId) REFERENCES ciudad(ciudadId),
    FOREIGN KEY (tipoNegocioId) REFERENCES tipoNegocio(tipoNegocioId)
);

-- Crear tabla Producto
CREATE TABLE producto (
    productoId INT PRIMARY KEY,
    nombre VARCHAR(255) NOT NULL,
    especieId INT NOT NULL,
    categoriaId INT NOT NULL,
    FOREIGN KEY (especieId) REFERENCES especie(especieId),
    FOREIGN KEY (categoriaId) REFERENCES categoria(categoriaId)
);

-- Crear tabla productoEnVenta
CREATE TABLE productoEnVenta (
    productoEnVentaId INT PRIMARY KEY,
    productoId INT NOT NULL,
    precio DECIMAL(10, 2) NOT NULL,
    negocioId INT NOT NULL,
    cantidad INT NOT NULL,
    FOREIGN KEY (productoId) REFERENCES producto(productoId),
    FOREIGN KEY (negocioId) REFERENCES negocio(negocioId),
    UNIQUE (productoId, negocioId)
);

-- Crear tabla compraProducto
CREATE TABLE compraProducto (
    compraProductoId INT PRIMARY KEY,
    mascotaId INT NOT NULL,
    productoEnVentaId INT NOT NULL,
    cantidad INT NOT NULL,
    fechaCompra DATETIME NOT NULL,
    FOREIGN KEY (mascotaId) REFERENCES Mascota(mascotaId),
    FOREIGN KEY (productoEnVentaId) REFERENCES productoEnVenta(productoEnVentaId)
);


/****************************************************************************************
 * Insertar datos
 ****************************************************************************************/

/******Daniel Felipe Franco Rincón - git = df1903*/

-- Datos tabla pais
INSERT INTO pais (paisId, nombre)
VALUES
  (1, 'Argentina'),
  (2, 'Brasil'),
  (3, 'Chile'),
  (4, 'Colombia'),
  (5, 'Ecuador'),
  (6, 'Estados Unidos'),
  (7, 'España'),
  (8, 'México'),
  (9, 'Perú'),
  (10, 'Uruguay'),
  (11, 'Venezuela'),
  (12, 'Paraguay'),
  (13, 'Bolivia'),
  (14, 'Canadá'),
  (15, 'Francia'),
  (16, 'Alemania'),
  (17, 'Italia'),
  (18, 'Reino Unido'),
  (19, 'Australia'),
  (20, 'Japón'),
  (21, 'China'),
  (22, 'India'),
  (23, 'Rusia'),
  (24, 'Sudáfrica'),
  (25, 'Arabia Saudita'),
  (26, 'Marruecos'),
  (27, 'Egipto'),
  (28, 'Turquía'),
  (29, 'Singapur'),
  (30, 'Nueva Zelanda');

-- Datos tabla ciudad
-- Ciudades de Colombia
INSERT INTO ciudad (ciudadId, nombre, paisId)
VALUES
  (1, 'Bogotá', 4),
  (2, 'Medellín', 4),
  (3, 'Cali', 4),
  (4, 'Barranquilla', 4),
  (5, 'Cartagena', 4),
  (6, 'Bucaramanga', 4),
  (7, 'Ibagué', 4),
  (8, 'Pereira', 4),
  (9, 'Villavicencio', 4),
  (10, 'Manizales', 4),
  (11, 'Popayán', 4),
  (12, 'Armenia', 4),
  (13, 'Valledupar', 4),
  (14, 'Montería', 4),
  (15, 'Santa Marta', 4),
  (16, 'Quibdó', 4),
  (17, 'Neiva', 4),
  (18, 'Tunja', 4),
  (19, 'Soacha', 4),
  (20, 'Bello', 4),
  (21, 'Pensilvania', 4),
  (22, 'Envigado', 4),
  (23, 'Itagüí', 4),
  (24, 'Sabaneta', 4),
  (25, 'La Estrella', 4);

-- Otras ciudades
INSERT INTO ciudad (ciudadId, nombre, paisId)
VALUES
  (26, 'Buenos Aires', 1),
  (27, 'Brasilia', 2),
  (28, 'Santiago de Chile', 3),
  (29, 'Washington D.C.', 6),
  (30, 'Madrid', 7),
  (31, 'Ciudad de México', 8),
  (32, 'Lima', 9),
  (33, 'Montevideo', 10),
  (34, 'Caracas', 11),
  (35, 'Asunción', 12),
  (36, 'La Paz', 13),
  (37, 'Ottawa', 14),
  (38, 'París', 15),
  (39, 'Berlín', 16),
  (40, 'Roma', 17),
  (41, 'Londres', 18),
  (42, 'Sidney', 19),
  (43, 'Tokio', 20),
  (44, 'Pekín', 21),
  (45, 'Nueva Delhi', 22),
  (46, 'Moscú', 23),
  (47, 'Johannesburgo', 24),
  (48, 'Riad', 25),
  (49, 'Rabat', 26),
  (50, 'El Cairo', 27),
  (51, 'Estambul', 28),
  (52, 'Singapur', 29),
  (53, 'Wellington', 30);

-- Datos tabla propietario
INSERT INTO propietario (propietarioId, primerNombre, segundoNombre, primerApellido, segundoApellido, genero, fechaNacimiento, correo, fechaRegistro)
VALUES
  (1, 'Carlos', 'Alberto', 'Martínez', 'González', 'Masculino', '1985-03-12', 'carlos@gmail.com', '2023-01-01'),
  (2, 'Laura', 'Isabel', 'Pérez', 'Gómez', 'Femenino', '1990-07-25', 'laura@gmail.com', '2023-01-02'),
  (3, 'Juan', 'José', 'Sánchez', 'Ramírez', 'Masculino', '1988-12-18', 'juan@gmail.com', '2023-01-03'),
  (4, 'María', 'Fernanda', 'Díaz', 'Hernández', 'Femenino', '1975-06-30', 'maria@gmail.com', '2023-01-04'),
  (5, 'Pedro', 'Antonio', 'Gutiérrez', 'López', 'Masculino', '1993-09-08', 'pedro@gmail.com', '2023-01-05'),
  (6, 'Ana', 'Gabriela', 'Mendoza', 'Cruz', 'Femenino', '1980-02-14', 'ana@gmail.com', '2023-01-06'),
  (7, 'Javier', 'Fernando', 'Rojas', 'Ortiz', 'Masculino', '1987-04-22', 'javier@gmail.com', '2023-01-07'),
  (8, 'Sofía', 'Alejandra', 'Vargas', 'Jiménez', 'Femenino', '1995-11-11', 'sofia@gmail.com', '2023-01-08'),
  (9, 'Daniel', 'Enrique', 'Castro', 'Silva', 'Masculino', '1979-08-05', 'daniel@gmail.com', '2023-01-09'),
  (10, 'Paola', 'Verónica', 'Torres', 'Molina', 'Femenino', '1983-03-27', 'paola@gmail.com', '2023-01-10'),
  (11, 'Miguel', 'Ángel', 'Herrera', 'Rios', 'Masculino', '1992-06-17', 'miguel@gmail.com', '2023-01-11'),
  (12, 'Catalina', 'Beatriz', 'Castañeda', 'Pérez', 'Femenino', '1986-09-19', 'catalina@gmail.com', '2023-01-12'),
  (13, 'Alejandro', 'Antonio', 'Chávez', 'Cortés', 'Masculino', '1981-12-03', 'alejandro@gmail.com', '2023-01-13'),
  (14, 'Valeria', 'Victoria', 'Franco', 'Rivas', 'Femenino', '1994-05-28', 'valeria@gmail.com', '2023-01-14'),
  (15, 'Roberto', 'Javier', 'Soto', 'Mendoza', 'Masculino', '1989-02-09', 'roberto@gmail.com', '2023-01-15'),
  (16, 'Isabella', 'Lorena', 'Hernández', 'García', 'Femenino', '1977-07-31', 'isabella@gmail.com', '2023-01-16'),
  (17, 'Héctor', 'Andrés', 'Lara', 'Vega', 'Masculino', '1998-10-20', 'hector@gmail.com', '2023-01-17'),
  (18, 'Elena', 'Marcela', 'Serrano', 'Torres', 'Femenino', '1984-04-15', 'elena@gmail.com', '2023-01-18'),
  (19, 'Andrés', 'Felipe', 'Fuentes', 'Salazar', 'Masculino', '1991-08-28', 'andres@gmail.com', '2023-01-19'),
  (20, 'Camila', 'Isabel', 'Moreno', 'Ruíz', 'Femenino', '1982-01-07', 'camila@gmail.com', '2023-01-20'),
  (21, 'Francisco', 'Javier', 'Cabrera', 'Martínez', 'Masculino', '1983-06-14', 'francisco@gmail.com', '2023-01-21'),
  (22, 'Renata', 'Carolina', 'Peralta', 'Cruz', 'Femenino', '1996-09-23', 'renata@gmail.com', '2023-01-22'),
  (23, 'Martín', 'Alejandro', 'Romero', 'Díaz', 'Masculino', '1976-03-04', 'martin@gmail.com', '2023-01-23'),
  (24, 'Gabriela', 'Alejandra', 'Sánchez', 'Vargas', 'Femenino', '1997-12-11', 'gabriela@gmail.com', '2023-01-24'),
  (25, 'Felipe', 'Andrés', 'Valencia', 'Pérez', 'Masculino', '1980-05-26', 'felipe@gmail.com', '2023-01-25'),
  (26, 'Carolina', 'Beatriz', 'Cruz', 'Molina', 'Femenino', '1993-10-30', 'carolina@gmail.com', '2023-01-26'),
  (27, 'Eduardo', 'José', 'Gómez', 'Herrera', 'Masculino', '1987-04-18', 'eduardo@gmail.com', '2023-01-27'),
  (28, 'Alicia', 'María', 'Ochoa', 'Gutiérrez', 'Femenino', '1981-07-02', 'alicia@gmail.com', '2023-01-28'),
  (29, 'Ricardo', 'Antonio', 'Salazar', 'Molina', 'Masculino', '1994-11-14', 'ricardo@gmail.com', '2023-01-29'),
  (30, 'Daniela', 'Isabel', 'Ortiz', 'Cruz', 'Femenino', '1989-02-07', 'daniela@gmail.com', '2023-01-30');

-- Datos tabla especie
INSERT INTO especie (especieId, nombre, descripcion)
VALUES
  (1, 'Perro', 'Animal de compañía muy popular, fiel y cariñoso. Se caracteriza por su inteligencia y su capacidad de aprendizaje.'),
  (2, 'Gato', 'Animal de compañía independiente y juguetón. Se caracteriza por su limpieza y su tranquilidad.'),
  (3, 'Pez', 'Animal de compañía tranquilo y relajante. Se caracteriza por su belleza y su variedad de colores y formas.'),
  (4, 'Hámster', 'Animal de compañía pequeño y divertido. Se caracteriza por su energía y su curiosidad.'),
  (5, 'Conejo', 'Animal de compañía cariñoso y juguetón. Se caracteriza por su inteligencia y su facilidad para entrenar.'),
  (6, 'Pajaro', 'Animal de compañía sociable y melodioso. Se caracteriza por su capacidad de cantar y su inteligencia.'),
  (7, 'Tortuga', 'Animal de compañía tranquilo y longevo. Se caracteriza por su independencia y su facilidad de cuidado.'),
  (8, 'Iguana', 'Animal de compañía exótico y llamativo. Se caracteriza por su tamaño y su inteligencia.'),
  (9, 'Serpiente', 'Animal de compañía exótico y elegante. Se caracteriza por su belleza y su silencio.'),
  (10, 'Pulpo', 'Animal de compañía exótico e inteligente. Se caracteriza por su capacidad de aprendizaje y su curiosidad.');

-- Datos tabla mascota
insert into mascota (mascotaId, nombre, genero, fechaNacimiento, propietarioId, especieId, ciudadId) values (1, 'Farris', 'Macho', '2014/11/22', 14, 4, 22);
insert into mascota (mascotaId, nombre, genero, fechaNacimiento, propietarioId, especieId, ciudadId) values (2, 'Othilia', 'Macho', '2017/11/06', 2, 8, 43);
insert into mascota (mascotaId, nombre, genero, fechaNacimiento, propietarioId, especieId, ciudadId) values (3, 'Codee', 'Macho', '2019/06/07', 19, 5, 28);
insert into mascota (mascotaId, nombre, genero, fechaNacimiento, propietarioId, especieId, ciudadId) values (4, 'Eirena', 'Macho', '2017/07/12', 25, 5, 44);
insert into mascota (mascotaId, nombre, genero, fechaNacimiento, propietarioId, especieId, ciudadId) values (5, 'Minta', 'Hembra', '2019/05/03', 5, 7, 22);
insert into mascota (mascotaId, nombre, genero, fechaNacimiento, propietarioId, especieId, ciudadId) values (6, 'Samantha', 'Macho', '2019/04/11', 1, 9, 50);
insert into mascota (mascotaId, nombre, genero, fechaNacimiento, propietarioId, especieId, ciudadId) values (7, 'Bradney', 'Macho', '2018/08/25', 5, 1, 34);
insert into mascota (mascotaId, nombre, genero, fechaNacimiento, propietarioId, especieId, ciudadId) values (8, 'Cross', 'Hembra', '2019/08/14', 27, 8, 43);
insert into mascota (mascotaId, nombre, genero, fechaNacimiento, propietarioId, especieId, ciudadId) values (9, 'Rayner', 'Hembra', '2014/12/16', 30, 10, 21);
insert into mascota (mascotaId, nombre, genero, fechaNacimiento, propietarioId, especieId, ciudadId) values (10, 'Adena', 'Hembra', '2018/02/03', 20, 5, 19);
insert into mascota (mascotaId, nombre, genero, fechaNacimiento, propietarioId, especieId, ciudadId) values (11, 'Mordecai', 'Hembra', '2019/09/07', 8, 7, 34);
insert into mascota (mascotaId, nombre, genero, fechaNacimiento, propietarioId, especieId, ciudadId) values (12, 'Stefa', 'Hembra', '2018/12/11', 30, 7, 49);
insert into mascota (mascotaId, nombre, genero, fechaNacimiento, propietarioId, especieId, ciudadId) values (13, 'Viviyan', 'Hembra', '2017/11/21', 7, 9, 48);
insert into mascota (mascotaId, nombre, genero, fechaNacimiento, propietarioId, especieId, ciudadId) values (14, 'Clarence', 'Hembra', '2016/10/15', 16, 4, 2);
insert into mascota (mascotaId, nombre, genero, fechaNacimiento, propietarioId, especieId, ciudadId) values (15, 'Darlene', 'Hembra', '2016/12/13', 27, 9, 12);
insert into mascota (mascotaId, nombre, genero, fechaNacimiento, propietarioId, especieId, ciudadId) values (16, 'Johan', 'Macho', '2016/01/11', 18, 9, 36);
insert into mascota (mascotaId, nombre, genero, fechaNacimiento, propietarioId, especieId, ciudadId) values (17, 'Spencer', 'Macho', '2019/09/01', 20, 7, 18);
insert into mascota (mascotaId, nombre, genero, fechaNacimiento, propietarioId, especieId, ciudadId) values (18, 'Mervin', 'Hembra', '2017/12/25', 30, 10, 31);
insert into mascota (mascotaId, nombre, genero, fechaNacimiento, propietarioId, especieId, ciudadId) values (19, 'Nari', 'Macho', '2016/10/08', 5, 2, 40);
insert into mascota (mascotaId, nombre, genero, fechaNacimiento, propietarioId, especieId, ciudadId) values (20, 'Kenneth', 'Hembra', '2016/12/15', 26, 10, 22);
insert into mascota (mascotaId, nombre, genero, fechaNacimiento, propietarioId, especieId, ciudadId) values (21, 'Clotilda', 'Hembra', '2017/08/20', 24, 5, 24);
insert into mascota (mascotaId, nombre, genero, fechaNacimiento, propietarioId, especieId, ciudadId) values (22, 'Jethro', 'Hembra', '2017/07/20', 6, 10, 24);
insert into mascota (mascotaId, nombre, genero, fechaNacimiento, propietarioId, especieId, ciudadId) values (23, 'Penelope', 'Macho', '2016/02/06', 10, 10, 16);
insert into mascota (mascotaId, nombre, genero, fechaNacimiento, propietarioId, especieId, ciudadId) values (24, 'Cam', 'Hembra', '2016/09/21', 26, 5, 47);
insert into mascota (mascotaId, nombre, genero, fechaNacimiento, propietarioId, especieId, ciudadId) values (25, 'Eugen', 'Macho', '2015/01/26', 27, 7, 35);
insert into mascota (mascotaId, nombre, genero, fechaNacimiento, propietarioId, especieId, ciudadId) values (26, 'Galven', 'Macho', '2018/05/01', 29, 8, 42);
insert into mascota (mascotaId, nombre, genero, fechaNacimiento, propietarioId, especieId, ciudadId) values (27, 'Jerrilyn', 'Hembra', '2014/01/06', 8, 2, 44);
insert into mascota (mascotaId, nombre, genero, fechaNacimiento, propietarioId, especieId, ciudadId) values (28, 'Patricia', 'Hembra', '2016/01/06', 3, 5, 41);
insert into mascota (mascotaId, nombre, genero, fechaNacimiento, propietarioId, especieId, ciudadId) values (29, 'Dena', 'Macho', '2015/05/28', 6, 8, 11);
insert into mascota (mascotaId, nombre, genero, fechaNacimiento, propietarioId, especieId, ciudadId) values (30, 'Percy', 'Hembra', '2018/10/13', 23, 8, 42);
insert into mascota (mascotaId, nombre, genero, fechaNacimiento, propietarioId, especieId, ciudadId) values (31, 'Janek', 'Macho', '2015/12/21', 11, 7, 27);
insert into mascota (mascotaId, nombre, genero, fechaNacimiento, propietarioId, especieId, ciudadId) values (32, 'Jedediah', 'Hembra', '2018/10/18', 19, 8, 15);
insert into mascota (mascotaId, nombre, genero, fechaNacimiento, propietarioId, especieId, ciudadId) values (33, 'Leopold', 'Hembra', '2014/05/29', 15, 6, 19);
insert into mascota (mascotaId, nombre, genero, fechaNacimiento, propietarioId, especieId, ciudadId) values (34, 'Corabella', 'Hembra', '2016/07/24', 27, 5, 14);
insert into mascota (mascotaId, nombre, genero, fechaNacimiento, propietarioId, especieId, ciudadId) values (35, 'Letti', 'Macho', '2015/08/19', 6, 7, 39);
insert into mascota (mascotaId, nombre, genero, fechaNacimiento, propietarioId, especieId, ciudadId) values (36, 'Rania', 'Hembra', '2018/10/19', 10, 7, 36);
insert into mascota (mascotaId, nombre, genero, fechaNacimiento, propietarioId, especieId, ciudadId) values (37, 'Mercedes', 'Hembra', '2015/12/13', 16, 4, 2);
insert into mascota (mascotaId, nombre, genero, fechaNacimiento, propietarioId, especieId, ciudadId) values (38, 'Edward', 'Hembra', '2015/08/01', 11, 3, 13);
insert into mascota (mascotaId, nombre, genero, fechaNacimiento, propietarioId, especieId, ciudadId) values (39, 'Verna', 'Macho', '2017/11/09', 21, 9, 45);
insert into mascota (mascotaId, nombre, genero, fechaNacimiento, propietarioId, especieId, ciudadId) values (40, 'Mufi', 'Macho', '2017/05/01', 8, 10, 46);
insert into mascota (mascotaId, nombre, genero, fechaNacimiento, propietarioId, especieId, ciudadId) values (41, 'Kurt', 'Hembra', '2017/02/01', 26, 10, 48);
insert into mascota (mascotaId, nombre, genero, fechaNacimiento, propietarioId, especieId, ciudadId) values (42, 'Ira', 'Macho', '2017/03/05', 2, 2, 24);
insert into mascota (mascotaId, nombre, genero, fechaNacimiento, propietarioId, especieId, ciudadId) values (43, 'Ema', 'Hembra', '2018/02/18', 27, 10, 36);
insert into mascota (mascotaId, nombre, genero, fechaNacimiento, propietarioId, especieId, ciudadId) values (44, 'Neda', 'Hembra', '2019/03/25', 3, 1, 38);
insert into mascota (mascotaId, nombre, genero, fechaNacimiento, propietarioId, especieId, ciudadId) values (45, 'Benedicto', 'Hembra', '2016/06/08', 9, 3, 9);
insert into mascota (mascotaId, nombre, genero, fechaNacimiento, propietarioId, especieId, ciudadId) values (46, 'Patrizia', 'Macho', '2014/08/24', 20, 5, 28);
insert into mascota (mascotaId, nombre, genero, fechaNacimiento, propietarioId, especieId, ciudadId) values (47, 'Ronny', 'Hembra', '2017/02/15', 2, 6, 50);
insert into mascota (mascotaId, nombre, genero, fechaNacimiento, propietarioId, especieId, ciudadId) values (48, 'Husain', 'Macho', '2014/02/11', 19, 3, 27);
insert into mascota (mascotaId, nombre, genero, fechaNacimiento, propietarioId, especieId, ciudadId) values (49, 'Graham', 'Hembra', '2019/10/16', 9, 7, 40);
insert into mascota (mascotaId, nombre, genero, fechaNacimiento, propietarioId, especieId, ciudadId) values (50, 'Elliot', 'Macho', '2017/01/06', 3, 5, 20);
insert into mascota (mascotaId, nombre, genero, fechaNacimiento, propietarioId, especieId, ciudadId) values (51, 'Tova', 'Hembra', '2019/12/02', 23, 6, 28);
insert into mascota (mascotaId, nombre, genero, fechaNacimiento, propietarioId, especieId, ciudadId) values (52, 'Nealy', 'Macho', '2017/03/28', 5, 9, 27);
insert into mascota (mascotaId, nombre, genero, fechaNacimiento, propietarioId, especieId, ciudadId) values (53, 'Adora', 'Macho', '2018/06/21', 6, 7, 38);
insert into mascota (mascotaId, nombre, genero, fechaNacimiento, propietarioId, especieId, ciudadId) values (54, 'Modestine', 'Macho', '2019/06/15', 28, 4, 39);
insert into mascota (mascotaId, nombre, genero, fechaNacimiento, propietarioId, especieId, ciudadId) values (55, 'Mirilla', 'Hembra', '2019/06/15', 11, 1, 25);
insert into mascota (mascotaId, nombre, genero, fechaNacimiento, propietarioId, especieId, ciudadId) values (56, 'Valentine', 'Hembra', '2016/04/09', 17, 1, 22);
insert into mascota (mascotaId, nombre, genero, fechaNacimiento, propietarioId, especieId, ciudadId) values (57, 'Pooh', 'Macho', '2015/03/27', 30, 10, 48);
insert into mascota (mascotaId, nombre, genero, fechaNacimiento, propietarioId, especieId, ciudadId) values (58, 'Katlin', 'Macho', '2016/09/24', 23, 8, 5);
insert into mascota (mascotaId, nombre, genero, fechaNacimiento, propietarioId, especieId, ciudadId) values (59, 'Natalee', 'Macho', '2017/01/03', 9, 3, 1);
insert into mascota (mascotaId, nombre, genero, fechaNacimiento, propietarioId, especieId, ciudadId) values (60, 'Fields', 'Hembra', '2016/11/23', 2, 4, 46);
insert into mascota (mascotaId, nombre, genero, fechaNacimiento, propietarioId, especieId, ciudadId) values (61, 'Ceciley', 'Macho', '2017/03/11', 14, 7, 21);
insert into mascota (mascotaId, nombre, genero, fechaNacimiento, propietarioId, especieId, ciudadId) values (62, 'Arlie', 'Macho', '2014/11/03', 8, 9, 16);
insert into mascota (mascotaId, nombre, genero, fechaNacimiento, propietarioId, especieId, ciudadId) values (63, 'Mord', 'Macho', '2019/06/08', 10, 6, 37);
insert into mascota (mascotaId, nombre, genero, fechaNacimiento, propietarioId, especieId, ciudadId) values (64, 'Stirling', 'Macho', '2014/03/31', 25, 4, 31);
insert into mascota (mascotaId, nombre, genero, fechaNacimiento, propietarioId, especieId, ciudadId) values (65, 'Yetta', 'Macho', '2016/08/16', 24, 7, 24);
insert into mascota (mascotaId, nombre, genero, fechaNacimiento, propietarioId, especieId, ciudadId) values (66, 'Dew', 'Macho', '2016/09/15', 12, 4, 9);
insert into mascota (mascotaId, nombre, genero, fechaNacimiento, propietarioId, especieId, ciudadId) values (67, 'Abbott', 'Macho', '2018/08/03', 11, 1, 34);
insert into mascota (mascotaId, nombre, genero, fechaNacimiento, propietarioId, especieId, ciudadId) values (68, 'Vikky', 'Hembra', '2015/01/06', 13, 5, 32);
insert into mascota (mascotaId, nombre, genero, fechaNacimiento, propietarioId, especieId, ciudadId) values (69, 'Odelinda', 'Hembra', '2018/03/08', 18, 9, 23);
insert into mascota (mascotaId, nombre, genero, fechaNacimiento, propietarioId, especieId, ciudadId) values (70, 'Zia', 'Macho', '2014/07/23', 25, 6, 46);
insert into mascota (mascotaId, nombre, genero, fechaNacimiento, propietarioId, especieId, ciudadId) values (71, 'Tove', 'Hembra', '2015/10/17', 16, 2, 32);
insert into mascota (mascotaId, nombre, genero, fechaNacimiento, propietarioId, especieId, ciudadId) values (72, 'Zolly', 'Hembra', '2019/11/07', 12, 1, 16);
insert into mascota (mascotaId, nombre, genero, fechaNacimiento, propietarioId, especieId, ciudadId) values (73, 'Doug', 'Hembra', '2018/07/29', 19, 1, 36);
insert into mascota (mascotaId, nombre, genero, fechaNacimiento, propietarioId, especieId, ciudadId) values (74, 'Berri', 'Hembra', '2014/01/19', 2, 5, 15);
insert into mascota (mascotaId, nombre, genero, fechaNacimiento, propietarioId, especieId, ciudadId) values (75, 'Boone', 'Macho', '2019/06/11', 23, 8, 5);
insert into mascota (mascotaId, nombre, genero, fechaNacimiento, propietarioId, especieId, ciudadId) values (76, 'Cordi', 'Macho', '2019/10/30', 13, 4, 13);
insert into mascota (mascotaId, nombre, genero, fechaNacimiento, propietarioId, especieId, ciudadId) values (77, 'Joeann', 'Macho', '2018/01/03', 19, 7, 1);
insert into mascota (mascotaId, nombre, genero, fechaNacimiento, propietarioId, especieId, ciudadId) values (78, 'Verene', 'Macho', '2018/05/21', 30, 4, 33);
insert into mascota (mascotaId, nombre, genero, fechaNacimiento, propietarioId, especieId, ciudadId) values (79, 'Justus', 'Hembra', '2015/11/19', 26, 6, 41);
insert into mascota (mascotaId, nombre, genero, fechaNacimiento, propietarioId, especieId, ciudadId) values (80, 'Corabella', 'Hembra', '2014/04/16', 18, 4, 43);
insert into mascota (mascotaId, nombre, genero, fechaNacimiento, propietarioId, especieId, ciudadId) values (81, 'Roana', 'Macho', '2015/02/05', 6, 10, 20);
insert into mascota (mascotaId, nombre, genero, fechaNacimiento, propietarioId, especieId, ciudadId) values (82, 'Ruthanne', 'Hembra', '2015/12/08', 16, 4, 8);
insert into mascota (mascotaId, nombre, genero, fechaNacimiento, propietarioId, especieId, ciudadId) values (83, 'Joleen', 'Macho', '2017/06/27', 17, 1, 9);
insert into mascota (mascotaId, nombre, genero, fechaNacimiento, propietarioId, especieId, ciudadId) values (84, 'Hobey', 'Macho', '2016/03/30', 10, 2, 11);
insert into mascota (mascotaId, nombre, genero, fechaNacimiento, propietarioId, especieId, ciudadId) values (85, 'Maisie', 'Macho', '2018/04/29', 29, 5, 13);
insert into mascota (mascotaId, nombre, genero, fechaNacimiento, propietarioId, especieId, ciudadId) values (86, 'Claudia', 'Macho', '2017/01/12', 10, 10, 17);
insert into mascota (mascotaId, nombre, genero, fechaNacimiento, propietarioId, especieId, ciudadId) values (87, 'Henriette', 'Hembra', '2015/06/19', 26, 10, 3);
insert into mascota (mascotaId, nombre, genero, fechaNacimiento, propietarioId, especieId, ciudadId) values (88, 'Lisa', 'Macho', '2014/04/03', 17, 6, 33);
insert into mascota (mascotaId, nombre, genero, fechaNacimiento, propietarioId, especieId, ciudadId) values (89, 'Theresina', 'Macho', '2018/02/02', 8, 5, 49);
insert into mascota (mascotaId, nombre, genero, fechaNacimiento, propietarioId, especieId, ciudadId) values (90, 'Thorstein', 'Macho', '2016/12/07', 17, 7, 49);
insert into mascota (mascotaId, nombre, genero, fechaNacimiento, propietarioId, especieId, ciudadId) values (91, 'Glory', 'Hembra', '2015/12/31', 14, 8, 15);
insert into mascota (mascotaId, nombre, genero, fechaNacimiento, propietarioId, especieId, ciudadId) values (92, 'Lora', 'Hembra', '2017/01/28', 27, 6, 50);
insert into mascota (mascotaId, nombre, genero, fechaNacimiento, propietarioId, especieId, ciudadId) values (93, 'Lolly', 'Hembra', '2014/10/08', 14, 1, 32);
insert into mascota (mascotaId, nombre, genero, fechaNacimiento, propietarioId, especieId, ciudadId) values (94, 'Kath', 'Macho', '2014/04/11', 28, 2, 19);
insert into mascota (mascotaId, nombre, genero, fechaNacimiento, propietarioId, especieId, ciudadId) values (95, 'Modesty', 'Macho', '2016/06/01', 15, 9, 40);
insert into mascota (mascotaId, nombre, genero, fechaNacimiento, propietarioId, especieId, ciudadId) values (96, 'Flemming', 'Hembra', '2018/09/24', 29, 7, 36);
insert into mascota (mascotaId, nombre, genero, fechaNacimiento, propietarioId, especieId, ciudadId) values (97, 'Simmonds', 'Hembra', '2016/02/28', 10, 8, 34);
insert into mascota (mascotaId, nombre, genero, fechaNacimiento, propietarioId, especieId, ciudadId) values (98, 'Nefen', 'Macho', '2015/09/09', 25, 10, 23);
insert into mascota (mascotaId, nombre, genero, fechaNacimiento, propietarioId, especieId, ciudadId) values (99, 'Alphonse', 'Hembra', '2014/11/30', 23, 8, 34);
insert into mascota (mascotaId, nombre, genero, fechaNacimiento, propietarioId, especieId, ciudadId) values (100, 'Bronnie', 'Macho', '2018/10/01', 25, 9, 22);

-- Datos tabla privacidad
insert into privacidad (privacidadId, solicitudesAmistad, privacidadPerfil, privacidadInformacion, mascotaId) values (1, 'Nadie', 'Privado', 'Amigos de amigos', 1);
insert into privacidad (privacidadId, solicitudesAmistad, privacidadPerfil, privacidadInformacion, mascotaId) values (2, 'Amigos de amigos', 'Publico', 'Privado', 2);
insert into privacidad (privacidadId, solicitudesAmistad, privacidadPerfil, privacidadInformacion, mascotaId) values (3, 'Cualquiera', 'Publico', 'Publico', 3);
insert into privacidad (privacidadId, solicitudesAmistad, privacidadPerfil, privacidadInformacion, mascotaId) values (4, 'Nadie', 'Amigos de amigos', 'Amigos', 4);
insert into privacidad (privacidadId, solicitudesAmistad, privacidadPerfil, privacidadInformacion, mascotaId) values (5, 'Nadie', 'Privado', 'Amigos de amigos', 5);
insert into privacidad (privacidadId, solicitudesAmistad, privacidadPerfil, privacidadInformacion, mascotaId) values (6, 'Nadie', 'Amigos de amigos', 'Amigos', 6);
insert into privacidad (privacidadId, solicitudesAmistad, privacidadPerfil, privacidadInformacion, mascotaId) values (7, 'Amigos de amigos', 'Publico', 'Amigos de amigos', 7);
insert into privacidad (privacidadId, solicitudesAmistad, privacidadPerfil, privacidadInformacion, mascotaId) values (8, 'Cualquiera', 'Privado', 'Privado', 8);
insert into privacidad (privacidadId, solicitudesAmistad, privacidadPerfil, privacidadInformacion, mascotaId) values (9, 'Cualquiera', 'Privado', 'Amigos', 9);
insert into privacidad (privacidadId, solicitudesAmistad, privacidadPerfil, privacidadInformacion, mascotaId) values (10, 'Nadie', 'Privado', 'Amigos', 10);
insert into privacidad (privacidadId, solicitudesAmistad, privacidadPerfil, privacidadInformacion, mascotaId) values (11, 'Cualquiera', 'Amigos de amigos', 'Amigos de amigos', 11);
insert into privacidad (privacidadId, solicitudesAmistad, privacidadPerfil, privacidadInformacion, mascotaId) values (12, 'Nadie', 'Privado', 'Publico', 12);
insert into privacidad (privacidadId, solicitudesAmistad, privacidadPerfil, privacidadInformacion, mascotaId) values (13, 'Amigos de amigos', 'Privado', 'Publico', 13);
insert into privacidad (privacidadId, solicitudesAmistad, privacidadPerfil, privacidadInformacion, mascotaId) values (14, 'Amigos de amigos', 'Publico', 'Amigos', 14);
insert into privacidad (privacidadId, solicitudesAmistad, privacidadPerfil, privacidadInformacion, mascotaId) values (15, 'Amigos de amigos', 'Privado', 'Amigos de amigos', 15);
insert into privacidad (privacidadId, solicitudesAmistad, privacidadPerfil, privacidadInformacion, mascotaId) values (16, 'Cualquiera', 'Privado', 'Amigos de amigos', 16);
insert into privacidad (privacidadId, solicitudesAmistad, privacidadPerfil, privacidadInformacion, mascotaId) values (17, 'Nadie', 'Publico', 'Publico', 17);
insert into privacidad (privacidadId, solicitudesAmistad, privacidadPerfil, privacidadInformacion, mascotaId) values (18, 'Amigos de amigos', 'Publico', 'Publico', 18);
insert into privacidad (privacidadId, solicitudesAmistad, privacidadPerfil, privacidadInformacion, mascotaId) values (19, 'Cualquiera', 'Privado', 'Amigos de amigos', 19);
insert into privacidad (privacidadId, solicitudesAmistad, privacidadPerfil, privacidadInformacion, mascotaId) values (20, 'Amigos de amigos', 'Publico', 'Amigos de amigos', 20);
insert into privacidad (privacidadId, solicitudesAmistad, privacidadPerfil, privacidadInformacion, mascotaId) values (21, 'Nadie', 'Publico', 'Publico', 21);
insert into privacidad (privacidadId, solicitudesAmistad, privacidadPerfil, privacidadInformacion, mascotaId) values (22, 'Nadie', 'Amigos de amigos', 'Amigos', 22);
insert into privacidad (privacidadId, solicitudesAmistad, privacidadPerfil, privacidadInformacion, mascotaId) values (23, 'Cualquiera', 'Privado', 'Amigos de amigos', 23);
insert into privacidad (privacidadId, solicitudesAmistad, privacidadPerfil, privacidadInformacion, mascotaId) values (24, 'Amigos de amigos', 'Publico', 'Amigos', 24);
insert into privacidad (privacidadId, solicitudesAmistad, privacidadPerfil, privacidadInformacion, mascotaId) values (25, 'Cualquiera', 'Amigos de amigos', 'Amigos', 25);
insert into privacidad (privacidadId, solicitudesAmistad, privacidadPerfil, privacidadInformacion, mascotaId) values (26, 'Nadie', 'Amigos de amigos', 'Amigos de amigos', 26);
insert into privacidad (privacidadId, solicitudesAmistad, privacidadPerfil, privacidadInformacion, mascotaId) values (27, 'Nadie', 'Privado', 'Amigos de amigos', 27);
insert into privacidad (privacidadId, solicitudesAmistad, privacidadPerfil, privacidadInformacion, mascotaId) values (28, 'Nadie', 'Amigos de amigos', 'Publico', 28);
insert into privacidad (privacidadId, solicitudesAmistad, privacidadPerfil, privacidadInformacion, mascotaId) values (29, 'Cualquiera', 'Amigos de amigos', 'Amigos de amigos', 29);
insert into privacidad (privacidadId, solicitudesAmistad, privacidadPerfil, privacidadInformacion, mascotaId) values (30, 'Cualquiera', 'Privado', 'Privado', 30);
insert into privacidad (privacidadId, solicitudesAmistad, privacidadPerfil, privacidadInformacion, mascotaId) values (31, 'Amigos de amigos', 'Privado', 'Amigos de amigos', 31);
insert into privacidad (privacidadId, solicitudesAmistad, privacidadPerfil, privacidadInformacion, mascotaId) values (32, 'Amigos de amigos', 'Publico', 'Amigos', 32);
insert into privacidad (privacidadId, solicitudesAmistad, privacidadPerfil, privacidadInformacion, mascotaId) values (33, 'Amigos de amigos', 'Publico', 'Privado', 33);
insert into privacidad (privacidadId, solicitudesAmistad, privacidadPerfil, privacidadInformacion, mascotaId) values (34, 'Cualquiera', 'Amigos de amigos', 'Publico', 34);
insert into privacidad (privacidadId, solicitudesAmistad, privacidadPerfil, privacidadInformacion, mascotaId) values (35, 'Nadie', 'Privado', 'Amigos', 35);
insert into privacidad (privacidadId, solicitudesAmistad, privacidadPerfil, privacidadInformacion, mascotaId) values (36, 'Amigos de amigos', 'Amigos de amigos', 'Amigos', 36);
insert into privacidad (privacidadId, solicitudesAmistad, privacidadPerfil, privacidadInformacion, mascotaId) values (37, 'Cualquiera', 'Privado', 'Amigos de amigos', 37);
insert into privacidad (privacidadId, solicitudesAmistad, privacidadPerfil, privacidadInformacion, mascotaId) values (38, 'Cualquiera', 'Publico', 'Amigos de amigos', 38);
insert into privacidad (privacidadId, solicitudesAmistad, privacidadPerfil, privacidadInformacion, mascotaId) values (39, 'Nadie', 'Amigos de amigos', 'Privado', 39);
insert into privacidad (privacidadId, solicitudesAmistad, privacidadPerfil, privacidadInformacion, mascotaId) values (40, 'Nadie', 'Privado', 'Amigos de amigos', 40);
insert into privacidad (privacidadId, solicitudesAmistad, privacidadPerfil, privacidadInformacion, mascotaId) values (41, 'Amigos de amigos', 'Amigos de amigos', 'Privado', 41);
insert into privacidad (privacidadId, solicitudesAmistad, privacidadPerfil, privacidadInformacion, mascotaId) values (42, 'Nadie', 'Publico', 'Amigos de amigos', 42);
insert into privacidad (privacidadId, solicitudesAmistad, privacidadPerfil, privacidadInformacion, mascotaId) values (43, 'Nadie', 'Amigos de amigos', 'Publico', 43);
insert into privacidad (privacidadId, solicitudesAmistad, privacidadPerfil, privacidadInformacion, mascotaId) values (44, 'Nadie', 'Amigos de amigos', 'Amigos de amigos', 44);
insert into privacidad (privacidadId, solicitudesAmistad, privacidadPerfil, privacidadInformacion, mascotaId) values (45, 'Nadie', 'Privado', 'Amigos de amigos', 45);
insert into privacidad (privacidadId, solicitudesAmistad, privacidadPerfil, privacidadInformacion, mascotaId) values (46, 'Cualquiera', 'Amigos de amigos', 'Privado', 46);
insert into privacidad (privacidadId, solicitudesAmistad, privacidadPerfil, privacidadInformacion, mascotaId) values (47, 'Cualquiera', 'Amigos de amigos', 'Amigos de amigos', 47);
insert into privacidad (privacidadId, solicitudesAmistad, privacidadPerfil, privacidadInformacion, mascotaId) values (48, 'Amigos de amigos', 'Privado', 'Publico', 48);
insert into privacidad (privacidadId, solicitudesAmistad, privacidadPerfil, privacidadInformacion, mascotaId) values (49, 'Amigos de amigos', 'Amigos de amigos', 'Amigos de amigos', 49);
insert into privacidad (privacidadId, solicitudesAmistad, privacidadPerfil, privacidadInformacion, mascotaId) values (50, 'Cualquiera', 'Publico', 'Privado', 50);
insert into privacidad (privacidadId, solicitudesAmistad, privacidadPerfil, privacidadInformacion, mascotaId) values (51, 'Cualquiera', 'Publico', 'Publico', 51);
insert into privacidad (privacidadId, solicitudesAmistad, privacidadPerfil, privacidadInformacion, mascotaId) values (52, 'Amigos de amigos', 'Privado', 'Publico', 52);
insert into privacidad (privacidadId, solicitudesAmistad, privacidadPerfil, privacidadInformacion, mascotaId) values (53, 'Amigos de amigos', 'Amigos de amigos', 'Privado', 53);
insert into privacidad (privacidadId, solicitudesAmistad, privacidadPerfil, privacidadInformacion, mascotaId) values (54, 'Nadie', 'Privado', 'Publico', 54);
insert into privacidad (privacidadId, solicitudesAmistad, privacidadPerfil, privacidadInformacion, mascotaId) values (55, 'Cualquiera', 'Publico', 'Amigos de amigos', 55);
insert into privacidad (privacidadId, solicitudesAmistad, privacidadPerfil, privacidadInformacion, mascotaId) values (56, 'Nadie', 'Publico', 'Amigos de amigos', 56);
insert into privacidad (privacidadId, solicitudesAmistad, privacidadPerfil, privacidadInformacion, mascotaId) values (57, 'Cualquiera', 'Privado', 'Publico', 57);
insert into privacidad (privacidadId, solicitudesAmistad, privacidadPerfil, privacidadInformacion, mascotaId) values (58, 'Nadie', 'Privado', 'Publico', 58);
insert into privacidad (privacidadId, solicitudesAmistad, privacidadPerfil, privacidadInformacion, mascotaId) values (59, 'Amigos de amigos', 'Amigos de amigos', 'Amigos', 59);
insert into privacidad (privacidadId, solicitudesAmistad, privacidadPerfil, privacidadInformacion, mascotaId) values (60, 'Nadie', 'Privado', 'Privado', 60);
insert into privacidad (privacidadId, solicitudesAmistad, privacidadPerfil, privacidadInformacion, mascotaId) values (61, 'Amigos de amigos', 'Privado', 'Publico', 61);
insert into privacidad (privacidadId, solicitudesAmistad, privacidadPerfil, privacidadInformacion, mascotaId) values (62, 'Cualquiera', 'Publico', 'Amigos de amigos', 62);
insert into privacidad (privacidadId, solicitudesAmistad, privacidadPerfil, privacidadInformacion, mascotaId) values (63, 'Cualquiera', 'Publico', 'Amigos', 63);
insert into privacidad (privacidadId, solicitudesAmistad, privacidadPerfil, privacidadInformacion, mascotaId) values (64, 'Cualquiera', 'Publico', 'Privado', 64);
insert into privacidad (privacidadId, solicitudesAmistad, privacidadPerfil, privacidadInformacion, mascotaId) values (65, 'Nadie', 'Publico', 'Publico', 65);
insert into privacidad (privacidadId, solicitudesAmistad, privacidadPerfil, privacidadInformacion, mascotaId) values (66, 'Cualquiera', 'Amigos de amigos', 'Amigos', 66);
insert into privacidad (privacidadId, solicitudesAmistad, privacidadPerfil, privacidadInformacion, mascotaId) values (67, 'Nadie', 'Publico', 'Amigos de amigos', 67);
insert into privacidad (privacidadId, solicitudesAmistad, privacidadPerfil, privacidadInformacion, mascotaId) values (68, 'Cualquiera', 'Privado', 'Privado', 68);
insert into privacidad (privacidadId, solicitudesAmistad, privacidadPerfil, privacidadInformacion, mascotaId) values (69, 'Cualquiera', 'Publico', 'Amigos', 69);
insert into privacidad (privacidadId, solicitudesAmistad, privacidadPerfil, privacidadInformacion, mascotaId) values (70, 'Cualquiera', 'Privado', 'Privado', 70);
insert into privacidad (privacidadId, solicitudesAmistad, privacidadPerfil, privacidadInformacion, mascotaId) values (71, 'Cualquiera', 'Publico', 'Amigos de amigos', 71);
insert into privacidad (privacidadId, solicitudesAmistad, privacidadPerfil, privacidadInformacion, mascotaId) values (72, 'Amigos de amigos', 'Amigos de amigos', 'Privado', 72);
insert into privacidad (privacidadId, solicitudesAmistad, privacidadPerfil, privacidadInformacion, mascotaId) values (73, 'Nadie', 'Publico', 'Privado', 73);
insert into privacidad (privacidadId, solicitudesAmistad, privacidadPerfil, privacidadInformacion, mascotaId) values (74, 'Nadie', 'Privado', 'Amigos de amigos', 74);
insert into privacidad (privacidadId, solicitudesAmistad, privacidadPerfil, privacidadInformacion, mascotaId) values (75, 'Amigos de amigos', 'Amigos de amigos', 'Amigos', 75);
insert into privacidad (privacidadId, solicitudesAmistad, privacidadPerfil, privacidadInformacion, mascotaId) values (76, 'Nadie', 'Privado', 'Publico', 76);
insert into privacidad (privacidadId, solicitudesAmistad, privacidadPerfil, privacidadInformacion, mascotaId) values (77, 'Nadie', 'Amigos de amigos', 'Amigos de amigos', 77);
insert into privacidad (privacidadId, solicitudesAmistad, privacidadPerfil, privacidadInformacion, mascotaId) values (78, 'Nadie', 'Amigos de amigos', 'Amigos de amigos', 78);
insert into privacidad (privacidadId, solicitudesAmistad, privacidadPerfil, privacidadInformacion, mascotaId) values (79, 'Cualquiera', 'Amigos de amigos', 'Amigos', 79);
insert into privacidad (privacidadId, solicitudesAmistad, privacidadPerfil, privacidadInformacion, mascotaId) values (80, 'Amigos de amigos', 'Publico', 'Publico', 80);
insert into privacidad (privacidadId, solicitudesAmistad, privacidadPerfil, privacidadInformacion, mascotaId) values (81, 'Amigos de amigos', 'Amigos de amigos', 'Amigos de amigos', 81);
insert into privacidad (privacidadId, solicitudesAmistad, privacidadPerfil, privacidadInformacion, mascotaId) values (82, 'Cualquiera', 'Amigos de amigos', 'Publico', 82);
insert into privacidad (privacidadId, solicitudesAmistad, privacidadPerfil, privacidadInformacion, mascotaId) values (83, 'Cualquiera', 'Amigos de amigos', 'Publico', 83);
insert into privacidad (privacidadId, solicitudesAmistad, privacidadPerfil, privacidadInformacion, mascotaId) values (84, 'Nadie', 'Publico', 'Privado', 84);
insert into privacidad (privacidadId, solicitudesAmistad, privacidadPerfil, privacidadInformacion, mascotaId) values (85, 'Cualquiera', 'Publico', 'Publico', 85);
insert into privacidad (privacidadId, solicitudesAmistad, privacidadPerfil, privacidadInformacion, mascotaId) values (86, 'Cualquiera', 'Amigos de amigos', 'Privado', 86);
insert into privacidad (privacidadId, solicitudesAmistad, privacidadPerfil, privacidadInformacion, mascotaId) values (87, 'Cualquiera', 'Privado', 'Publico', 87);
insert into privacidad (privacidadId, solicitudesAmistad, privacidadPerfil, privacidadInformacion, mascotaId) values (88, 'Amigos de amigos', 'Publico', 'Amigos', 88);
insert into privacidad (privacidadId, solicitudesAmistad, privacidadPerfil, privacidadInformacion, mascotaId) values (89, 'Nadie', 'Privado', 'Amigos de amigos', 89);
insert into privacidad (privacidadId, solicitudesAmistad, privacidadPerfil, privacidadInformacion, mascotaId) values (90, 'Cualquiera', 'Amigos de amigos', 'Amigos', 90);
insert into privacidad (privacidadId, solicitudesAmistad, privacidadPerfil, privacidadInformacion, mascotaId) values (91, 'Cualquiera', 'Privado', 'Amigos', 91);
insert into privacidad (privacidadId, solicitudesAmistad, privacidadPerfil, privacidadInformacion, mascotaId) values (92, 'Cualquiera', 'Publico', 'Privado', 92);
insert into privacidad (privacidadId, solicitudesAmistad, privacidadPerfil, privacidadInformacion, mascotaId) values (93, 'Cualquiera', 'Publico', 'Publico', 93);
insert into privacidad (privacidadId, solicitudesAmistad, privacidadPerfil, privacidadInformacion, mascotaId) values (94, 'Cualquiera', 'Privado', 'Publico', 94);
insert into privacidad (privacidadId, solicitudesAmistad, privacidadPerfil, privacidadInformacion, mascotaId) values (95, 'Amigos de amigos', 'Privado', 'Amigos', 95);
insert into privacidad (privacidadId, solicitudesAmistad, privacidadPerfil, privacidadInformacion, mascotaId) values (96, 'Amigos de amigos', 'Amigos de amigos', 'Privado', 96);
insert into privacidad (privacidadId, solicitudesAmistad, privacidadPerfil, privacidadInformacion, mascotaId) values (97, 'Cualquiera', 'Publico', 'Amigos', 97);
insert into privacidad (privacidadId, solicitudesAmistad, privacidadPerfil, privacidadInformacion, mascotaId) values (98, 'Nadie', 'Privado', 'Amigos de amigos', 98);
insert into privacidad (privacidadId, solicitudesAmistad, privacidadPerfil, privacidadInformacion, mascotaId) values (99, 'Amigos de amigos', 'Publico', 'Privado', 99);
insert into privacidad (privacidadId, solicitudesAmistad, privacidadPerfil, privacidadInformacion, mascotaId) values (100, 'Nadie', 'Amigos de amigos', 'Privado', 100);

-- Datos tabla intereses
insert into interes (interesId, interes) values (1, 'caminar');
insert into interes (interesId, interes) values (2, 'jugar frisbee');
insert into interes (interesId, interes) values (3, 'correr en el parque');
insert into interes (interesId, interes) values (4, 'nadar');
insert into interes (interesId, interes) values (5, 'buscar juguetes');
insert into interes (interesId, interes) values (6, 'socializar con otros animales');
insert into interes (interesId, interes) values (7, 'hacer ejercicio');
insert into interes (interesId, interes) values (8, 'explorar nuevos lugares');
insert into interes (interesId, interes) values (9, 'recibir caricias');
insert into interes (interesId, interes) values (10, 'aprender trucos');
insert into interes (interesId, interes) values (11, 'participar en competiciones');
insert into interes (interesId, interes) values (12, 'disfrutar de juguetes interactivos');
insert into interes (interesId, interes) values (13, 'descansar en un lugar acogedor');
insert into interes (interesId, interes) values (14, 'masticar juguetes para la dentición');
insert into interes (interesId, interes) values (15, 'recibir premios y golosinas');
insert into interes (interesId, interes) values (16, 'disfrutar de sesiones de cepillado');
insert into interes (interesId, interes) values (17, 'jugar a la cuerda');
insert into interes (interesId, interes) values (18, 'esconderse y buscar');
insert into interes (interesId, interes) values (19, 'practicar agility');
insert into interes (interesId, interes) values (20, 'paseos en coche');
insert into interes (interesId, interes) values (21, 'observar aves y otros animales');
insert into interes (interesId, interes) values (22, 'disfrutar de la música');
insert into interes (interesId, interes) values (23, 'participar en sesiones de fotos');
insert into interes (interesId, interes) values (24, 'tener su propio espacio y juguetes');
insert into interes (interesId, interes) values (25, 'disfrutar de masajes');
insert into interes (interesId, interes) values (26, 'participar en actividades de enriquecimiento ambiental');
insert into interes (interesId, interes) values (27, 'explorar texturas nuevas');
insert into interes (interesId, interes) values (28, 'disfrutar de la hierba fresca');
insert into interes (interesId, interes) values (29, 'descansar al sol');
insert into interes (interesId, interes) values (30, 'participar en terapias de relajación');

-- Datos tabla interesesMascota
insert into interesesMascota (interesesMascotaId, mascotaId, interesId) values (1, 1, 16);
insert into interesesMascota (interesesMascotaId, mascotaId, interesId) values (2, 2, 15);
insert into interesesMascota (interesesMascotaId, mascotaId, interesId) values (3, 3, 20);
insert into interesesMascota (interesesMascotaId, mascotaId, interesId) values (4, 4, 28);
insert into interesesMascota (interesesMascotaId, mascotaId, interesId) values (5, 5, 20);
insert into interesesMascota (interesesMascotaId, mascotaId, interesId) values (6, 6, 17);
insert into interesesMascota (interesesMascotaId, mascotaId, interesId) values (7, 7, 1);
insert into interesesMascota (interesesMascotaId, mascotaId, interesId) values (8, 8, 19);
insert into interesesMascota (interesesMascotaId, mascotaId, interesId) values (9, 9, 13);
insert into interesesMascota (interesesMascotaId, mascotaId, interesId) values (10, 10, 23);
insert into interesesMascota (interesesMascotaId, mascotaId, interesId) values (11, 11, 14);
insert into interesesMascota (interesesMascotaId, mascotaId, interesId) values (12, 12, 23);
insert into interesesMascota (interesesMascotaId, mascotaId, interesId) values (13, 13, 12);
insert into interesesMascota (interesesMascotaId, mascotaId, interesId) values (14, 14, 30);
insert into interesesMascota (interesesMascotaId, mascotaId, interesId) values (15, 15, 1);
insert into interesesMascota (interesesMascotaId, mascotaId, interesId) values (16, 16, 12);
insert into interesesMascota (interesesMascotaId, mascotaId, interesId) values (17, 17, 14);
insert into interesesMascota (interesesMascotaId, mascotaId, interesId) values (18, 18, 7);
insert into interesesMascota (interesesMascotaId, mascotaId, interesId) values (19, 19, 25);
insert into interesesMascota (interesesMascotaId, mascotaId, interesId) values (20, 20, 9);
insert into interesesMascota (interesesMascotaId, mascotaId, interesId) values (21, 21, 8);
insert into interesesMascota (interesesMascotaId, mascotaId, interesId) values (22, 22, 4);
insert into interesesMascota (interesesMascotaId, mascotaId, interesId) values (23, 23, 12);
insert into interesesMascota (interesesMascotaId, mascotaId, interesId) values (24, 24, 14);
insert into interesesMascota (interesesMascotaId, mascotaId, interesId) values (25, 25, 11);
insert into interesesMascota (interesesMascotaId, mascotaId, interesId) values (26, 26, 29);
insert into interesesMascota (interesesMascotaId, mascotaId, interesId) values (27, 27, 12);
insert into interesesMascota (interesesMascotaId, mascotaId, interesId) values (28, 28, 24);
insert into interesesMascota (interesesMascotaId, mascotaId, interesId) values (29, 29, 15);
insert into interesesMascota (interesesMascotaId, mascotaId, interesId) values (30, 30, 13);
insert into interesesMascota (interesesMascotaId, mascotaId, interesId) values (31, 31, 16);
insert into interesesMascota (interesesMascotaId, mascotaId, interesId) values (32, 32, 22);
insert into interesesMascota (interesesMascotaId, mascotaId, interesId) values (33, 33, 1);
insert into interesesMascota (interesesMascotaId, mascotaId, interesId) values (34, 34, 3);
insert into interesesMascota (interesesMascotaId, mascotaId, interesId) values (35, 35, 27);
insert into interesesMascota (interesesMascotaId, mascotaId, interesId) values (36, 36, 21);
insert into interesesMascota (interesesMascotaId, mascotaId, interesId) values (37, 37, 9);
insert into interesesMascota (interesesMascotaId, mascotaId, interesId) values (38, 38, 10);
insert into interesesMascota (interesesMascotaId, mascotaId, interesId) values (39, 39, 18);
insert into interesesMascota (interesesMascotaId, mascotaId, interesId) values (40, 40, 19);
insert into interesesMascota (interesesMascotaId, mascotaId, interesId) values (41, 41, 19);
insert into interesesMascota (interesesMascotaId, mascotaId, interesId) values (42, 42, 23);
insert into interesesMascota (interesesMascotaId, mascotaId, interesId) values (43, 43, 18);
insert into interesesMascota (interesesMascotaId, mascotaId, interesId) values (44, 44, 18);
insert into interesesMascota (interesesMascotaId, mascotaId, interesId) values (45, 45, 18);
insert into interesesMascota (interesesMascotaId, mascotaId, interesId) values (46, 46, 19);
insert into interesesMascota (interesesMascotaId, mascotaId, interesId) values (47, 47, 7);
insert into interesesMascota (interesesMascotaId, mascotaId, interesId) values (48, 48, 24);
insert into interesesMascota (interesesMascotaId, mascotaId, interesId) values (49, 49, 1);
insert into interesesMascota (interesesMascotaId, mascotaId, interesId) values (50, 50, 1);
insert into interesesMascota (interesesMascotaId, mascotaId, interesId) values (51, 51, 5);
insert into interesesMascota (interesesMascotaId, mascotaId, interesId) values (52, 52, 23);
insert into interesesMascota (interesesMascotaId, mascotaId, interesId) values (53, 53, 29);
insert into interesesMascota (interesesMascotaId, mascotaId, interesId) values (54, 54, 2);
insert into interesesMascota (interesesMascotaId, mascotaId, interesId) values (55, 55, 21);
insert into interesesMascota (interesesMascotaId, mascotaId, interesId) values (56, 56, 19);
insert into interesesMascota (interesesMascotaId, mascotaId, interesId) values (57, 57, 14);
insert into interesesMascota (interesesMascotaId, mascotaId, interesId) values (58, 58, 23);
insert into interesesMascota (interesesMascotaId, mascotaId, interesId) values (59, 59, 1);
insert into interesesMascota (interesesMascotaId, mascotaId, interesId) values (60, 60, 1);
insert into interesesMascota (interesesMascotaId, mascotaId, interesId) values (61, 61, 6);
insert into interesesMascota (interesesMascotaId, mascotaId, interesId) values (62, 62, 11);
insert into interesesMascota (interesesMascotaId, mascotaId, interesId) values (63, 63, 17);
insert into interesesMascota (interesesMascotaId, mascotaId, interesId) values (64, 64, 3);
insert into interesesMascota (interesesMascotaId, mascotaId, interesId) values (65, 65, 1);
insert into interesesMascota (interesesMascotaId, mascotaId, interesId) values (66, 66, 19);
insert into interesesMascota (interesesMascotaId, mascotaId, interesId) values (67, 67, 26);
insert into interesesMascota (interesesMascotaId, mascotaId, interesId) values (68, 68, 7);
insert into interesesMascota (interesesMascotaId, mascotaId, interesId) values (69, 69, 14);
insert into interesesMascota (interesesMascotaId, mascotaId, interesId) values (70, 70, 20);
insert into interesesMascota (interesesMascotaId, mascotaId, interesId) values (71, 71, 25);
insert into interesesMascota (interesesMascotaId, mascotaId, interesId) values (72, 72, 22);
insert into interesesMascota (interesesMascotaId, mascotaId, interesId) values (73, 73, 30);
insert into interesesMascota (interesesMascotaId, mascotaId, interesId) values (74, 74, 27);
insert into interesesMascota (interesesMascotaId, mascotaId, interesId) values (75, 75, 16);
insert into interesesMascota (interesesMascotaId, mascotaId, interesId) values (76, 76, 26);
insert into interesesMascota (interesesMascotaId, mascotaId, interesId) values (77, 77, 25);
insert into interesesMascota (interesesMascotaId, mascotaId, interesId) values (78, 78, 30);
insert into interesesMascota (interesesMascotaId, mascotaId, interesId) values (79, 79, 12);
insert into interesesMascota (interesesMascotaId, mascotaId, interesId) values (80, 80, 11);
insert into interesesMascota (interesesMascotaId, mascotaId, interesId) values (81, 81, 11);
insert into interesesMascota (interesesMascotaId, mascotaId, interesId) values (82, 82, 10);
insert into interesesMascota (interesesMascotaId, mascotaId, interesId) values (83, 83, 25);
insert into interesesMascota (interesesMascotaId, mascotaId, interesId) values (84, 84, 11);
insert into interesesMascota (interesesMascotaId, mascotaId, interesId) values (85, 85, 25);
insert into interesesMascota (interesesMascotaId, mascotaId, interesId) values (86, 86, 30);
insert into interesesMascota (interesesMascotaId, mascotaId, interesId) values (87, 87, 20);
insert into interesesMascota (interesesMascotaId, mascotaId, interesId) values (88, 88, 13);
insert into interesesMascota (interesesMascotaId, mascotaId, interesId) values (89, 89, 27);
insert into interesesMascota (interesesMascotaId, mascotaId, interesId) values (90, 90, 1);
insert into interesesMascota (interesesMascotaId, mascotaId, interesId) values (91, 91, 7);
insert into interesesMascota (interesesMascotaId, mascotaId, interesId) values (92, 92, 25);
insert into interesesMascota (interesesMascotaId, mascotaId, interesId) values (93, 93, 30);
insert into interesesMascota (interesesMascotaId, mascotaId, interesId) values (94, 94, 24);
insert into interesesMascota (interesesMascotaId, mascotaId, interesId) values (95, 95, 30);
insert into interesesMascota (interesesMascotaId, mascotaId, interesId) values (96, 96, 28);
insert into interesesMascota (interesesMascotaId, mascotaId, interesId) values (97, 97, 4);
insert into interesesMascota (interesesMascotaId, mascotaId, interesId) values (98, 98, 20);
insert into interesesMascota (interesesMascotaId, mascotaId, interesId) values (99, 99, 9);
insert into interesesMascota (interesesMascotaId, mascotaId, interesId) values (100, 100, 24);

-- Datos tabla amistad
insert into amistad (amistadId, mascota1Id, mascota2Id, estado) values (1, 8, 64, 'Aceptada');
insert into amistad (amistadId, mascota1Id, mascota2Id, estado) values (2, 2, 92, 'Aceptada');
insert into amistad (amistadId, mascota1Id, mascota2Id, estado) values (3, 22, 87, 'Pendiente');
insert into amistad (amistadId, mascota1Id, mascota2Id, estado) values (4, 3, 94, 'Pendiente');
insert into amistad (amistadId, mascota1Id, mascota2Id, estado) values (5, 4, 62, 'Aceptada');
insert into amistad (amistadId, mascota1Id, mascota2Id, estado) values (6, 16, 77, 'Aceptada');
insert into amistad (amistadId, mascota1Id, mascota2Id, estado) values (7, 2, 74, 'Aceptada');
insert into amistad (amistadId, mascota1Id, mascota2Id, estado) values (8, 10, 87, 'Rechazada');
insert into amistad (amistadId, mascota1Id, mascota2Id, estado) values (9, 19, 39, 'Aceptada');
insert into amistad (amistadId, mascota1Id, mascota2Id, estado) values (10, 13, 99, 'Aceptada');
insert into amistad (amistadId, mascota1Id, mascota2Id, estado) values (11, 12, 31, 'Aceptada');
insert into amistad (amistadId, mascota1Id, mascota2Id, estado) values (12, 6, 87, 'Pendiente');
insert into amistad (amistadId, mascota1Id, mascota2Id, estado) values (13, 15, 80, 'Rechazada');
insert into amistad (amistadId, mascota1Id, mascota2Id, estado) values (14, 11, 53, 'Aceptada');
insert into amistad (amistadId, mascota1Id, mascota2Id, estado) values (15, 21, 57, 'Pendiente');
insert into amistad (amistadId, mascota1Id, mascota2Id, estado) values (16, 9, 51, 'Pendiente');
insert into amistad (amistadId, mascota1Id, mascota2Id, estado) values (17, 20, 79, 'Aceptada');
insert into amistad (amistadId, mascota1Id, mascota2Id, estado) values (18, 16, 80, 'Rechazada');
insert into amistad (amistadId, mascota1Id, mascota2Id, estado) values (19, 8, 40, 'Rechazada');
insert into amistad (amistadId, mascota1Id, mascota2Id, estado) values (20, 18, 99, 'Pendiente');
insert into amistad (amistadId, mascota1Id, mascota2Id, estado) values (21, 14, 81, 'Rechazada');
insert into amistad (amistadId, mascota1Id, mascota2Id, estado) values (22, 14, 55, 'Aceptada');
insert into amistad (amistadId, mascota1Id, mascota2Id, estado) values (23, 1, 87, 'Aceptada');
insert into amistad (amistadId, mascota1Id, mascota2Id, estado) values (24, 17, 30, 'Aceptada');
insert into amistad (amistadId, mascota1Id, mascota2Id, estado) values (25, 3, 69, 'Rechazada');
insert into amistad (amistadId, mascota1Id, mascota2Id, estado) values (26, 2, 76, 'Aceptada');
insert into amistad (amistadId, mascota1Id, mascota2Id, estado) values (27, 8, 41, 'Pendiente');
insert into amistad (amistadId, mascota1Id, mascota2Id, estado) values (28, 23, 79, 'Aceptada');
insert into amistad (amistadId, mascota1Id, mascota2Id, estado) values (29, 7, 42, 'Rechazada');
insert into amistad (amistadId, mascota1Id, mascota2Id, estado) values (30, 21, 84, 'Aceptada');
insert into amistad (amistadId, mascota1Id, mascota2Id, estado) values (31, 14, 35, 'Pendiente');
insert into amistad (amistadId, mascota1Id, mascota2Id, estado) values (32, 21, 77, 'Rechazada');
insert into amistad (amistadId, mascota1Id, mascota2Id, estado) values (33, 13, 33, 'Aceptada');
insert into amistad (amistadId, mascota1Id, mascota2Id, estado) values (34, 23, 52, 'Aceptada');
insert into amistad (amistadId, mascota1Id, mascota2Id, estado) values (35, 20, 59, 'Rechazada');
insert into amistad (amistadId, mascota1Id, mascota2Id, estado) values (36, 22, 66, 'Aceptada');
insert into amistad (amistadId, mascota1Id, mascota2Id, estado) values (37, 10, 57, 'Rechazada');
insert into amistad (amistadId, mascota1Id, mascota2Id, estado) values (38, 14, 98, 'Pendiente');
insert into amistad (amistadId, mascota1Id, mascota2Id, estado) values (39, 15, 73, 'Rechazada');
insert into amistad (amistadId, mascota1Id, mascota2Id, estado) values (40, 7, 39, 'Rechazada');
insert into amistad (amistadId, mascota1Id, mascota2Id, estado) values (41, 2, 39, 'Pendiente');
insert into amistad (amistadId, mascota1Id, mascota2Id, estado) values (42, 7, 92, 'Aceptada');
insert into amistad (amistadId, mascota1Id, mascota2Id, estado) values (43, 8, 90, 'Pendiente');
insert into amistad (amistadId, mascota1Id, mascota2Id, estado) values (44, 17, 44, 'Rechazada');
insert into amistad (amistadId, mascota1Id, mascota2Id, estado) values (45, 12, 27, 'Aceptada');
insert into amistad (amistadId, mascota1Id, mascota2Id, estado) values (46, 3, 45, 'Aceptada');
insert into amistad (amistadId, mascota1Id, mascota2Id, estado) values (47, 7, 89, 'Aceptada');
insert into amistad (amistadId, mascota1Id, mascota2Id, estado) values (48, 6, 54, 'Aceptada');
insert into amistad (amistadId, mascota1Id, mascota2Id, estado) values (49, 4, 57, 'Rechazada');
insert into amistad (amistadId, mascota1Id, mascota2Id, estado) values (50, 17, 48, 'Rechazada');

-- Datos tabla tabla SeguidoresMascota
insert into seguidorMascota (seguidorMascotaId, mascotaIdSeguido, mascotaIdSeguidor) values (1, 65, 28);
insert into seguidorMascota (seguidorMascotaId, mascotaIdSeguido, mascotaIdSeguidor) values (2, 28, 53);
insert into seguidorMascota (seguidorMascotaId, mascotaIdSeguido, mascotaIdSeguidor) values (3, 16, 31);
insert into seguidorMascota (seguidorMascotaId, mascotaIdSeguido, mascotaIdSeguidor) values (4, 29, 26);
insert into seguidorMascota (seguidorMascotaId, mascotaIdSeguido, mascotaIdSeguidor) values (5, 1, 53);
insert into seguidorMascota (seguidorMascotaId, mascotaIdSeguido, mascotaIdSeguidor) values (6, 35, 33);
insert into seguidorMascota (seguidorMascotaId, mascotaIdSeguido, mascotaIdSeguidor) values (7, 15, 65);
insert into seguidorMascota (seguidorMascotaId, mascotaIdSeguido, mascotaIdSeguidor) values (8, 96, 43);
insert into seguidorMascota (seguidorMascotaId, mascotaIdSeguido, mascotaIdSeguidor) values (9, 20, 68);
insert into seguidorMascota (seguidorMascotaId, mascotaIdSeguido, mascotaIdSeguidor) values (10, 79, 32);
insert into seguidorMascota (seguidorMascotaId, mascotaIdSeguido, mascotaIdSeguidor) values (11, 25, 68);
insert into seguidorMascota (seguidorMascotaId, mascotaIdSeguido, mascotaIdSeguidor) values (12, 25, 34);
insert into seguidorMascota (seguidorMascotaId, mascotaIdSeguido, mascotaIdSeguidor) values (13, 33, 11);
insert into seguidorMascota (seguidorMascotaId, mascotaIdSeguido, mascotaIdSeguidor) values (14, 100, 2);
insert into seguidorMascota (seguidorMascotaId, mascotaIdSeguido, mascotaIdSeguidor) values (15, 70, 65);
insert into seguidorMascota (seguidorMascotaId, mascotaIdSeguido, mascotaIdSeguidor) values (16, 15, 18);
insert into seguidorMascota (seguidorMascotaId, mascotaIdSeguido, mascotaIdSeguidor) values (17, 87, 56);
insert into seguidorMascota (seguidorMascotaId, mascotaIdSeguido, mascotaIdSeguidor) values (18, 30, 97);
insert into seguidorMascota (seguidorMascotaId, mascotaIdSeguido, mascotaIdSeguidor) values (19, 91, 75);
insert into seguidorMascota (seguidorMascotaId, mascotaIdSeguido, mascotaIdSeguidor) values (20, 24, 65);
insert into seguidorMascota (seguidorMascotaId, mascotaIdSeguido, mascotaIdSeguidor) values (21, 27, 87);
insert into seguidorMascota (seguidorMascotaId, mascotaIdSeguido, mascotaIdSeguidor) values (22, 78, 79);
insert into seguidorMascota (seguidorMascotaId, mascotaIdSeguido, mascotaIdSeguidor) values (23, 95, 65);
insert into seguidorMascota (seguidorMascotaId, mascotaIdSeguido, mascotaIdSeguidor) values (24, 72, 52);
insert into seguidorMascota (seguidorMascotaId, mascotaIdSeguido, mascotaIdSeguidor) values (25, 61, 10);
insert into seguidorMascota (seguidorMascotaId, mascotaIdSeguido, mascotaIdSeguidor) values (26, 88, 47);
insert into seguidorMascota (seguidorMascotaId, mascotaIdSeguido, mascotaIdSeguidor) values (27, 41, 95);
insert into seguidorMascota (seguidorMascotaId, mascotaIdSeguido, mascotaIdSeguidor) values (28, 15, 1);
insert into seguidorMascota (seguidorMascotaId, mascotaIdSeguido, mascotaIdSeguidor) values (29, 74, 18);
insert into seguidorMascota (seguidorMascotaId, mascotaIdSeguido, mascotaIdSeguidor) values (30, 39, 75);
insert into seguidorMascota (seguidorMascotaId, mascotaIdSeguido, mascotaIdSeguidor) values (31, 39, 60);
insert into seguidorMascota (seguidorMascotaId, mascotaIdSeguido, mascotaIdSeguidor) values (32, 4, 96);
insert into seguidorMascota (seguidorMascotaId, mascotaIdSeguido, mascotaIdSeguidor) values (33, 38, 55);
insert into seguidorMascota (seguidorMascotaId, mascotaIdSeguido, mascotaIdSeguidor) values (34, 85, 82);
insert into seguidorMascota (seguidorMascotaId, mascotaIdSeguido, mascotaIdSeguidor) values (35, 32, 32);
insert into seguidorMascota (seguidorMascotaId, mascotaIdSeguido, mascotaIdSeguidor) values (36, 71, 11);
insert into seguidorMascota (seguidorMascotaId, mascotaIdSeguido, mascotaIdSeguidor) values (37, 14, 62);
insert into seguidorMascota (seguidorMascotaId, mascotaIdSeguido, mascotaIdSeguidor) values (38, 59, 99);
insert into seguidorMascota (seguidorMascotaId, mascotaIdSeguido, mascotaIdSeguidor) values (39, 53, 46);
insert into seguidorMascota (seguidorMascotaId, mascotaIdSeguido, mascotaIdSeguidor) values (40, 79, 92);
insert into seguidorMascota (seguidorMascotaId, mascotaIdSeguido, mascotaIdSeguidor) values (41, 56, 63);
insert into seguidorMascota (seguidorMascotaId, mascotaIdSeguido, mascotaIdSeguidor) values (42, 69, 65);
insert into seguidorMascota (seguidorMascotaId, mascotaIdSeguido, mascotaIdSeguidor) values (43, 10, 88);
insert into seguidorMascota (seguidorMascotaId, mascotaIdSeguido, mascotaIdSeguidor) values (44, 88, 29);
insert into seguidorMascota (seguidorMascotaId, mascotaIdSeguido, mascotaIdSeguidor) values (45, 87, 34);
insert into seguidorMascota (seguidorMascotaId, mascotaIdSeguido, mascotaIdSeguidor) values (46, 71, 95);
insert into seguidorMascota (seguidorMascotaId, mascotaIdSeguido, mascotaIdSeguidor) values (47, 47, 29);
insert into seguidorMascota (seguidorMascotaId, mascotaIdSeguido, mascotaIdSeguidor) values (48, 79, 11);
insert into seguidorMascota (seguidorMascotaId, mascotaIdSeguido, mascotaIdSeguidor) values (49, 49, 45);
insert into seguidorMascota (seguidorMascotaId, mascotaIdSeguido, mascotaIdSeguidor) values (50, 61, 3);
insert into seguidorMascota (seguidorMascotaId, mascotaIdSeguido, mascotaIdSeguidor) values (51, 82, 45);
insert into seguidorMascota (seguidorMascotaId, mascotaIdSeguido, mascotaIdSeguidor) values (52, 13, 10);
insert into seguidorMascota (seguidorMascotaId, mascotaIdSeguido, mascotaIdSeguidor) values (53, 35, 69);
insert into seguidorMascota (seguidorMascotaId, mascotaIdSeguido, mascotaIdSeguidor) values (54, 54, 58);
insert into seguidorMascota (seguidorMascotaId, mascotaIdSeguido, mascotaIdSeguidor) values (55, 32, 71);
insert into seguidorMascota (seguidorMascotaId, mascotaIdSeguido, mascotaIdSeguidor) values (56, 18, 82);
insert into seguidorMascota (seguidorMascotaId, mascotaIdSeguido, mascotaIdSeguidor) values (57, 64, 45);
insert into seguidorMascota (seguidorMascotaId, mascotaIdSeguido, mascotaIdSeguidor) values (58, 82, 1);
insert into seguidorMascota (seguidorMascotaId, mascotaIdSeguido, mascotaIdSeguidor) values (59, 47, 76);
insert into seguidorMascota (seguidorMascotaId, mascotaIdSeguido, mascotaIdSeguidor) values (60, 24, 98);
insert into seguidorMascota (seguidorMascotaId, mascotaIdSeguido, mascotaIdSeguidor) values (61, 69, 12);
insert into seguidorMascota (seguidorMascotaId, mascotaIdSeguido, mascotaIdSeguidor) values (62, 23, 89);
insert into seguidorMascota (seguidorMascotaId, mascotaIdSeguido, mascotaIdSeguidor) values (63, 49, 15);
insert into seguidorMascota (seguidorMascotaId, mascotaIdSeguido, mascotaIdSeguidor) values (64, 28, 43);
insert into seguidorMascota (seguidorMascotaId, mascotaIdSeguido, mascotaIdSeguidor) values (65, 40, 86);
insert into seguidorMascota (seguidorMascotaId, mascotaIdSeguido, mascotaIdSeguidor) values (66, 93, 65);
insert into seguidorMascota (seguidorMascotaId, mascotaIdSeguido, mascotaIdSeguidor) values (67, 37, 70);
insert into seguidorMascota (seguidorMascotaId, mascotaIdSeguido, mascotaIdSeguidor) values (68, 26, 47);
insert into seguidorMascota (seguidorMascotaId, mascotaIdSeguido, mascotaIdSeguidor) values (69, 42, 28);
insert into seguidorMascota (seguidorMascotaId, mascotaIdSeguido, mascotaIdSeguidor) values (70, 100, 60);
insert into seguidorMascota (seguidorMascotaId, mascotaIdSeguido, mascotaIdSeguidor) values (71, 23, 92);
insert into seguidorMascota (seguidorMascotaId, mascotaIdSeguido, mascotaIdSeguidor) values (72, 62, 18);
insert into seguidorMascota (seguidorMascotaId, mascotaIdSeguido, mascotaIdSeguidor) values (73, 56, 90);
insert into seguidorMascota (seguidorMascotaId, mascotaIdSeguido, mascotaIdSeguidor) values (74, 42, 92);
insert into seguidorMascota (seguidorMascotaId, mascotaIdSeguido, mascotaIdSeguidor) values (75, 39, 20);
insert into seguidorMascota (seguidorMascotaId, mascotaIdSeguido, mascotaIdSeguidor) values (76, 76, 15);
insert into seguidorMascota (seguidorMascotaId, mascotaIdSeguido, mascotaIdSeguidor) values (77, 28, 90);
insert into seguidorMascota (seguidorMascotaId, mascotaIdSeguido, mascotaIdSeguidor) values (78, 12, 91);
insert into seguidorMascota (seguidorMascotaId, mascotaIdSeguido, mascotaIdSeguidor) values (79, 47, 50);
insert into seguidorMascota (seguidorMascotaId, mascotaIdSeguido, mascotaIdSeguidor) values (80, 35, 13);
insert into seguidorMascota (seguidorMascotaId, mascotaIdSeguido, mascotaIdSeguidor) values (81, 63, 41);
insert into seguidorMascota (seguidorMascotaId, mascotaIdSeguido, mascotaIdSeguidor) values (82, 40, 13);
insert into seguidorMascota (seguidorMascotaId, mascotaIdSeguido, mascotaIdSeguidor) values (83, 95, 2);
insert into seguidorMascota (seguidorMascotaId, mascotaIdSeguido, mascotaIdSeguidor) values (84, 52, 89);
insert into seguidorMascota (seguidorMascotaId, mascotaIdSeguido, mascotaIdSeguidor) values (85, 50, 66);
insert into seguidorMascota (seguidorMascotaId, mascotaIdSeguido, mascotaIdSeguidor) values (86, 22, 3);
insert into seguidorMascota (seguidorMascotaId, mascotaIdSeguido, mascotaIdSeguidor) values (87, 89, 90);
insert into seguidorMascota (seguidorMascotaId, mascotaIdSeguido, mascotaIdSeguidor) values (88, 9, 72);
insert into seguidorMascota (seguidorMascotaId, mascotaIdSeguido, mascotaIdSeguidor) values (89, 68, 16);
insert into seguidorMascota (seguidorMascotaId, mascotaIdSeguido, mascotaIdSeguidor) values (90, 20, 51);
insert into seguidorMascota (seguidorMascotaId, mascotaIdSeguido, mascotaIdSeguidor) values (91, 88, 7);
insert into seguidorMascota (seguidorMascotaId, mascotaIdSeguido, mascotaIdSeguidor) values (92, 39, 10);
insert into seguidorMascota (seguidorMascotaId, mascotaIdSeguido, mascotaIdSeguidor) values (93, 62, 76);
insert into seguidorMascota (seguidorMascotaId, mascotaIdSeguido, mascotaIdSeguidor) values (94, 32, 25);
insert into seguidorMascota (seguidorMascotaId, mascotaIdSeguido, mascotaIdSeguidor) values (95, 10, 45);
insert into seguidorMascota (seguidorMascotaId, mascotaIdSeguido, mascotaIdSeguidor) values (96, 28, 10);
insert into seguidorMascota (seguidorMascotaId, mascotaIdSeguido, mascotaIdSeguidor) values (97, 95, 85);
insert into seguidorMascota (seguidorMascotaId, mascotaIdSeguido, mascotaIdSeguidor) values (98, 68, 76);
insert into seguidorMascota (seguidorMascotaId, mascotaIdSeguido, mascotaIdSeguidor) values (99, 68, 7);
insert into seguidorMascota (seguidorMascotaId, mascotaIdSeguido, mascotaIdSeguidor) values (100, 80, 81);


-- Datos tabla mensajeMascota
insert into mensajeMascota (mensajeId, remitenteId, receptorId, mensajeTexto, fechaEnvio) values (1, 83, 22, 'ESTO ES UN MENSAJE', '2023-10-27 10:27:05');
insert into mensajeMascota (mensajeId, remitenteId, receptorId, mensajeTexto, fechaEnvio) values (2, 32, 86, 'ESTO ES UN MENSAJE', '2022-03-12 18:33:07');
insert into mensajeMascota (mensajeId, remitenteId, receptorId, mensajeTexto, fechaEnvio) values (3, 52, 68, 'ESTO ES UN MENSAJE', '2022-01-17 01:11:13');
insert into mensajeMascota (mensajeId, remitenteId, receptorId, mensajeTexto, fechaEnvio) values (4, 46, 3, 'ESTO ES UN MENSAJE', '2023-02-27 03:52:23');
insert into mensajeMascota (mensajeId, remitenteId, receptorId, mensajeTexto, fechaEnvio) values (5, 39, 89, 'ESTO ES UN MENSAJE', '2022-04-01 18:48:51');
insert into mensajeMascota (mensajeId, remitenteId, receptorId, mensajeTexto, fechaEnvio) values (6, 65, 64, 'ESTO ES UN MENSAJE', '2022-10-09 03:36:19');
insert into mensajeMascota (mensajeId, remitenteId, receptorId, mensajeTexto, fechaEnvio) values (7, 17, 18, 'ESTO ES UN MENSAJE', '2022-04-03 10:32:41');
insert into mensajeMascota (mensajeId, remitenteId, receptorId, mensajeTexto, fechaEnvio) values (8, 61, 54, 'ESTO ES UN MENSAJE', '2022-11-11 08:11:45');
insert into mensajeMascota (mensajeId, remitenteId, receptorId, mensajeTexto, fechaEnvio) values (9, 51, 9, 'ESTO ES UN MENSAJE', '2022-07-02 03:48:03');
insert into mensajeMascota (mensajeId, remitenteId, receptorId, mensajeTexto, fechaEnvio) values (10, 50, 34, 'ESTO ES UN MENSAJE', '2023-12-18 10:23:33');
insert into mensajeMascota (mensajeId, remitenteId, receptorId, mensajeTexto, fechaEnvio) values (11, 3, 60, 'ESTO ES UN MENSAJE', '2023-07-12 02:57:12');
insert into mensajeMascota (mensajeId, remitenteId, receptorId, mensajeTexto, fechaEnvio) values (12, 13, 68, 'ESTO ES UN MENSAJE', '2022-01-25 16:21:49');
insert into mensajeMascota (mensajeId, remitenteId, receptorId, mensajeTexto, fechaEnvio) values (13, 57, 65, 'ESTO ES UN MENSAJE', '2022-07-13 11:18:29');
insert into mensajeMascota (mensajeId, remitenteId, receptorId, mensajeTexto, fechaEnvio) values (14, 8, 61, 'ESTO ES UN MENSAJE', '2023-02-07 14:10:32');
insert into mensajeMascota (mensajeId, remitenteId, receptorId, mensajeTexto, fechaEnvio) values (15, 97, 52, 'ESTO ES UN MENSAJE', '2023-04-29 10:34:33');
insert into mensajeMascota (mensajeId, remitenteId, receptorId, mensajeTexto, fechaEnvio) values (16, 46, 8, 'ESTO ES UN MENSAJE', '2022-10-28 20:46:11');
insert into mensajeMascota (mensajeId, remitenteId, receptorId, mensajeTexto, fechaEnvio) values (17, 22, 45, 'ESTO ES UN MENSAJE', '2023-03-15 13:32:39');
insert into mensajeMascota (mensajeId, remitenteId, receptorId, mensajeTexto, fechaEnvio) values (18, 86, 55, 'ESTO ES UN MENSAJE', '2022-03-08 16:40:40');
insert into mensajeMascota (mensajeId, remitenteId, receptorId, mensajeTexto, fechaEnvio) values (19, 55, 29, 'ESTO ES UN MENSAJE', '2022-11-01 12:30:14');
insert into mensajeMascota (mensajeId, remitenteId, receptorId, mensajeTexto, fechaEnvio) values (20, 44, 11, 'ESTO ES UN MENSAJE', '2023-08-11 16:20:50');
insert into mensajeMascota (mensajeId, remitenteId, receptorId, mensajeTexto, fechaEnvio) values (21, 90, 33, 'ESTO ES UN MENSAJE', '2023-02-04 16:15:10');
insert into mensajeMascota (mensajeId, remitenteId, receptorId, mensajeTexto, fechaEnvio) values (22, 39, 30, 'ESTO ES UN MENSAJE', '2023-09-04 05:55:31');
insert into mensajeMascota (mensajeId, remitenteId, receptorId, mensajeTexto, fechaEnvio) values (23, 48, 10, 'ESTO ES UN MENSAJE', '2022-05-06 19:48:46');
insert into mensajeMascota (mensajeId, remitenteId, receptorId, mensajeTexto, fechaEnvio) values (24, 13, 47, 'ESTO ES UN MENSAJE', '2023-08-15 23:01:44');
insert into mensajeMascota (mensajeId, remitenteId, receptorId, mensajeTexto, fechaEnvio) values (25, 96, 24, 'ESTO ES UN MENSAJE', '2023-05-02 04:21:48');
insert into mensajeMascota (mensajeId, remitenteId, receptorId, mensajeTexto, fechaEnvio) values (26, 44, 37, 'ESTO ES UN MENSAJE', '2023-08-02 09:58:47');
insert into mensajeMascota (mensajeId, remitenteId, receptorId, mensajeTexto, fechaEnvio) values (27, 10, 17, 'ESTO ES UN MENSAJE', '2023-02-18 06:55:23');
insert into mensajeMascota (mensajeId, remitenteId, receptorId, mensajeTexto, fechaEnvio) values (28, 70, 73, 'ESTO ES UN MENSAJE', '2022-10-30 00:01:32');
insert into mensajeMascota (mensajeId, remitenteId, receptorId, mensajeTexto, fechaEnvio) values (29, 49, 93, 'ESTO ES UN MENSAJE', '2022-04-03 17:01:01');
insert into mensajeMascota (mensajeId, remitenteId, receptorId, mensajeTexto, fechaEnvio) values (30, 92, 25, 'ESTO ES UN MENSAJE', '2023-06-22 15:55:18');
insert into mensajeMascota (mensajeId, remitenteId, receptorId, mensajeTexto, fechaEnvio) values (31, 38, 8, 'ESTO ES UN MENSAJE', '2022-10-29 11:38:05');
insert into mensajeMascota (mensajeId, remitenteId, receptorId, mensajeTexto, fechaEnvio) values (32, 78, 65, 'ESTO ES UN MENSAJE', '2023-08-22 03:37:51');
insert into mensajeMascota (mensajeId, remitenteId, receptorId, mensajeTexto, fechaEnvio) values (33, 88, 71, 'ESTO ES UN MENSAJE', '2022-04-25 02:04:52');
insert into mensajeMascota (mensajeId, remitenteId, receptorId, mensajeTexto, fechaEnvio) values (34, 1, 73, 'ESTO ES UN MENSAJE', '2022-05-24 13:11:24');
insert into mensajeMascota (mensajeId, remitenteId, receptorId, mensajeTexto, fechaEnvio) values (35, 66, 39, 'ESTO ES UN MENSAJE', '2022-10-12 16:25:50');
insert into mensajeMascota (mensajeId, remitenteId, receptorId, mensajeTexto, fechaEnvio) values (36, 60, 78, 'ESTO ES UN MENSAJE', '2023-01-01 00:08:25');
insert into mensajeMascota (mensajeId, remitenteId, receptorId, mensajeTexto, fechaEnvio) values (37, 18, 50, 'ESTO ES UN MENSAJE', '2023-11-09 06:46:09');
insert into mensajeMascota (mensajeId, remitenteId, receptorId, mensajeTexto, fechaEnvio) values (38, 66, 78, 'ESTO ES UN MENSAJE', '2022-11-03 21:38:40');
insert into mensajeMascota (mensajeId, remitenteId, receptorId, mensajeTexto, fechaEnvio) values (39, 71, 28, 'ESTO ES UN MENSAJE', '2023-10-02 18:39:39');
insert into mensajeMascota (mensajeId, remitenteId, receptorId, mensajeTexto, fechaEnvio) values (40, 81, 56, 'ESTO ES UN MENSAJE', '2023-12-25 22:45:21');
insert into mensajeMascota (mensajeId, remitenteId, receptorId, mensajeTexto, fechaEnvio) values (41, 31, 32, 'ESTO ES UN MENSAJE', '2023-08-13 16:13:06');
insert into mensajeMascota (mensajeId, remitenteId, receptorId, mensajeTexto, fechaEnvio) values (42, 39, 40, 'ESTO ES UN MENSAJE', '2023-02-09 10:04:55');
insert into mensajeMascota (mensajeId, remitenteId, receptorId, mensajeTexto, fechaEnvio) values (43, 96, 27, 'ESTO ES UN MENSAJE', '2023-04-28 18:00:55');
insert into mensajeMascota (mensajeId, remitenteId, receptorId, mensajeTexto, fechaEnvio) values (44, 86, 2, 'ESTO ES UN MENSAJE', '2022-08-03 17:42:10');
insert into mensajeMascota (mensajeId, remitenteId, receptorId, mensajeTexto, fechaEnvio) values (45, 32, 12, 'ESTO ES UN MENSAJE', '2023-08-30 19:22:08');
insert into mensajeMascota (mensajeId, remitenteId, receptorId, mensajeTexto, fechaEnvio) values (46, 97, 79, 'ESTO ES UN MENSAJE', '2023-02-07 08:31:59');
insert into mensajeMascota (mensajeId, remitenteId, receptorId, mensajeTexto, fechaEnvio) values (47, 44, 56, 'ESTO ES UN MENSAJE', '2023-10-21 13:50:30');
insert into mensajeMascota (mensajeId, remitenteId, receptorId, mensajeTexto, fechaEnvio) values (48, 9, 93, 'ESTO ES UN MENSAJE', '2022-03-12 12:37:37');
insert into mensajeMascota (mensajeId, remitenteId, receptorId, mensajeTexto, fechaEnvio) values (49, 32, 55, 'ESTO ES UN MENSAJE', '2022-10-26 15:49:55');
insert into mensajeMascota (mensajeId, remitenteId, receptorId, mensajeTexto, fechaEnvio) values (50, 14, 88, 'ESTO ES UN MENSAJE', '2022-03-05 14:23:07');
insert into mensajeMascota (mensajeId, remitenteId, receptorId, mensajeTexto, fechaEnvio) values (51, 8, 53, 'ESTO ES UN MENSAJE', '2022-02-22 18:35:04');
insert into mensajeMascota (mensajeId, remitenteId, receptorId, mensajeTexto, fechaEnvio) values (52, 44, 73, 'ESTO ES UN MENSAJE', '2023-06-03 12:55:08');
insert into mensajeMascota (mensajeId, remitenteId, receptorId, mensajeTexto, fechaEnvio) values (53, 94, 93, 'ESTO ES UN MENSAJE', '2023-02-22 15:39:15');
insert into mensajeMascota (mensajeId, remitenteId, receptorId, mensajeTexto, fechaEnvio) values (54, 35, 28, 'ESTO ES UN MENSAJE', '2023-05-02 16:18:29');
insert into mensajeMascota (mensajeId, remitenteId, receptorId, mensajeTexto, fechaEnvio) values (55, 43, 8, 'ESTO ES UN MENSAJE', '2022-10-17 04:25:33');
insert into mensajeMascota (mensajeId, remitenteId, receptorId, mensajeTexto, fechaEnvio) values (56, 72, 47, 'ESTO ES UN MENSAJE', '2023-01-06 21:43:00');
insert into mensajeMascota (mensajeId, remitenteId, receptorId, mensajeTexto, fechaEnvio) values (57, 96, 54, 'ESTO ES UN MENSAJE', '2023-04-20 16:18:48');
insert into mensajeMascota (mensajeId, remitenteId, receptorId, mensajeTexto, fechaEnvio) values (58, 22, 90, 'ESTO ES UN MENSAJE', '2023-07-25 16:43:57');
insert into mensajeMascota (mensajeId, remitenteId, receptorId, mensajeTexto, fechaEnvio) values (59, 72, 80, 'ESTO ES UN MENSAJE', '2022-04-13 00:10:13');
insert into mensajeMascota (mensajeId, remitenteId, receptorId, mensajeTexto, fechaEnvio) values (60, 27, 81, 'ESTO ES UN MENSAJE', '2023-03-30 20:51:01');
insert into mensajeMascota (mensajeId, remitenteId, receptorId, mensajeTexto, fechaEnvio) values (61, 87, 63, 'ESTO ES UN MENSAJE', '2023-07-08 11:15:58');
insert into mensajeMascota (mensajeId, remitenteId, receptorId, mensajeTexto, fechaEnvio) values (62, 39, 42, 'ESTO ES UN MENSAJE', '2023-11-11 20:38:03');
insert into mensajeMascota (mensajeId, remitenteId, receptorId, mensajeTexto, fechaEnvio) values (63, 63, 36, 'ESTO ES UN MENSAJE', '2023-10-09 08:36:12');
insert into mensajeMascota (mensajeId, remitenteId, receptorId, mensajeTexto, fechaEnvio) values (64, 20, 96, 'ESTO ES UN MENSAJE', '2022-05-17 22:54:45');
insert into mensajeMascota (mensajeId, remitenteId, receptorId, mensajeTexto, fechaEnvio) values (65, 64, 47, 'ESTO ES UN MENSAJE', '2022-11-09 21:58:57');
insert into mensajeMascota (mensajeId, remitenteId, receptorId, mensajeTexto, fechaEnvio) values (66, 44, 15, 'ESTO ES UN MENSAJE', '2023-11-06 06:54:06');
insert into mensajeMascota (mensajeId, remitenteId, receptorId, mensajeTexto, fechaEnvio) values (67, 69, 89, 'ESTO ES UN MENSAJE', '2022-01-20 15:11:50');
insert into mensajeMascota (mensajeId, remitenteId, receptorId, mensajeTexto, fechaEnvio) values (68, 1, 15, 'ESTO ES UN MENSAJE', '2022-03-30 14:38:03');
insert into mensajeMascota (mensajeId, remitenteId, receptorId, mensajeTexto, fechaEnvio) values (69, 88, 14, 'ESTO ES UN MENSAJE', '2023-02-04 09:13:13');
insert into mensajeMascota (mensajeId, remitenteId, receptorId, mensajeTexto, fechaEnvio) values (70, 74, 7, 'ESTO ES UN MENSAJE', '2023-08-08 20:59:34');
insert into mensajeMascota (mensajeId, remitenteId, receptorId, mensajeTexto, fechaEnvio) values (71, 35, 43, 'ESTO ES UN MENSAJE', '2023-01-25 12:41:36');
insert into mensajeMascota (mensajeId, remitenteId, receptorId, mensajeTexto, fechaEnvio) values (72, 86, 19, 'ESTO ES UN MENSAJE', '2023-09-13 22:12:38');
insert into mensajeMascota (mensajeId, remitenteId, receptorId, mensajeTexto, fechaEnvio) values (73, 25, 5, 'ESTO ES UN MENSAJE', '2023-12-20 04:28:49');
insert into mensajeMascota (mensajeId, remitenteId, receptorId, mensajeTexto, fechaEnvio) values (74, 24, 58, 'ESTO ES UN MENSAJE', '2023-06-19 07:50:28');
insert into mensajeMascota (mensajeId, remitenteId, receptorId, mensajeTexto, fechaEnvio) values (75, 15, 100, 'ESTO ES UN MENSAJE', '2023-06-14 14:20:52');
insert into mensajeMascota (mensajeId, remitenteId, receptorId, mensajeTexto, fechaEnvio) values (76, 95, 98, 'ESTO ES UN MENSAJE', '2022-05-04 09:29:52');
insert into mensajeMascota (mensajeId, remitenteId, receptorId, mensajeTexto, fechaEnvio) values (77, 83, 29, 'ESTO ES UN MENSAJE', '2023-10-02 05:14:08');
insert into mensajeMascota (mensajeId, remitenteId, receptorId, mensajeTexto, fechaEnvio) values (78, 7, 45, 'ESTO ES UN MENSAJE', '2022-09-12 08:01:40');
insert into mensajeMascota (mensajeId, remitenteId, receptorId, mensajeTexto, fechaEnvio) values (79, 73, 6, 'ESTO ES UN MENSAJE', '2022-08-04 14:46:52');
insert into mensajeMascota (mensajeId, remitenteId, receptorId, mensajeTexto, fechaEnvio) values (80, 5, 56, 'ESTO ES UN MENSAJE', '2022-04-05 20:20:31');
insert into mensajeMascota (mensajeId, remitenteId, receptorId, mensajeTexto, fechaEnvio) values (81, 21, 16, 'ESTO ES UN MENSAJE', '2022-10-18 02:25:38');
insert into mensajeMascota (mensajeId, remitenteId, receptorId, mensajeTexto, fechaEnvio) values (82, 60, 3, 'ESTO ES UN MENSAJE', '2022-12-24 14:58:47');
insert into mensajeMascota (mensajeId, remitenteId, receptorId, mensajeTexto, fechaEnvio) values (83, 32, 87, 'ESTO ES UN MENSAJE', '2022-10-10 08:18:18');
insert into mensajeMascota (mensajeId, remitenteId, receptorId, mensajeTexto, fechaEnvio) values (84, 3, 19, 'ESTO ES UN MENSAJE', '2022-08-08 16:12:51');
insert into mensajeMascota (mensajeId, remitenteId, receptorId, mensajeTexto, fechaEnvio) values (85, 4, 81, 'ESTO ES UN MENSAJE', '2022-09-28 05:53:22');
insert into mensajeMascota (mensajeId, remitenteId, receptorId, mensajeTexto, fechaEnvio) values (86, 53, 41, 'ESTO ES UN MENSAJE', '2022-10-22 14:47:23');
insert into mensajeMascota (mensajeId, remitenteId, receptorId, mensajeTexto, fechaEnvio) values (87, 79, 76, 'ESTO ES UN MENSAJE', '2022-06-15 18:04:49');
insert into mensajeMascota (mensajeId, remitenteId, receptorId, mensajeTexto, fechaEnvio) values (88, 42, 30, 'ESTO ES UN MENSAJE', '2022-03-30 23:04:21');
insert into mensajeMascota (mensajeId, remitenteId, receptorId, mensajeTexto, fechaEnvio) values (89, 50, 66, 'ESTO ES UN MENSAJE', '2023-04-22 05:08:15');
insert into mensajeMascota (mensajeId, remitenteId, receptorId, mensajeTexto, fechaEnvio) values (90, 83, 54, 'ESTO ES UN MENSAJE', '2022-04-20 06:47:16');
insert into mensajeMascota (mensajeId, remitenteId, receptorId, mensajeTexto, fechaEnvio) values (91, 91, 83, 'ESTO ES UN MENSAJE', '2023-08-15 14:36:04');
insert into mensajeMascota (mensajeId, remitenteId, receptorId, mensajeTexto, fechaEnvio) values (92, 85, 45, 'ESTO ES UN MENSAJE', '2022-06-03 11:21:49');
insert into mensajeMascota (mensajeId, remitenteId, receptorId, mensajeTexto, fechaEnvio) values (93, 25, 99, 'ESTO ES UN MENSAJE', '2022-07-28 08:47:21');
insert into mensajeMascota (mensajeId, remitenteId, receptorId, mensajeTexto, fechaEnvio) values (94, 74, 49, 'ESTO ES UN MENSAJE', '2023-02-11 12:19:46');
insert into mensajeMascota (mensajeId, remitenteId, receptorId, mensajeTexto, fechaEnvio) values (95, 64, 78, 'ESTO ES UN MENSAJE', '2022-10-17 14:46:35');
insert into mensajeMascota (mensajeId, remitenteId, receptorId, mensajeTexto, fechaEnvio) values (96, 59, 13, 'ESTO ES UN MENSAJE', '2023-06-29 00:47:01');
insert into mensajeMascota (mensajeId, remitenteId, receptorId, mensajeTexto, fechaEnvio) values (97, 40, 60, 'ESTO ES UN MENSAJE', '2022-04-18 06:48:48');
insert into mensajeMascota (mensajeId, remitenteId, receptorId, mensajeTexto, fechaEnvio) values (98, 5, 80, 'ESTO ES UN MENSAJE', '2023-04-15 19:57:51');
insert into mensajeMascota (mensajeId, remitenteId, receptorId, mensajeTexto, fechaEnvio) values (99, 65, 18, 'ESTO ES UN MENSAJE', '2022-12-21 02:08:42');
insert into mensajeMascota (mensajeId, remitenteId, receptorId, mensajeTexto, fechaEnvio) values (100, 56, 21, 'ESTO ES UN MENSAJE', '2023-03-24 09:41:22');


-- Datos tabla publicacionMascota
insert into publicacionMascota (publicacionMascotaId, mascotaId, descripcion, fechaPublicacion) values (1, 1, 'texto aqui', '2022-12-03 20:50:49');
insert into publicacionMascota (publicacionMascotaId, mascotaId, descripcion, fechaPublicacion) values (2, 2, 'texto aqui', '2023-11-01 06:38:34');
insert into publicacionMascota (publicacionMascotaId, mascotaId, descripcion, fechaPublicacion) values (3, 3, 'texto aqui', '2023-05-25 02:35:55');
insert into publicacionMascota (publicacionMascotaId, mascotaId, descripcion, fechaPublicacion) values (4, 4, 'texto aqui', '2022-03-31 05:25:36');
insert into publicacionMascota (publicacionMascotaId, mascotaId, descripcion, fechaPublicacion) values (5, 5, 'texto aqui', '2022-06-23 18:35:12');
insert into publicacionMascota (publicacionMascotaId, mascotaId, descripcion, fechaPublicacion) values (6, 6, 'texto aqui', '2023-12-03 12:21:14');
insert into publicacionMascota (publicacionMascotaId, mascotaId, descripcion, fechaPublicacion) values (7, 7, 'texto aqui', '2022-11-11 09:02:33');
insert into publicacionMascota (publicacionMascotaId, mascotaId, descripcion, fechaPublicacion) values (8, 8, 'texto aqui', '2023-03-13 00:24:22');
insert into publicacionMascota (publicacionMascotaId, mascotaId, descripcion, fechaPublicacion) values (9, 9, 'texto aqui', '2022-11-01 15:52:51');
insert into publicacionMascota (publicacionMascotaId, mascotaId, descripcion, fechaPublicacion) values (10, 10, 'texto aqui', '2023-02-15 09:32:40');
insert into publicacionMascota (publicacionMascotaId, mascotaId, descripcion, fechaPublicacion) values (11, 11, 'texto aqui', '2023-11-18 09:03:51');
insert into publicacionMascota (publicacionMascotaId, mascotaId, descripcion, fechaPublicacion) values (12, 12, 'texto aqui', '2022-09-22 10:23:43');
insert into publicacionMascota (publicacionMascotaId, mascotaId, descripcion, fechaPublicacion) values (13, 13, 'texto aqui', '2022-06-09 00:27:07');
insert into publicacionMascota (publicacionMascotaId, mascotaId, descripcion, fechaPublicacion) values (14, 14, 'texto aqui', '2023-02-28 21:17:08');
insert into publicacionMascota (publicacionMascotaId, mascotaId, descripcion, fechaPublicacion) values (15, 15, 'texto aqui', '2022-10-15 02:05:45');
insert into publicacionMascota (publicacionMascotaId, mascotaId, descripcion, fechaPublicacion) values (16, 16, 'texto aqui', '2023-05-04 19:52:12');
insert into publicacionMascota (publicacionMascotaId, mascotaId, descripcion, fechaPublicacion) values (17, 17, 'texto aqui', '2023-02-01 07:00:32');
insert into publicacionMascota (publicacionMascotaId, mascotaId, descripcion, fechaPublicacion) values (18, 18, 'texto aqui', '2022-12-02 15:51:38');
insert into publicacionMascota (publicacionMascotaId, mascotaId, descripcion, fechaPublicacion) values (19, 19, 'texto aqui', '2023-07-14 12:15:20');
insert into publicacionMascota (publicacionMascotaId, mascotaId, descripcion, fechaPublicacion) values (20, 20, 'texto aqui', '2023-04-23 03:24:10');
insert into publicacionMascota (publicacionMascotaId, mascotaId, descripcion, fechaPublicacion) values (21, 21, 'texto aqui', '2022-09-26 23:50:34');
insert into publicacionMascota (publicacionMascotaId, mascotaId, descripcion, fechaPublicacion) values (22, 22, 'texto aqui', '2023-12-12 16:22:03');
insert into publicacionMascota (publicacionMascotaId, mascotaId, descripcion, fechaPublicacion) values (23, 23, 'texto aqui', '2023-07-13 10:12:56');
insert into publicacionMascota (publicacionMascotaId, mascotaId, descripcion, fechaPublicacion) values (24, 24, 'texto aqui', '2022-04-11 22:37:57');
insert into publicacionMascota (publicacionMascotaId, mascotaId, descripcion, fechaPublicacion) values (25, 25, 'texto aqui', '2023-08-05 15:31:38');
insert into publicacionMascota (publicacionMascotaId, mascotaId, descripcion, fechaPublicacion) values (26, 26, 'texto aqui', '2022-08-28 16:04:36');
insert into publicacionMascota (publicacionMascotaId, mascotaId, descripcion, fechaPublicacion) values (27, 27, 'texto aqui', '2022-06-04 15:14:10');
insert into publicacionMascota (publicacionMascotaId, mascotaId, descripcion, fechaPublicacion) values (28, 28, 'texto aqui', '2022-03-10 19:20:33');
insert into publicacionMascota (publicacionMascotaId, mascotaId, descripcion, fechaPublicacion) values (29, 29, 'texto aqui', '2022-06-22 00:40:46');
insert into publicacionMascota (publicacionMascotaId, mascotaId, descripcion, fechaPublicacion) values (30, 30, 'texto aqui', '2022-05-20 07:17:56');
insert into publicacionMascota (publicacionMascotaId, mascotaId, descripcion, fechaPublicacion) values (31, 31, 'texto aqui', '2023-04-16 11:17:34');
insert into publicacionMascota (publicacionMascotaId, mascotaId, descripcion, fechaPublicacion) values (32, 32, 'texto aqui', '2023-05-10 09:59:40');
insert into publicacionMascota (publicacionMascotaId, mascotaId, descripcion, fechaPublicacion) values (33, 33, 'texto aqui', '2022-03-22 18:22:20');
insert into publicacionMascota (publicacionMascotaId, mascotaId, descripcion, fechaPublicacion) values (34, 34, 'texto aqui', '2022-11-07 13:26:23');
insert into publicacionMascota (publicacionMascotaId, mascotaId, descripcion, fechaPublicacion) values (35, 35, 'texto aqui', '2022-07-09 10:27:51');
insert into publicacionMascota (publicacionMascotaId, mascotaId, descripcion, fechaPublicacion) values (36, 36, 'texto aqui', '2023-06-24 00:36:20');
insert into publicacionMascota (publicacionMascotaId, mascotaId, descripcion, fechaPublicacion) values (37, 37, 'texto aqui', '2023-02-18 21:42:12');
insert into publicacionMascota (publicacionMascotaId, mascotaId, descripcion, fechaPublicacion) values (38, 38, 'texto aqui', '2022-04-18 19:36:27');
insert into publicacionMascota (publicacionMascotaId, mascotaId, descripcion, fechaPublicacion) values (39, 39, 'texto aqui', '2022-07-20 03:17:46');
insert into publicacionMascota (publicacionMascotaId, mascotaId, descripcion, fechaPublicacion) values (40, 40, 'texto aqui', '2022-09-24 15:07:59');
insert into publicacionMascota (publicacionMascotaId, mascotaId, descripcion, fechaPublicacion) values (41, 41, 'texto aqui', '2022-01-03 23:20:55');
insert into publicacionMascota (publicacionMascotaId, mascotaId, descripcion, fechaPublicacion) values (42, 42, 'texto aqui', '2022-10-22 19:02:03');
insert into publicacionMascota (publicacionMascotaId, mascotaId, descripcion, fechaPublicacion) values (43, 43, 'texto aqui', '2022-02-19 11:52:48');
insert into publicacionMascota (publicacionMascotaId, mascotaId, descripcion, fechaPublicacion) values (44, 44, 'texto aqui', '2023-11-08 13:31:16');
insert into publicacionMascota (publicacionMascotaId, mascotaId, descripcion, fechaPublicacion) values (45, 45, 'texto aqui', '2023-05-17 04:41:49');
insert into publicacionMascota (publicacionMascotaId, mascotaId, descripcion, fechaPublicacion) values (46, 46, 'texto aqui', '2023-03-06 00:36:54');
insert into publicacionMascota (publicacionMascotaId, mascotaId, descripcion, fechaPublicacion) values (47, 47, 'texto aqui', '2023-10-28 01:33:57');
insert into publicacionMascota (publicacionMascotaId, mascotaId, descripcion, fechaPublicacion) values (48, 48, 'texto aqui', '2022-08-06 15:00:27');
insert into publicacionMascota (publicacionMascotaId, mascotaId, descripcion, fechaPublicacion) values (49, 49, 'texto aqui', '2022-10-12 00:11:18');
insert into publicacionMascota (publicacionMascotaId, mascotaId, descripcion, fechaPublicacion) values (50, 50, 'texto aqui', '2023-04-24 01:33:58');

-- Datos tabla multimediaMascota
insert into multimediaMascota (multimediaMascotaId, publicacionMascotaId, url) values (1, 1, 'http://dummyimage.com/123x100.png/cc0000/ffffff');
insert into multimediaMascota (multimediaMascotaId, publicacionMascotaId, url) values (2, 2, 'http://dummyimage.com/247x100.png/cc0000/ffffff');
insert into multimediaMascota (multimediaMascotaId, publicacionMascotaId, url) values (3, 3, 'http://dummyimage.com/205x100.png/ff4444/ffffff');
insert into multimediaMascota (multimediaMascotaId, publicacionMascotaId, url) values (4, 4, 'http://dummyimage.com/245x100.png/cc0000/ffffff');
insert into multimediaMascota (multimediaMascotaId, publicacionMascotaId, url) values (5, 5, 'http://dummyimage.com/147x100.png/dddddd/000000');
insert into multimediaMascota (multimediaMascotaId, publicacionMascotaId, url) values (6, 6, 'http://dummyimage.com/243x100.png/dddddd/000000');
insert into multimediaMascota (multimediaMascotaId, publicacionMascotaId, url) values (7, 7, 'http://dummyimage.com/156x100.png/cc0000/ffffff');
insert into multimediaMascota (multimediaMascotaId, publicacionMascotaId, url) values (8, 8, 'http://dummyimage.com/177x100.png/5fa2dd/ffffff');
insert into multimediaMascota (multimediaMascotaId, publicacionMascotaId, url) values (9, 9, 'http://dummyimage.com/215x100.png/dddddd/000000');
insert into multimediaMascota (multimediaMascotaId, publicacionMascotaId, url) values (10, 10, 'http://dummyimage.com/100x100.png/cc0000/ffffff');
insert into multimediaMascota (multimediaMascotaId, publicacionMascotaId, url) values (11, 11, 'http://dummyimage.com/152x100.png/cc0000/ffffff');
insert into multimediaMascota (multimediaMascotaId, publicacionMascotaId, url) values (12, 12, 'http://dummyimage.com/197x100.png/cc0000/ffffff');
insert into multimediaMascota (multimediaMascotaId, publicacionMascotaId, url) values (13, 13, 'http://dummyimage.com/156x100.png/cc0000/ffffff');
insert into multimediaMascota (multimediaMascotaId, publicacionMascotaId, url) values (14, 14, 'http://dummyimage.com/138x100.png/cc0000/ffffff');
insert into multimediaMascota (multimediaMascotaId, publicacionMascotaId, url) values (15, 15, 'http://dummyimage.com/126x100.png/dddddd/000000');
insert into multimediaMascota (multimediaMascotaId, publicacionMascotaId, url) values (16, 16, 'http://dummyimage.com/183x100.png/dddddd/000000');
insert into multimediaMascota (multimediaMascotaId, publicacionMascotaId, url) values (17, 17, 'http://dummyimage.com/179x100.png/ff4444/ffffff');
insert into multimediaMascota (multimediaMascotaId, publicacionMascotaId, url) values (18, 18, 'http://dummyimage.com/191x100.png/dddddd/000000');
insert into multimediaMascota (multimediaMascotaId, publicacionMascotaId, url) values (19, 19, 'http://dummyimage.com/159x100.png/dddddd/000000');
insert into multimediaMascota (multimediaMascotaId, publicacionMascotaId, url) values (20, 20, 'http://dummyimage.com/165x100.png/cc0000/ffffff');
insert into multimediaMascota (multimediaMascotaId, publicacionMascotaId, url) values (21, 21, 'http://dummyimage.com/128x100.png/5fa2dd/ffffff');
insert into multimediaMascota (multimediaMascotaId, publicacionMascotaId, url) values (22, 22, 'http://dummyimage.com/161x100.png/dddddd/000000');
insert into multimediaMascota (multimediaMascotaId, publicacionMascotaId, url) values (23, 23, 'http://dummyimage.com/249x100.png/ff4444/ffffff');
insert into multimediaMascota (multimediaMascotaId, publicacionMascotaId, url) values (24, 24, 'http://dummyimage.com/219x100.png/5fa2dd/ffffff');
insert into multimediaMascota (multimediaMascotaId, publicacionMascotaId, url) values (25, 25, 'http://dummyimage.com/148x100.png/dddddd/000000');
insert into multimediaMascota (multimediaMascotaId, publicacionMascotaId, url) values (26, 26, 'http://dummyimage.com/248x100.png/cc0000/ffffff');
insert into multimediaMascota (multimediaMascotaId, publicacionMascotaId, url) values (27, 27, 'http://dummyimage.com/181x100.png/5fa2dd/ffffff');
insert into multimediaMascota (multimediaMascotaId, publicacionMascotaId, url) values (28, 28, 'http://dummyimage.com/241x100.png/5fa2dd/ffffff');
insert into multimediaMascota (multimediaMascotaId, publicacionMascotaId, url) values (29, 29, 'http://dummyimage.com/151x100.png/dddddd/000000');
insert into multimediaMascota (multimediaMascotaId, publicacionMascotaId, url) values (30, 30, 'http://dummyimage.com/133x100.png/cc0000/ffffff');
insert into multimediaMascota (multimediaMascotaId, publicacionMascotaId, url) values (31, 31, 'http://dummyimage.com/107x100.png/5fa2dd/ffffff');
insert into multimediaMascota (multimediaMascotaId, publicacionMascotaId, url) values (32, 32, 'http://dummyimage.com/168x100.png/ff4444/ffffff');
insert into multimediaMascota (multimediaMascotaId, publicacionMascotaId, url) values (33, 33, 'http://dummyimage.com/181x100.png/5fa2dd/ffffff');
insert into multimediaMascota (multimediaMascotaId, publicacionMascotaId, url) values (34, 34, 'http://dummyimage.com/202x100.png/dddddd/000000');
insert into multimediaMascota (multimediaMascotaId, publicacionMascotaId, url) values (35, 35, 'http://dummyimage.com/248x100.png/ff4444/ffffff');
insert into multimediaMascota (multimediaMascotaId, publicacionMascotaId, url) values (36, 36, 'http://dummyimage.com/152x100.png/cc0000/ffffff');
insert into multimediaMascota (multimediaMascotaId, publicacionMascotaId, url) values (37, 37, 'http://dummyimage.com/202x100.png/ff4444/ffffff');
insert into multimediaMascota (multimediaMascotaId, publicacionMascotaId, url) values (38, 38, 'http://dummyimage.com/109x100.png/cc0000/ffffff');
insert into multimediaMascota (multimediaMascotaId, publicacionMascotaId, url) values (39, 39, 'http://dummyimage.com/144x100.png/dddddd/000000');
insert into multimediaMascota (multimediaMascotaId, publicacionMascotaId, url) values (40, 40, 'http://dummyimage.com/193x100.png/dddddd/000000');
insert into multimediaMascota (multimediaMascotaId, publicacionMascotaId, url) values (41, 41, 'http://dummyimage.com/235x100.png/5fa2dd/ffffff');
insert into multimediaMascota (multimediaMascotaId, publicacionMascotaId, url) values (42, 42, 'http://dummyimage.com/143x100.png/cc0000/ffffff');
insert into multimediaMascota (multimediaMascotaId, publicacionMascotaId, url) values (43, 43, 'http://dummyimage.com/131x100.png/5fa2dd/ffffff');
insert into multimediaMascota (multimediaMascotaId, publicacionMascotaId, url) values (44, 44, 'http://dummyimage.com/150x100.png/ff4444/ffffff');
insert into multimediaMascota (multimediaMascotaId, publicacionMascotaId, url) values (45, 45, 'http://dummyimage.com/146x100.png/dddddd/000000');
insert into multimediaMascota (multimediaMascotaId, publicacionMascotaId, url) values (46, 46, 'http://dummyimage.com/176x100.png/5fa2dd/ffffff');
insert into multimediaMascota (multimediaMascotaId, publicacionMascotaId, url) values (47, 47, 'http://dummyimage.com/176x100.png/cc0000/ffffff');
insert into multimediaMascota (multimediaMascotaId, publicacionMascotaId, url) values (48, 48, 'http://dummyimage.com/135x100.png/cc0000/ffffff');
insert into multimediaMascota (multimediaMascotaId, publicacionMascotaId, url) values (49, 49, 'http://dummyimage.com/228x100.png/cc0000/ffffff');
insert into multimediaMascota (multimediaMascotaId, publicacionMascotaId, url) values (50, 50, 'http://dummyimage.com/241x100.png/5fa2dd/ffffff');

-- Datos reaccionPubicacionMascota
insert into reaccionPubicacionMascota (reaccionPubicacionMascotaId, publicacionMascotaId, mascotaId, tipoReaccion, fechaReaccion) values (1, 6, 1, 'Me asombra', '2023-11-14 11:26:18');
insert into reaccionPubicacionMascota (reaccionPubicacionMascotaId, publicacionMascotaId, mascotaId, tipoReaccion, fechaReaccion) values (2, 26, 2, 'Me enoja', '2022-04-27 09:26:15');
insert into reaccionPubicacionMascota (reaccionPubicacionMascotaId, publicacionMascotaId, mascotaId, tipoReaccion, fechaReaccion) values (3, 11, 3, 'Me divierte', '2022-11-10 18:24:33');
insert into reaccionPubicacionMascota (reaccionPubicacionMascotaId, publicacionMascotaId, mascotaId, tipoReaccion, fechaReaccion) values (4, 32, 4, 'Me entristece', '2022-10-23 04:33:57');
insert into reaccionPubicacionMascota (reaccionPubicacionMascotaId, publicacionMascotaId, mascotaId, tipoReaccion, fechaReaccion) values (5, 17, 5, 'Me importa', '2022-01-15 06:30:20');
insert into reaccionPubicacionMascota (reaccionPubicacionMascotaId, publicacionMascotaId, mascotaId, tipoReaccion, fechaReaccion) values (6, 24, 6, 'Me divierte', '2022-08-17 20:56:35');
insert into reaccionPubicacionMascota (reaccionPubicacionMascotaId, publicacionMascotaId, mascotaId, tipoReaccion, fechaReaccion) values (7, 20, 7, 'Me enoja', '2023-09-10 16:03:22');
insert into reaccionPubicacionMascota (reaccionPubicacionMascotaId, publicacionMascotaId, mascotaId, tipoReaccion, fechaReaccion) values (8, 14, 8, 'Me importa', '2022-01-04 09:23:06');
insert into reaccionPubicacionMascota (reaccionPubicacionMascotaId, publicacionMascotaId, mascotaId, tipoReaccion, fechaReaccion) values (9, 49, 9, 'Me entristece', '2023-11-09 04:11:35');
insert into reaccionPubicacionMascota (reaccionPubicacionMascotaId, publicacionMascotaId, mascotaId, tipoReaccion, fechaReaccion) values (10, 15, 10, 'Me enoja', '2022-06-02 10:16:32');
insert into reaccionPubicacionMascota (reaccionPubicacionMascotaId, publicacionMascotaId, mascotaId, tipoReaccion, fechaReaccion) values (11, 37, 11, 'Me entristece', '2023-09-04 02:34:48');
insert into reaccionPubicacionMascota (reaccionPubicacionMascotaId, publicacionMascotaId, mascotaId, tipoReaccion, fechaReaccion) values (12, 32, 12, 'Me asombra', '2022-03-04 16:16:47');
insert into reaccionPubicacionMascota (reaccionPubicacionMascotaId, publicacionMascotaId, mascotaId, tipoReaccion, fechaReaccion) values (13, 31, 13, 'Me gusta', '2023-10-16 22:49:38');
insert into reaccionPubicacionMascota (reaccionPubicacionMascotaId, publicacionMascotaId, mascotaId, tipoReaccion, fechaReaccion) values (14, 8, 14, 'Me importa', '2023-01-28 14:10:52');
insert into reaccionPubicacionMascota (reaccionPubicacionMascotaId, publicacionMascotaId, mascotaId, tipoReaccion, fechaReaccion) values (15, 47, 15, 'Me encanta', '2022-06-29 20:59:23');
insert into reaccionPubicacionMascota (reaccionPubicacionMascotaId, publicacionMascotaId, mascotaId, tipoReaccion, fechaReaccion) values (16, 34, 16, 'Me gusta', '2022-07-25 08:17:35');
insert into reaccionPubicacionMascota (reaccionPubicacionMascotaId, publicacionMascotaId, mascotaId, tipoReaccion, fechaReaccion) values (17, 11, 17, 'Me asombra', '2023-11-18 05:46:16');
insert into reaccionPubicacionMascota (reaccionPubicacionMascotaId, publicacionMascotaId, mascotaId, tipoReaccion, fechaReaccion) values (18, 33, 18, 'Me importa', '2023-04-26 02:40:03');
insert into reaccionPubicacionMascota (reaccionPubicacionMascotaId, publicacionMascotaId, mascotaId, tipoReaccion, fechaReaccion) values (19, 49, 19, 'Me gusta', '2023-11-06 19:13:16');
insert into reaccionPubicacionMascota (reaccionPubicacionMascotaId, publicacionMascotaId, mascotaId, tipoReaccion, fechaReaccion) values (20, 11, 20, 'Me asombra', '2023-06-22 15:11:44');
insert into reaccionPubicacionMascota (reaccionPubicacionMascotaId, publicacionMascotaId, mascotaId, tipoReaccion, fechaReaccion) values (21, 44, 21, 'Me divierte', '2023-10-10 02:50:02');
insert into reaccionPubicacionMascota (reaccionPubicacionMascotaId, publicacionMascotaId, mascotaId, tipoReaccion, fechaReaccion) values (22, 33, 22, 'Me gusta', '2022-06-05 11:27:05');
insert into reaccionPubicacionMascota (reaccionPubicacionMascotaId, publicacionMascotaId, mascotaId, tipoReaccion, fechaReaccion) values (23, 36, 23, 'Me divierte', '2023-11-05 02:43:33');
insert into reaccionPubicacionMascota (reaccionPubicacionMascotaId, publicacionMascotaId, mascotaId, tipoReaccion, fechaReaccion) values (24, 7, 24, 'Me entristece', '2023-09-26 16:25:55');
insert into reaccionPubicacionMascota (reaccionPubicacionMascotaId, publicacionMascotaId, mascotaId, tipoReaccion, fechaReaccion) values (25, 43, 25, 'Me enoja', '2023-10-06 08:52:37');
insert into reaccionPubicacionMascota (reaccionPubicacionMascotaId, publicacionMascotaId, mascotaId, tipoReaccion, fechaReaccion) values (26, 32, 26, 'Me gusta', '2023-01-07 01:18:49');
insert into reaccionPubicacionMascota (reaccionPubicacionMascotaId, publicacionMascotaId, mascotaId, tipoReaccion, fechaReaccion) values (27, 34, 27, 'Me gusta', '2022-09-18 22:16:49');
insert into reaccionPubicacionMascota (reaccionPubicacionMascotaId, publicacionMascotaId, mascotaId, tipoReaccion, fechaReaccion) values (28, 35, 28, 'Me importa', '2022-09-30 15:47:40');
insert into reaccionPubicacionMascota (reaccionPubicacionMascotaId, publicacionMascotaId, mascotaId, tipoReaccion, fechaReaccion) values (29, 25, 29, 'Me entristece', '2023-10-22 06:36:58');
insert into reaccionPubicacionMascota (reaccionPubicacionMascotaId, publicacionMascotaId, mascotaId, tipoReaccion, fechaReaccion) values (30, 25, 30, 'Me entristece', '2023-07-17 05:16:00');
insert into reaccionPubicacionMascota (reaccionPubicacionMascotaId, publicacionMascotaId, mascotaId, tipoReaccion, fechaReaccion) values (31, 23, 31, 'Me asombra', '2023-06-16 06:55:50');
insert into reaccionPubicacionMascota (reaccionPubicacionMascotaId, publicacionMascotaId, mascotaId, tipoReaccion, fechaReaccion) values (32, 12, 32, 'Me asombra', '2022-07-28 02:33:14');
insert into reaccionPubicacionMascota (reaccionPubicacionMascotaId, publicacionMascotaId, mascotaId, tipoReaccion, fechaReaccion) values (33, 44, 33, 'Me enoja', '2023-03-16 11:41:46');
insert into reaccionPubicacionMascota (reaccionPubicacionMascotaId, publicacionMascotaId, mascotaId, tipoReaccion, fechaReaccion) values (34, 7, 34, 'Me asombra', '2023-10-13 05:16:59');
insert into reaccionPubicacionMascota (reaccionPubicacionMascotaId, publicacionMascotaId, mascotaId, tipoReaccion, fechaReaccion) values (35, 27, 35, 'Me divierte', '2023-09-16 06:13:50');
insert into reaccionPubicacionMascota (reaccionPubicacionMascotaId, publicacionMascotaId, mascotaId, tipoReaccion, fechaReaccion) values (36, 27, 36, 'Me divierte', '2022-05-28 05:33:48');
insert into reaccionPubicacionMascota (reaccionPubicacionMascotaId, publicacionMascotaId, mascotaId, tipoReaccion, fechaReaccion) values (37, 11, 37, 'Me encanta', '2022-07-20 11:58:35');
insert into reaccionPubicacionMascota (reaccionPubicacionMascotaId, publicacionMascotaId, mascotaId, tipoReaccion, fechaReaccion) values (38, 44, 38, 'Me asombra', '2023-04-07 07:14:06');
insert into reaccionPubicacionMascota (reaccionPubicacionMascotaId, publicacionMascotaId, mascotaId, tipoReaccion, fechaReaccion) values (39, 12, 39, 'Me importa', '2023-05-30 12:33:54');
insert into reaccionPubicacionMascota (reaccionPubicacionMascotaId, publicacionMascotaId, mascotaId, tipoReaccion, fechaReaccion) values (40, 45, 40, 'Me divierte', '2023-07-14 20:15:32');
insert into reaccionPubicacionMascota (reaccionPubicacionMascotaId, publicacionMascotaId, mascotaId, tipoReaccion, fechaReaccion) values (41, 6, 41, 'Me asombra', '2022-01-19 09:56:26');
insert into reaccionPubicacionMascota (reaccionPubicacionMascotaId, publicacionMascotaId, mascotaId, tipoReaccion, fechaReaccion) values (42, 16, 42, 'Me entristece', '2022-09-28 09:36:53');
insert into reaccionPubicacionMascota (reaccionPubicacionMascotaId, publicacionMascotaId, mascotaId, tipoReaccion, fechaReaccion) values (43, 42, 43, 'Me gusta', '2022-02-18 07:36:40');
insert into reaccionPubicacionMascota (reaccionPubicacionMascotaId, publicacionMascotaId, mascotaId, tipoReaccion, fechaReaccion) values (44, 1, 44, 'Me encanta', '2023-02-12 10:57:49');
insert into reaccionPubicacionMascota (reaccionPubicacionMascotaId, publicacionMascotaId, mascotaId, tipoReaccion, fechaReaccion) values (45, 34, 45, 'Me enoja', '2022-08-31 10:41:44');
insert into reaccionPubicacionMascota (reaccionPubicacionMascotaId, publicacionMascotaId, mascotaId, tipoReaccion, fechaReaccion) values (46, 32, 46, 'Me importa', '2023-11-14 07:43:15');
insert into reaccionPubicacionMascota (reaccionPubicacionMascotaId, publicacionMascotaId, mascotaId, tipoReaccion, fechaReaccion) values (47, 36, 47, 'Me importa', '2023-02-17 17:22:40');
insert into reaccionPubicacionMascota (reaccionPubicacionMascotaId, publicacionMascotaId, mascotaId, tipoReaccion, fechaReaccion) values (48, 16, 48, 'Me importa', '2023-02-16 11:09:39');
insert into reaccionPubicacionMascota (reaccionPubicacionMascotaId, publicacionMascotaId, mascotaId, tipoReaccion, fechaReaccion) values (49, 5, 49, 'Me gusta', '2022-07-06 07:34:49');
insert into reaccionPubicacionMascota (reaccionPubicacionMascotaId, publicacionMascotaId, mascotaId, tipoReaccion, fechaReaccion) values (50, 2, 50, 'Me divierte', '2023-04-03 16:04:52');

-- Datos tabla comentarioPublicacionMascota
insert into comentarioPublicacionMascota (comentarioPublicacionMascotaId, publicacionMascotaId, mascotaId, contenido, fechaComentario) values (1, 2, 41, 'soy un comentario', '2023-09-03 00:36:31');
insert into comentarioPublicacionMascota (comentarioPublicacionMascotaId, publicacionMascotaId, mascotaId, contenido, fechaComentario) values (2, 2, 9, 'soy un comentario', '2023-10-21 00:56:00');
insert into comentarioPublicacionMascota (comentarioPublicacionMascotaId, publicacionMascotaId, mascotaId, contenido, fechaComentario) values (3, 8, 41, 'soy un comentario', '2023-02-21 06:52:05');
insert into comentarioPublicacionMascota (comentarioPublicacionMascotaId, publicacionMascotaId, mascotaId, contenido, fechaComentario) values (4, 38, 1, 'soy un comentario', '2022-08-01 12:07:43');
insert into comentarioPublicacionMascota (comentarioPublicacionMascotaId, publicacionMascotaId, mascotaId, contenido, fechaComentario) values (5, 25, 89, 'soy un comentario', '2022-01-21 01:18:49');
insert into comentarioPublicacionMascota (comentarioPublicacionMascotaId, publicacionMascotaId, mascotaId, contenido, fechaComentario) values (6, 19, 10, 'soy un comentario', '2023-01-23 03:03:33');
insert into comentarioPublicacionMascota (comentarioPublicacionMascotaId, publicacionMascotaId, mascotaId, contenido, fechaComentario) values (7, 33, 1, 'soy un comentario', '2022-02-13 16:34:29');
insert into comentarioPublicacionMascota (comentarioPublicacionMascotaId, publicacionMascotaId, mascotaId, contenido, fechaComentario) values (8, 18, 2, 'soy un comentario', '2023-01-18 21:18:23');
insert into comentarioPublicacionMascota (comentarioPublicacionMascotaId, publicacionMascotaId, mascotaId, contenido, fechaComentario) values (9, 21, 69, 'soy un comentario', '2022-01-29 18:00:28');
insert into comentarioPublicacionMascota (comentarioPublicacionMascotaId, publicacionMascotaId, mascotaId, contenido, fechaComentario) values (10, 24, 63, 'soy un comentario', '2023-11-18 21:32:30');
insert into comentarioPublicacionMascota (comentarioPublicacionMascotaId, publicacionMascotaId, mascotaId, contenido, fechaComentario) values (11, 50, 33, 'soy un comentario', '2023-05-03 17:01:07');
insert into comentarioPublicacionMascota (comentarioPublicacionMascotaId, publicacionMascotaId, mascotaId, contenido, fechaComentario) values (12, 34, 62, 'soy un comentario', '2023-05-12 01:55:27');
insert into comentarioPublicacionMascota (comentarioPublicacionMascotaId, publicacionMascotaId, mascotaId, contenido, fechaComentario) values (13, 12, 88, 'soy un comentario', '2022-12-17 00:42:05');
insert into comentarioPublicacionMascota (comentarioPublicacionMascotaId, publicacionMascotaId, mascotaId, contenido, fechaComentario) values (14, 39, 16, 'soy un comentario', '2022-11-21 15:06:38');
insert into comentarioPublicacionMascota (comentarioPublicacionMascotaId, publicacionMascotaId, mascotaId, contenido, fechaComentario) values (15, 42, 50, 'soy un comentario', '2022-11-17 05:16:43');
insert into comentarioPublicacionMascota (comentarioPublicacionMascotaId, publicacionMascotaId, mascotaId, contenido, fechaComentario) values (16, 18, 83, 'soy un comentario', '2022-03-31 06:31:08');
insert into comentarioPublicacionMascota (comentarioPublicacionMascotaId, publicacionMascotaId, mascotaId, contenido, fechaComentario) values (17, 42, 50, 'soy un comentario', '2023-07-30 12:12:22');
insert into comentarioPublicacionMascota (comentarioPublicacionMascotaId, publicacionMascotaId, mascotaId, contenido, fechaComentario) values (18, 39, 24, 'soy un comentario', '2023-09-28 12:43:00');
insert into comentarioPublicacionMascota (comentarioPublicacionMascotaId, publicacionMascotaId, mascotaId, contenido, fechaComentario) values (19, 10, 4, 'soy un comentario', '2022-06-05 21:52:44');
insert into comentarioPublicacionMascota (comentarioPublicacionMascotaId, publicacionMascotaId, mascotaId, contenido, fechaComentario) values (20, 31, 57, 'soy un comentario', '2023-05-05 02:40:39');
insert into comentarioPublicacionMascota (comentarioPublicacionMascotaId, publicacionMascotaId, mascotaId, contenido, fechaComentario) values (21, 11, 36, 'soy un comentario', '2022-10-16 03:18:27');
insert into comentarioPublicacionMascota (comentarioPublicacionMascotaId, publicacionMascotaId, mascotaId, contenido, fechaComentario) values (22, 17, 88, 'soy un comentario', '2023-12-09 21:33:29');
insert into comentarioPublicacionMascota (comentarioPublicacionMascotaId, publicacionMascotaId, mascotaId, contenido, fechaComentario) values (23, 6, 32, 'soy un comentario', '2023-12-18 00:45:11');
insert into comentarioPublicacionMascota (comentarioPublicacionMascotaId, publicacionMascotaId, mascotaId, contenido, fechaComentario) values (24, 37, 96, 'soy un comentario', '2023-04-05 15:19:08');
insert into comentarioPublicacionMascota (comentarioPublicacionMascotaId, publicacionMascotaId, mascotaId, contenido, fechaComentario) values (25, 38, 85, 'soy un comentario', '2023-01-28 11:49:04');
insert into comentarioPublicacionMascota (comentarioPublicacionMascotaId, publicacionMascotaId, mascotaId, contenido, fechaComentario) values (26, 6, 63, 'soy un comentario', '2023-12-20 14:50:21');
insert into comentarioPublicacionMascota (comentarioPublicacionMascotaId, publicacionMascotaId, mascotaId, contenido, fechaComentario) values (27, 49, 69, 'soy un comentario', '2023-11-04 08:21:45');
insert into comentarioPublicacionMascota (comentarioPublicacionMascotaId, publicacionMascotaId, mascotaId, contenido, fechaComentario) values (28, 6, 30, 'soy un comentario', '2022-06-07 08:13:33');
insert into comentarioPublicacionMascota (comentarioPublicacionMascotaId, publicacionMascotaId, mascotaId, contenido, fechaComentario) values (29, 45, 26, 'soy un comentario', '2022-04-29 05:08:05');
insert into comentarioPublicacionMascota (comentarioPublicacionMascotaId, publicacionMascotaId, mascotaId, contenido, fechaComentario) values (30, 40, 8, 'soy un comentario', '2023-01-01 18:55:23');
insert into comentarioPublicacionMascota (comentarioPublicacionMascotaId, publicacionMascotaId, mascotaId, contenido, fechaComentario) values (31, 14, 52, 'soy un comentario', '2022-10-01 20:02:09');
insert into comentarioPublicacionMascota (comentarioPublicacionMascotaId, publicacionMascotaId, mascotaId, contenido, fechaComentario) values (32, 42, 62, 'soy un comentario', '2023-08-27 02:23:18');
insert into comentarioPublicacionMascota (comentarioPublicacionMascotaId, publicacionMascotaId, mascotaId, contenido, fechaComentario) values (33, 34, 18, 'soy un comentario', '2022-07-30 11:06:24');
insert into comentarioPublicacionMascota (comentarioPublicacionMascotaId, publicacionMascotaId, mascotaId, contenido, fechaComentario) values (34, 26, 58, 'soy un comentario', '2022-05-20 20:05:41');
insert into comentarioPublicacionMascota (comentarioPublicacionMascotaId, publicacionMascotaId, mascotaId, contenido, fechaComentario) values (35, 50, 61, 'soy un comentario', '2023-10-09 18:51:56');
insert into comentarioPublicacionMascota (comentarioPublicacionMascotaId, publicacionMascotaId, mascotaId, contenido, fechaComentario) values (36, 40, 78, 'soy un comentario', '2022-08-23 13:08:49');
insert into comentarioPublicacionMascota (comentarioPublicacionMascotaId, publicacionMascotaId, mascotaId, contenido, fechaComentario) values (37, 15, 89, 'soy un comentario', '2023-06-14 10:57:52');
insert into comentarioPublicacionMascota (comentarioPublicacionMascotaId, publicacionMascotaId, mascotaId, contenido, fechaComentario) values (38, 19, 42, 'soy un comentario', '2022-07-17 19:42:52');
insert into comentarioPublicacionMascota (comentarioPublicacionMascotaId, publicacionMascotaId, mascotaId, contenido, fechaComentario) values (39, 10, 96, 'soy un comentario', '2023-01-07 13:51:32');
insert into comentarioPublicacionMascota (comentarioPublicacionMascotaId, publicacionMascotaId, mascotaId, contenido, fechaComentario) values (40, 24, 80, 'soy un comentario', '2023-07-30 06:57:19');
insert into comentarioPublicacionMascota (comentarioPublicacionMascotaId, publicacionMascotaId, mascotaId, contenido, fechaComentario) values (41, 18, 47, 'soy un comentario', '2023-04-19 07:35:49');
insert into comentarioPublicacionMascota (comentarioPublicacionMascotaId, publicacionMascotaId, mascotaId, contenido, fechaComentario) values (42, 47, 91, 'soy un comentario', '2022-07-23 12:24:14');
insert into comentarioPublicacionMascota (comentarioPublicacionMascotaId, publicacionMascotaId, mascotaId, contenido, fechaComentario) values (43, 22, 33, 'soy un comentario', '2023-08-11 11:11:55');
insert into comentarioPublicacionMascota (comentarioPublicacionMascotaId, publicacionMascotaId, mascotaId, contenido, fechaComentario) values (44, 20, 22, 'soy un comentario', '2022-10-12 23:09:39');
insert into comentarioPublicacionMascota (comentarioPublicacionMascotaId, publicacionMascotaId, mascotaId, contenido, fechaComentario) values (45, 23, 43, 'soy un comentario', '2023-05-01 22:10:49');
insert into comentarioPublicacionMascota (comentarioPublicacionMascotaId, publicacionMascotaId, mascotaId, contenido, fechaComentario) values (46, 31, 28, 'soy un comentario', '2023-08-19 15:04:21');
insert into comentarioPublicacionMascota (comentarioPublicacionMascotaId, publicacionMascotaId, mascotaId, contenido, fechaComentario) values (47, 27, 10, 'soy un comentario', '2023-05-16 21:43:47');
insert into comentarioPublicacionMascota (comentarioPublicacionMascotaId, publicacionMascotaId, mascotaId, contenido, fechaComentario) values (48, 37, 30, 'soy un comentario', '2022-03-22 22:47:22');
insert into comentarioPublicacionMascota (comentarioPublicacionMascotaId, publicacionMascotaId, mascotaId, contenido, fechaComentario) values (49, 45, 71, 'soy un comentario', '2022-05-20 18:28:04');
insert into comentarioPublicacionMascota (comentarioPublicacionMascotaId, publicacionMascotaId, mascotaId, contenido, fechaComentario) values (50, 19, 63, 'soy un comentario', '2022-10-09 17:55:10');
insert into comentarioPublicacionMascota (comentarioPublicacionMascotaId, publicacionMascotaId, mascotaId, contenido, fechaComentario) values (51, 37, 17, 'soy un comentario', '2023-05-13 20:45:53');
insert into comentarioPublicacionMascota (comentarioPublicacionMascotaId, publicacionMascotaId, mascotaId, contenido, fechaComentario) values (52, 1, 58, 'soy un comentario', '2022-10-28 19:20:09');
insert into comentarioPublicacionMascota (comentarioPublicacionMascotaId, publicacionMascotaId, mascotaId, contenido, fechaComentario) values (53, 46, 11, 'soy un comentario', '2023-08-16 09:32:33');
insert into comentarioPublicacionMascota (comentarioPublicacionMascotaId, publicacionMascotaId, mascotaId, contenido, fechaComentario) values (54, 49, 87, 'soy un comentario', '2023-03-21 18:33:23');
insert into comentarioPublicacionMascota (comentarioPublicacionMascotaId, publicacionMascotaId, mascotaId, contenido, fechaComentario) values (55, 42, 72, 'soy un comentario', '2022-02-11 18:52:31');
insert into comentarioPublicacionMascota (comentarioPublicacionMascotaId, publicacionMascotaId, mascotaId, contenido, fechaComentario) values (56, 14, 69, 'soy un comentario', '2023-09-13 01:31:36');
insert into comentarioPublicacionMascota (comentarioPublicacionMascotaId, publicacionMascotaId, mascotaId, contenido, fechaComentario) values (57, 50, 64, 'soy un comentario', '2023-09-15 18:57:02');
insert into comentarioPublicacionMascota (comentarioPublicacionMascotaId, publicacionMascotaId, mascotaId, contenido, fechaComentario) values (58, 25, 7, 'soy un comentario', '2023-09-03 10:22:23');
insert into comentarioPublicacionMascota (comentarioPublicacionMascotaId, publicacionMascotaId, mascotaId, contenido, fechaComentario) values (59, 41, 64, 'soy un comentario', '2022-02-26 04:14:24');
insert into comentarioPublicacionMascota (comentarioPublicacionMascotaId, publicacionMascotaId, mascotaId, contenido, fechaComentario) values (60, 11, 49, 'soy un comentario', '2023-02-21 01:29:03');
insert into comentarioPublicacionMascota (comentarioPublicacionMascotaId, publicacionMascotaId, mascotaId, contenido, fechaComentario) values (61, 48, 15, 'soy un comentario', '2023-08-01 01:58:16');
insert into comentarioPublicacionMascota (comentarioPublicacionMascotaId, publicacionMascotaId, mascotaId, contenido, fechaComentario) values (62, 18, 92, 'soy un comentario', '2022-03-27 21:12:13');
insert into comentarioPublicacionMascota (comentarioPublicacionMascotaId, publicacionMascotaId, mascotaId, contenido, fechaComentario) values (63, 11, 83, 'soy un comentario', '2023-10-25 01:46:00');
insert into comentarioPublicacionMascota (comentarioPublicacionMascotaId, publicacionMascotaId, mascotaId, contenido, fechaComentario) values (64, 11, 37, 'soy un comentario', '2023-05-28 00:43:13');
insert into comentarioPublicacionMascota (comentarioPublicacionMascotaId, publicacionMascotaId, mascotaId, contenido, fechaComentario) values (65, 21, 40, 'soy un comentario', '2022-04-02 11:06:45');
insert into comentarioPublicacionMascota (comentarioPublicacionMascotaId, publicacionMascotaId, mascotaId, contenido, fechaComentario) values (66, 47, 67, 'soy un comentario', '2023-06-03 02:00:33');
insert into comentarioPublicacionMascota (comentarioPublicacionMascotaId, publicacionMascotaId, mascotaId, contenido, fechaComentario) values (67, 40, 93, 'soy un comentario', '2023-06-29 02:10:28');
insert into comentarioPublicacionMascota (comentarioPublicacionMascotaId, publicacionMascotaId, mascotaId, contenido, fechaComentario) values (68, 20, 61, 'soy un comentario', '2022-10-03 08:35:49');
insert into comentarioPublicacionMascota (comentarioPublicacionMascotaId, publicacionMascotaId, mascotaId, contenido, fechaComentario) values (69, 36, 81, 'soy un comentario', '2022-07-16 23:01:12');
insert into comentarioPublicacionMascota (comentarioPublicacionMascotaId, publicacionMascotaId, mascotaId, contenido, fechaComentario) values (70, 18, 60, 'soy un comentario', '2023-08-25 07:11:56');
insert into comentarioPublicacionMascota (comentarioPublicacionMascotaId, publicacionMascotaId, mascotaId, contenido, fechaComentario) values (71, 24, 55, 'soy un comentario', '2022-11-07 12:36:17');
insert into comentarioPublicacionMascota (comentarioPublicacionMascotaId, publicacionMascotaId, mascotaId, contenido, fechaComentario) values (72, 12, 94, 'soy un comentario', '2022-06-03 20:14:23');
insert into comentarioPublicacionMascota (comentarioPublicacionMascotaId, publicacionMascotaId, mascotaId, contenido, fechaComentario) values (73, 39, 87, 'soy un comentario', '2023-12-05 14:37:42');
insert into comentarioPublicacionMascota (comentarioPublicacionMascotaId, publicacionMascotaId, mascotaId, contenido, fechaComentario) values (74, 16, 32, 'soy un comentario', '2023-04-06 04:28:11');
insert into comentarioPublicacionMascota (comentarioPublicacionMascotaId, publicacionMascotaId, mascotaId, contenido, fechaComentario) values (75, 43, 80, 'soy un comentario', '2022-04-15 04:32:31');
insert into comentarioPublicacionMascota (comentarioPublicacionMascotaId, publicacionMascotaId, mascotaId, contenido, fechaComentario) values (76, 50, 25, 'soy un comentario', '2023-03-16 21:56:28');
insert into comentarioPublicacionMascota (comentarioPublicacionMascotaId, publicacionMascotaId, mascotaId, contenido, fechaComentario) values (77, 36, 49, 'soy un comentario', '2023-07-15 08:54:53');
insert into comentarioPublicacionMascota (comentarioPublicacionMascotaId, publicacionMascotaId, mascotaId, contenido, fechaComentario) values (78, 37, 48, 'soy un comentario', '2023-10-03 02:40:49');
insert into comentarioPublicacionMascota (comentarioPublicacionMascotaId, publicacionMascotaId, mascotaId, contenido, fechaComentario) values (79, 1, 52, 'soy un comentario', '2022-02-15 07:14:00');
insert into comentarioPublicacionMascota (comentarioPublicacionMascotaId, publicacionMascotaId, mascotaId, contenido, fechaComentario) values (80, 41, 60, 'soy un comentario', '2023-12-27 08:37:36');
insert into comentarioPublicacionMascota (comentarioPublicacionMascotaId, publicacionMascotaId, mascotaId, contenido, fechaComentario) values (81, 47, 99, 'soy un comentario', '2023-12-21 19:48:04');
insert into comentarioPublicacionMascota (comentarioPublicacionMascotaId, publicacionMascotaId, mascotaId, contenido, fechaComentario) values (82, 5, 59, 'soy un comentario', '2023-03-26 20:53:48');
insert into comentarioPublicacionMascota (comentarioPublicacionMascotaId, publicacionMascotaId, mascotaId, contenido, fechaComentario) values (83, 25, 68, 'soy un comentario', '2023-04-20 22:41:27');
insert into comentarioPublicacionMascota (comentarioPublicacionMascotaId, publicacionMascotaId, mascotaId, contenido, fechaComentario) values (84, 17, 78, 'soy un comentario', '2023-06-11 20:48:52');
insert into comentarioPublicacionMascota (comentarioPublicacionMascotaId, publicacionMascotaId, mascotaId, contenido, fechaComentario) values (85, 1, 62, 'soy un comentario', '2022-08-27 01:30:28');
insert into comentarioPublicacionMascota (comentarioPublicacionMascotaId, publicacionMascotaId, mascotaId, contenido, fechaComentario) values (86, 24, 82, 'soy un comentario', '2023-10-06 05:55:12');
insert into comentarioPublicacionMascota (comentarioPublicacionMascotaId, publicacionMascotaId, mascotaId, contenido, fechaComentario) values (87, 24, 3, 'soy un comentario', '2022-07-27 13:30:47');
insert into comentarioPublicacionMascota (comentarioPublicacionMascotaId, publicacionMascotaId, mascotaId, contenido, fechaComentario) values (88, 22, 7, 'soy un comentario', '2022-04-12 08:46:52');
insert into comentarioPublicacionMascota (comentarioPublicacionMascotaId, publicacionMascotaId, mascotaId, contenido, fechaComentario) values (89, 4, 42, 'soy un comentario', '2023-09-02 03:27:51');
insert into comentarioPublicacionMascota (comentarioPublicacionMascotaId, publicacionMascotaId, mascotaId, contenido, fechaComentario) values (90, 16, 19, 'soy un comentario', '2023-05-23 09:20:26');
insert into comentarioPublicacionMascota (comentarioPublicacionMascotaId, publicacionMascotaId, mascotaId, contenido, fechaComentario) values (91, 13, 62, 'soy un comentario', '2023-02-14 01:55:18');
insert into comentarioPublicacionMascota (comentarioPublicacionMascotaId, publicacionMascotaId, mascotaId, contenido, fechaComentario) values (92, 14, 83, 'soy un comentario', '2022-09-24 10:22:16');
insert into comentarioPublicacionMascota (comentarioPublicacionMascotaId, publicacionMascotaId, mascotaId, contenido, fechaComentario) values (93, 30, 9, 'soy un comentario', '2023-05-27 03:47:15');
insert into comentarioPublicacionMascota (comentarioPublicacionMascotaId, publicacionMascotaId, mascotaId, contenido, fechaComentario) values (94, 40, 68, 'soy un comentario', '2023-05-29 15:21:26');
insert into comentarioPublicacionMascota (comentarioPublicacionMascotaId, publicacionMascotaId, mascotaId, contenido, fechaComentario) values (95, 28, 14, 'soy un comentario', '2023-05-25 20:57:55');
insert into comentarioPublicacionMascota (comentarioPublicacionMascotaId, publicacionMascotaId, mascotaId, contenido, fechaComentario) values (96, 26, 44, 'soy un comentario', '2022-12-30 04:31:35');
insert into comentarioPublicacionMascota (comentarioPublicacionMascotaId, publicacionMascotaId, mascotaId, contenido, fechaComentario) values (97, 10, 91, 'soy un comentario', '2022-06-01 16:48:52');
insert into comentarioPublicacionMascota (comentarioPublicacionMascotaId, publicacionMascotaId, mascotaId, contenido, fechaComentario) values (98, 40, 82, 'soy un comentario', '2022-09-27 23:21:57');
insert into comentarioPublicacionMascota (comentarioPublicacionMascotaId, publicacionMascotaId, mascotaId, contenido, fechaComentario) values (99, 5, 100, 'soy un comentario', '2023-06-05 10:49:00');
insert into comentarioPublicacionMascota (comentarioPublicacionMascotaId, publicacionMascotaId, mascotaId, contenido, fechaComentario) values (100, 2, 18, 'soy un comentario', '2022-09-30 00:24:25');
insert into comentarioPublicacionMascota (comentarioPublicacionMascotaId, publicacionMascotaId, mascotaId, contenido, fechaComentario) values (101, 34, 98, 'soy un comentario', '2022-03-28 02:26:00');
insert into comentarioPublicacionMascota (comentarioPublicacionMascotaId, publicacionMascotaId, mascotaId, contenido, fechaComentario) values (102, 4, 34, 'soy un comentario', '2022-08-31 01:55:05');
insert into comentarioPublicacionMascota (comentarioPublicacionMascotaId, publicacionMascotaId, mascotaId, contenido, fechaComentario) values (103, 5, 7, 'soy un comentario', '2022-10-01 20:53:35');
insert into comentarioPublicacionMascota (comentarioPublicacionMascotaId, publicacionMascotaId, mascotaId, contenido, fechaComentario) values (104, 2, 6, 'soy un comentario', '2023-09-04 18:48:21');
insert into comentarioPublicacionMascota (comentarioPublicacionMascotaId, publicacionMascotaId, mascotaId, contenido, fechaComentario) values (105, 42, 51, 'soy un comentario', '2023-09-23 02:13:11');
insert into comentarioPublicacionMascota (comentarioPublicacionMascotaId, publicacionMascotaId, mascotaId, contenido, fechaComentario) values (106, 44, 98, 'soy un comentario', '2023-01-15 02:20:40');
insert into comentarioPublicacionMascota (comentarioPublicacionMascotaId, publicacionMascotaId, mascotaId, contenido, fechaComentario) values (107, 34, 9, 'soy un comentario', '2022-08-09 03:45:22');
insert into comentarioPublicacionMascota (comentarioPublicacionMascotaId, publicacionMascotaId, mascotaId, contenido, fechaComentario) values (108, 29, 79, 'soy un comentario', '2022-09-29 17:01:08');
insert into comentarioPublicacionMascota (comentarioPublicacionMascotaId, publicacionMascotaId, mascotaId, contenido, fechaComentario) values (109, 27, 76, 'soy un comentario', '2022-08-26 00:10:22');
insert into comentarioPublicacionMascota (comentarioPublicacionMascotaId, publicacionMascotaId, mascotaId, contenido, fechaComentario) values (110, 16, 28, 'soy un comentario', '2022-09-30 20:58:39');
insert into comentarioPublicacionMascota (comentarioPublicacionMascotaId, publicacionMascotaId, mascotaId, contenido, fechaComentario) values (111, 4, 17, 'soy un comentario', '2023-10-27 12:54:58');
insert into comentarioPublicacionMascota (comentarioPublicacionMascotaId, publicacionMascotaId, mascotaId, contenido, fechaComentario) values (112, 36, 71, 'soy un comentario', '2023-04-29 17:42:07');
insert into comentarioPublicacionMascota (comentarioPublicacionMascotaId, publicacionMascotaId, mascotaId, contenido, fechaComentario) values (113, 35, 32, 'soy un comentario', '2023-04-02 16:30:59');
insert into comentarioPublicacionMascota (comentarioPublicacionMascotaId, publicacionMascotaId, mascotaId, contenido, fechaComentario) values (114, 33, 68, 'soy un comentario', '2022-02-04 18:35:36');
insert into comentarioPublicacionMascota (comentarioPublicacionMascotaId, publicacionMascotaId, mascotaId, contenido, fechaComentario) values (115, 17, 60, 'soy un comentario', '2022-12-19 06:14:38');
insert into comentarioPublicacionMascota (comentarioPublicacionMascotaId, publicacionMascotaId, mascotaId, contenido, fechaComentario) values (116, 40, 48, 'soy un comentario', '2022-10-02 23:21:27');
insert into comentarioPublicacionMascota (comentarioPublicacionMascotaId, publicacionMascotaId, mascotaId, contenido, fechaComentario) values (117, 5, 32, 'soy un comentario', '2023-11-21 10:19:30');
insert into comentarioPublicacionMascota (comentarioPublicacionMascotaId, publicacionMascotaId, mascotaId, contenido, fechaComentario) values (118, 20, 45, 'soy un comentario', '2023-05-17 06:47:30');
insert into comentarioPublicacionMascota (comentarioPublicacionMascotaId, publicacionMascotaId, mascotaId, contenido, fechaComentario) values (119, 23, 83, 'soy un comentario', '2023-10-16 17:47:19');
insert into comentarioPublicacionMascota (comentarioPublicacionMascotaId, publicacionMascotaId, mascotaId, contenido, fechaComentario) values (120, 47, 7, 'soy un comentario', '2022-02-22 09:34:20');
insert into comentarioPublicacionMascota (comentarioPublicacionMascotaId, publicacionMascotaId, mascotaId, contenido, fechaComentario) values (121, 2, 45, 'soy un comentario', '2022-09-30 08:46:45');
insert into comentarioPublicacionMascota (comentarioPublicacionMascotaId, publicacionMascotaId, mascotaId, contenido, fechaComentario) values (122, 49, 77, 'soy un comentario', '2023-11-24 09:14:34');
insert into comentarioPublicacionMascota (comentarioPublicacionMascotaId, publicacionMascotaId, mascotaId, contenido, fechaComentario) values (123, 7, 63, 'soy un comentario', '2023-08-24 20:50:33');
insert into comentarioPublicacionMascota (comentarioPublicacionMascotaId, publicacionMascotaId, mascotaId, contenido, fechaComentario) values (124, 43, 80, 'soy un comentario', '2023-01-25 06:41:50');
insert into comentarioPublicacionMascota (comentarioPublicacionMascotaId, publicacionMascotaId, mascotaId, contenido, fechaComentario) values (125, 11, 31, 'soy un comentario', '2022-06-21 14:26:56');
insert into comentarioPublicacionMascota (comentarioPublicacionMascotaId, publicacionMascotaId, mascotaId, contenido, fechaComentario) values (126, 41, 21, 'soy un comentario', '2023-05-18 06:40:31');
insert into comentarioPublicacionMascota (comentarioPublicacionMascotaId, publicacionMascotaId, mascotaId, contenido, fechaComentario) values (127, 19, 83, 'soy un comentario', '2023-03-19 18:28:55');
insert into comentarioPublicacionMascota (comentarioPublicacionMascotaId, publicacionMascotaId, mascotaId, contenido, fechaComentario) values (128, 10, 81, 'soy un comentario', '2023-05-20 00:21:17');
insert into comentarioPublicacionMascota (comentarioPublicacionMascotaId, publicacionMascotaId, mascotaId, contenido, fechaComentario) values (129, 2, 42, 'soy un comentario', '2022-01-22 12:37:23');
insert into comentarioPublicacionMascota (comentarioPublicacionMascotaId, publicacionMascotaId, mascotaId, contenido, fechaComentario) values (130, 32, 97, 'soy un comentario', '2022-08-24 22:33:36');
insert into comentarioPublicacionMascota (comentarioPublicacionMascotaId, publicacionMascotaId, mascotaId, contenido, fechaComentario) values (131, 47, 92, 'soy un comentario', '2022-10-02 09:12:36');
insert into comentarioPublicacionMascota (comentarioPublicacionMascotaId, publicacionMascotaId, mascotaId, contenido, fechaComentario) values (132, 42, 32, 'soy un comentario', '2022-09-17 06:29:11');
insert into comentarioPublicacionMascota (comentarioPublicacionMascotaId, publicacionMascotaId, mascotaId, contenido, fechaComentario) values (133, 48, 36, 'soy un comentario', '2023-06-01 08:21:20');
insert into comentarioPublicacionMascota (comentarioPublicacionMascotaId, publicacionMascotaId, mascotaId, contenido, fechaComentario) values (134, 9, 11, 'soy un comentario', '2023-04-22 01:51:46');
insert into comentarioPublicacionMascota (comentarioPublicacionMascotaId, publicacionMascotaId, mascotaId, contenido, fechaComentario) values (135, 25, 69, 'soy un comentario', '2023-04-23 11:08:19');
insert into comentarioPublicacionMascota (comentarioPublicacionMascotaId, publicacionMascotaId, mascotaId, contenido, fechaComentario) values (136, 24, 29, 'soy un comentario', '2022-12-01 19:13:02');
insert into comentarioPublicacionMascota (comentarioPublicacionMascotaId, publicacionMascotaId, mascotaId, contenido, fechaComentario) values (137, 29, 33, 'soy un comentario', '2022-11-26 10:56:31');
insert into comentarioPublicacionMascota (comentarioPublicacionMascotaId, publicacionMascotaId, mascotaId, contenido, fechaComentario) values (138, 42, 63, 'soy un comentario', '2022-09-08 00:04:00');
insert into comentarioPublicacionMascota (comentarioPublicacionMascotaId, publicacionMascotaId, mascotaId, contenido, fechaComentario) values (139, 29, 98, 'soy un comentario', '2022-07-29 03:10:48');
insert into comentarioPublicacionMascota (comentarioPublicacionMascotaId, publicacionMascotaId, mascotaId, contenido, fechaComentario) values (140, 38, 50, 'soy un comentario', '2022-12-12 07:54:04');
insert into comentarioPublicacionMascota (comentarioPublicacionMascotaId, publicacionMascotaId, mascotaId, contenido, fechaComentario) values (141, 9, 71, 'soy un comentario', '2023-09-22 19:02:22');
insert into comentarioPublicacionMascota (comentarioPublicacionMascotaId, publicacionMascotaId, mascotaId, contenido, fechaComentario) values (142, 6, 99, 'soy un comentario', '2023-02-02 02:43:56');
insert into comentarioPublicacionMascota (comentarioPublicacionMascotaId, publicacionMascotaId, mascotaId, contenido, fechaComentario) values (143, 43, 80, 'soy un comentario', '2023-05-30 10:24:50');
insert into comentarioPublicacionMascota (comentarioPublicacionMascotaId, publicacionMascotaId, mascotaId, contenido, fechaComentario) values (144, 33, 58, 'soy un comentario', '2023-04-30 07:29:17');
insert into comentarioPublicacionMascota (comentarioPublicacionMascotaId, publicacionMascotaId, mascotaId, contenido, fechaComentario) values (145, 37, 78, 'soy un comentario', '2022-06-05 10:40:01');
insert into comentarioPublicacionMascota (comentarioPublicacionMascotaId, publicacionMascotaId, mascotaId, contenido, fechaComentario) values (146, 19, 20, 'soy un comentario', '2022-05-26 18:38:39');
insert into comentarioPublicacionMascota (comentarioPublicacionMascotaId, publicacionMascotaId, mascotaId, contenido, fechaComentario) values (147, 8, 9, 'soy un comentario', '2023-12-09 05:50:20');
insert into comentarioPublicacionMascota (comentarioPublicacionMascotaId, publicacionMascotaId, mascotaId, contenido, fechaComentario) values (148, 17, 41, 'soy un comentario', '2022-09-26 11:54:39');
insert into comentarioPublicacionMascota (comentarioPublicacionMascotaId, publicacionMascotaId, mascotaId, contenido, fechaComentario) values (149, 5, 88, 'soy un comentario', '2022-06-14 23:11:19');
insert into comentarioPublicacionMascota (comentarioPublicacionMascotaId, publicacionMascotaId, mascotaId, contenido, fechaComentario) values (150, 28, 44, 'soy un comentario', '2022-07-24 09:33:33');
insert into comentarioPublicacionMascota (comentarioPublicacionMascotaId, publicacionMascotaId, mascotaId, contenido, fechaComentario) values (151, 43, 81, 'soy un comentario', '2022-03-16 11:25:50');
insert into comentarioPublicacionMascota (comentarioPublicacionMascotaId, publicacionMascotaId, mascotaId, contenido, fechaComentario) values (152, 14, 81, 'soy un comentario', '2023-01-11 07:10:36');
insert into comentarioPublicacionMascota (comentarioPublicacionMascotaId, publicacionMascotaId, mascotaId, contenido, fechaComentario) values (153, 12, 78, 'soy un comentario', '2023-10-18 09:47:35');
insert into comentarioPublicacionMascota (comentarioPublicacionMascotaId, publicacionMascotaId, mascotaId, contenido, fechaComentario) values (154, 45, 71, 'soy un comentario', '2023-06-18 03:28:46');
insert into comentarioPublicacionMascota (comentarioPublicacionMascotaId, publicacionMascotaId, mascotaId, contenido, fechaComentario) values (155, 30, 17, 'soy un comentario', '2022-08-23 03:26:22');
insert into comentarioPublicacionMascota (comentarioPublicacionMascotaId, publicacionMascotaId, mascotaId, contenido, fechaComentario) values (156, 29, 21, 'soy un comentario', '2023-01-29 05:58:41');
insert into comentarioPublicacionMascota (comentarioPublicacionMascotaId, publicacionMascotaId, mascotaId, contenido, fechaComentario) values (157, 18, 69, 'soy un comentario', '2022-01-05 14:07:02');
insert into comentarioPublicacionMascota (comentarioPublicacionMascotaId, publicacionMascotaId, mascotaId, contenido, fechaComentario) values (158, 29, 22, 'soy un comentario', '2022-04-06 05:33:43');
insert into comentarioPublicacionMascota (comentarioPublicacionMascotaId, publicacionMascotaId, mascotaId, contenido, fechaComentario) values (159, 25, 14, 'soy un comentario', '2023-06-20 13:06:43');
insert into comentarioPublicacionMascota (comentarioPublicacionMascotaId, publicacionMascotaId, mascotaId, contenido, fechaComentario) values (160, 41, 68, 'soy un comentario', '2023-12-27 19:45:46');
insert into comentarioPublicacionMascota (comentarioPublicacionMascotaId, publicacionMascotaId, mascotaId, contenido, fechaComentario) values (161, 17, 22, 'soy un comentario', '2023-04-23 04:15:19');
insert into comentarioPublicacionMascota (comentarioPublicacionMascotaId, publicacionMascotaId, mascotaId, contenido, fechaComentario) values (162, 50, 31, 'soy un comentario', '2022-01-08 09:12:50');
insert into comentarioPublicacionMascota (comentarioPublicacionMascotaId, publicacionMascotaId, mascotaId, contenido, fechaComentario) values (163, 11, 53, 'soy un comentario', '2022-02-02 03:21:14');
insert into comentarioPublicacionMascota (comentarioPublicacionMascotaId, publicacionMascotaId, mascotaId, contenido, fechaComentario) values (164, 18, 34, 'soy un comentario', '2023-07-08 04:40:14');
insert into comentarioPublicacionMascota (comentarioPublicacionMascotaId, publicacionMascotaId, mascotaId, contenido, fechaComentario) values (165, 29, 49, 'soy un comentario', '2023-02-23 22:49:21');
insert into comentarioPublicacionMascota (comentarioPublicacionMascotaId, publicacionMascotaId, mascotaId, contenido, fechaComentario) values (166, 5, 61, 'soy un comentario', '2022-08-31 10:02:21');
insert into comentarioPublicacionMascota (comentarioPublicacionMascotaId, publicacionMascotaId, mascotaId, contenido, fechaComentario) values (167, 8, 95, 'soy un comentario', '2023-04-09 21:50:54');
insert into comentarioPublicacionMascota (comentarioPublicacionMascotaId, publicacionMascotaId, mascotaId, contenido, fechaComentario) values (168, 32, 4, 'soy un comentario', '2023-08-12 22:08:39');
insert into comentarioPublicacionMascota (comentarioPublicacionMascotaId, publicacionMascotaId, mascotaId, contenido, fechaComentario) values (169, 10, 75, 'soy un comentario', '2022-10-31 23:11:52');
insert into comentarioPublicacionMascota (comentarioPublicacionMascotaId, publicacionMascotaId, mascotaId, contenido, fechaComentario) values (170, 20, 28, 'soy un comentario', '2023-12-19 04:16:55');
insert into comentarioPublicacionMascota (comentarioPublicacionMascotaId, publicacionMascotaId, mascotaId, contenido, fechaComentario) values (171, 10, 78, 'soy un comentario', '2022-06-06 17:13:14');
insert into comentarioPublicacionMascota (comentarioPublicacionMascotaId, publicacionMascotaId, mascotaId, contenido, fechaComentario) values (172, 30, 99, 'soy un comentario', '2023-09-05 00:38:48');
insert into comentarioPublicacionMascota (comentarioPublicacionMascotaId, publicacionMascotaId, mascotaId, contenido, fechaComentario) values (173, 46, 67, 'soy un comentario', '2023-05-26 00:14:06');
insert into comentarioPublicacionMascota (comentarioPublicacionMascotaId, publicacionMascotaId, mascotaId, contenido, fechaComentario) values (174, 50, 9, 'soy un comentario', '2022-12-30 18:50:01');
insert into comentarioPublicacionMascota (comentarioPublicacionMascotaId, publicacionMascotaId, mascotaId, contenido, fechaComentario) values (175, 11, 40, 'soy un comentario', '2023-03-31 03:57:51');
insert into comentarioPublicacionMascota (comentarioPublicacionMascotaId, publicacionMascotaId, mascotaId, contenido, fechaComentario) values (176, 30, 5, 'soy un comentario', '2022-11-21 05:56:03');
insert into comentarioPublicacionMascota (comentarioPublicacionMascotaId, publicacionMascotaId, mascotaId, contenido, fechaComentario) values (177, 14, 86, 'soy un comentario', '2022-06-01 17:27:22');
insert into comentarioPublicacionMascota (comentarioPublicacionMascotaId, publicacionMascotaId, mascotaId, contenido, fechaComentario) values (178, 22, 72, 'soy un comentario', '2022-10-29 01:28:39');
insert into comentarioPublicacionMascota (comentarioPublicacionMascotaId, publicacionMascotaId, mascotaId, contenido, fechaComentario) values (179, 50, 44, 'soy un comentario', '2022-10-24 02:27:03');
insert into comentarioPublicacionMascota (comentarioPublicacionMascotaId, publicacionMascotaId, mascotaId, contenido, fechaComentario) values (180, 50, 10, 'soy un comentario', '2022-12-18 21:52:23');
insert into comentarioPublicacionMascota (comentarioPublicacionMascotaId, publicacionMascotaId, mascotaId, contenido, fechaComentario) values (181, 10, 10, 'soy un comentario', '2022-10-25 12:58:30');
insert into comentarioPublicacionMascota (comentarioPublicacionMascotaId, publicacionMascotaId, mascotaId, contenido, fechaComentario) values (182, 30, 86, 'soy un comentario', '2023-04-29 11:41:19');
insert into comentarioPublicacionMascota (comentarioPublicacionMascotaId, publicacionMascotaId, mascotaId, contenido, fechaComentario) values (183, 7, 89, 'soy un comentario', '2023-04-08 05:22:19');
insert into comentarioPublicacionMascota (comentarioPublicacionMascotaId, publicacionMascotaId, mascotaId, contenido, fechaComentario) values (184, 9, 87, 'soy un comentario', '2023-08-09 16:40:34');
insert into comentarioPublicacionMascota (comentarioPublicacionMascotaId, publicacionMascotaId, mascotaId, contenido, fechaComentario) values (185, 30, 69, 'soy un comentario', '2022-07-03 01:42:26');
insert into comentarioPublicacionMascota (comentarioPublicacionMascotaId, publicacionMascotaId, mascotaId, contenido, fechaComentario) values (186, 28, 7, 'soy un comentario', '2022-05-11 13:33:51');
insert into comentarioPublicacionMascota (comentarioPublicacionMascotaId, publicacionMascotaId, mascotaId, contenido, fechaComentario) values (187, 40, 84, 'soy un comentario', '2022-05-08 03:55:14');
insert into comentarioPublicacionMascota (comentarioPublicacionMascotaId, publicacionMascotaId, mascotaId, contenido, fechaComentario) values (188, 47, 10, 'soy un comentario', '2023-04-18 22:48:16');
insert into comentarioPublicacionMascota (comentarioPublicacionMascotaId, publicacionMascotaId, mascotaId, contenido, fechaComentario) values (189, 29, 84, 'soy un comentario', '2022-04-10 10:21:48');
insert into comentarioPublicacionMascota (comentarioPublicacionMascotaId, publicacionMascotaId, mascotaId, contenido, fechaComentario) values (190, 28, 28, 'soy un comentario', '2023-11-18 18:45:33');
insert into comentarioPublicacionMascota (comentarioPublicacionMascotaId, publicacionMascotaId, mascotaId, contenido, fechaComentario) values (191, 17, 90, 'soy un comentario', '2022-10-09 07:29:43');
insert into comentarioPublicacionMascota (comentarioPublicacionMascotaId, publicacionMascotaId, mascotaId, contenido, fechaComentario) values (192, 20, 47, 'soy un comentario', '2023-02-07 01:54:16');
insert into comentarioPublicacionMascota (comentarioPublicacionMascotaId, publicacionMascotaId, mascotaId, contenido, fechaComentario) values (193, 16, 79, 'soy un comentario', '2022-08-23 17:22:23');
insert into comentarioPublicacionMascota (comentarioPublicacionMascotaId, publicacionMascotaId, mascotaId, contenido, fechaComentario) values (194, 50, 12, 'soy un comentario', '2023-09-10 08:09:38');
insert into comentarioPublicacionMascota (comentarioPublicacionMascotaId, publicacionMascotaId, mascotaId, contenido, fechaComentario) values (195, 9, 84, 'soy un comentario', '2022-03-12 11:44:46');
insert into comentarioPublicacionMascota (comentarioPublicacionMascotaId, publicacionMascotaId, mascotaId, contenido, fechaComentario) values (196, 45, 17, 'soy un comentario', '2022-08-04 13:11:58');
insert into comentarioPublicacionMascota (comentarioPublicacionMascotaId, publicacionMascotaId, mascotaId, contenido, fechaComentario) values (197, 9, 19, 'soy un comentario', '2022-05-09 06:54:22');
insert into comentarioPublicacionMascota (comentarioPublicacionMascotaId, publicacionMascotaId, mascotaId, contenido, fechaComentario) values (198, 40, 42, 'soy un comentario', '2022-05-04 22:06:27');
insert into comentarioPublicacionMascota (comentarioPublicacionMascotaId, publicacionMascotaId, mascotaId, contenido, fechaComentario) values (199, 18, 87, 'soy un comentario', '2023-06-11 18:40:10');
insert into comentarioPublicacionMascota (comentarioPublicacionMascotaId, publicacionMascotaId, mascotaId, contenido, fechaComentario) values (200, 46, 79, 'soy un comentario', '2022-12-17 23:16:00');
insert into comentarioPublicacionMascota (comentarioPublicacionMascotaId, publicacionMascotaId, mascotaId, contenido, fechaComentario) values (201, 11, 8, 'soy un comentario', '2023-12-26 23:22:06');
insert into comentarioPublicacionMascota (comentarioPublicacionMascotaId, publicacionMascotaId, mascotaId, contenido, fechaComentario) values (202, 23, 73, 'soy un comentario', '2022-07-09 05:14:19');
insert into comentarioPublicacionMascota (comentarioPublicacionMascotaId, publicacionMascotaId, mascotaId, contenido, fechaComentario) values (203, 32, 20, 'soy un comentario', '2022-06-02 19:51:05');
insert into comentarioPublicacionMascota (comentarioPublicacionMascotaId, publicacionMascotaId, mascotaId, contenido, fechaComentario) values (204, 9, 83, 'soy un comentario', '2022-07-08 19:42:16');
insert into comentarioPublicacionMascota (comentarioPublicacionMascotaId, publicacionMascotaId, mascotaId, contenido, fechaComentario) values (205, 13, 43, 'soy un comentario', '2023-08-06 03:42:30');
insert into comentarioPublicacionMascota (comentarioPublicacionMascotaId, publicacionMascotaId, mascotaId, contenido, fechaComentario) values (206, 37, 1, 'soy un comentario', '2022-05-15 17:05:31');
insert into comentarioPublicacionMascota (comentarioPublicacionMascotaId, publicacionMascotaId, mascotaId, contenido, fechaComentario) values (207, 18, 66, 'soy un comentario', '2022-05-20 19:10:06');
insert into comentarioPublicacionMascota (comentarioPublicacionMascotaId, publicacionMascotaId, mascotaId, contenido, fechaComentario) values (208, 43, 5, 'soy un comentario', '2023-11-25 00:31:54');
insert into comentarioPublicacionMascota (comentarioPublicacionMascotaId, publicacionMascotaId, mascotaId, contenido, fechaComentario) values (209, 4, 2, 'soy un comentario', '2023-04-17 08:48:15');
insert into comentarioPublicacionMascota (comentarioPublicacionMascotaId, publicacionMascotaId, mascotaId, contenido, fechaComentario) values (210, 28, 98, 'soy un comentario', '2023-08-20 07:36:23');
insert into comentarioPublicacionMascota (comentarioPublicacionMascotaId, publicacionMascotaId, mascotaId, contenido, fechaComentario) values (211, 36, 39, 'soy un comentario', '2022-10-18 15:59:30');
insert into comentarioPublicacionMascota (comentarioPublicacionMascotaId, publicacionMascotaId, mascotaId, contenido, fechaComentario) values (212, 27, 90, 'soy un comentario', '2022-04-28 00:35:45');
insert into comentarioPublicacionMascota (comentarioPublicacionMascotaId, publicacionMascotaId, mascotaId, contenido, fechaComentario) values (213, 30, 51, 'soy un comentario', '2022-07-21 00:43:56');
insert into comentarioPublicacionMascota (comentarioPublicacionMascotaId, publicacionMascotaId, mascotaId, contenido, fechaComentario) values (214, 4, 67, 'soy un comentario', '2022-01-14 10:04:57');
insert into comentarioPublicacionMascota (comentarioPublicacionMascotaId, publicacionMascotaId, mascotaId, contenido, fechaComentario) values (215, 7, 17, 'soy un comentario', '2023-07-03 20:31:07');
insert into comentarioPublicacionMascota (comentarioPublicacionMascotaId, publicacionMascotaId, mascotaId, contenido, fechaComentario) values (216, 48, 60, 'soy un comentario', '2023-06-04 05:46:09');
insert into comentarioPublicacionMascota (comentarioPublicacionMascotaId, publicacionMascotaId, mascotaId, contenido, fechaComentario) values (217, 5, 28, 'soy un comentario', '2022-12-30 07:50:14');
insert into comentarioPublicacionMascota (comentarioPublicacionMascotaId, publicacionMascotaId, mascotaId, contenido, fechaComentario) values (218, 23, 98, 'soy un comentario', '2022-12-19 07:58:33');
insert into comentarioPublicacionMascota (comentarioPublicacionMascotaId, publicacionMascotaId, mascotaId, contenido, fechaComentario) values (219, 31, 43, 'soy un comentario', '2022-10-06 01:36:00');
insert into comentarioPublicacionMascota (comentarioPublicacionMascotaId, publicacionMascotaId, mascotaId, contenido, fechaComentario) values (220, 8, 55, 'soy un comentario', '2023-01-28 21:11:06');
insert into comentarioPublicacionMascota (comentarioPublicacionMascotaId, publicacionMascotaId, mascotaId, contenido, fechaComentario) values (221, 9, 63, 'soy un comentario', '2023-04-03 20:45:31');
insert into comentarioPublicacionMascota (comentarioPublicacionMascotaId, publicacionMascotaId, mascotaId, contenido, fechaComentario) values (222, 37, 31, 'soy un comentario', '2023-04-17 10:31:57');
insert into comentarioPublicacionMascota (comentarioPublicacionMascotaId, publicacionMascotaId, mascotaId, contenido, fechaComentario) values (223, 6, 6, 'soy un comentario', '2023-07-04 06:19:17');
insert into comentarioPublicacionMascota (comentarioPublicacionMascotaId, publicacionMascotaId, mascotaId, contenido, fechaComentario) values (224, 4, 26, 'soy un comentario', '2023-06-24 00:58:28');
insert into comentarioPublicacionMascota (comentarioPublicacionMascotaId, publicacionMascotaId, mascotaId, contenido, fechaComentario) values (225, 47, 84, 'soy un comentario', '2023-03-15 13:12:02');
insert into comentarioPublicacionMascota (comentarioPublicacionMascotaId, publicacionMascotaId, mascotaId, contenido, fechaComentario) values (226, 35, 77, 'soy un comentario', '2023-05-19 16:03:02');
insert into comentarioPublicacionMascota (comentarioPublicacionMascotaId, publicacionMascotaId, mascotaId, contenido, fechaComentario) values (227, 32, 17, 'soy un comentario', '2022-12-31 16:54:07');
insert into comentarioPublicacionMascota (comentarioPublicacionMascotaId, publicacionMascotaId, mascotaId, contenido, fechaComentario) values (228, 20, 16, 'soy un comentario', '2022-06-18 03:07:30');
insert into comentarioPublicacionMascota (comentarioPublicacionMascotaId, publicacionMascotaId, mascotaId, contenido, fechaComentario) values (229, 28, 63, 'soy un comentario', '2023-12-18 06:12:38');
insert into comentarioPublicacionMascota (comentarioPublicacionMascotaId, publicacionMascotaId, mascotaId, contenido, fechaComentario) values (230, 9, 4, 'soy un comentario', '2022-03-21 05:24:59');
insert into comentarioPublicacionMascota (comentarioPublicacionMascotaId, publicacionMascotaId, mascotaId, contenido, fechaComentario) values (231, 35, 25, 'soy un comentario', '2023-10-07 10:38:52');
insert into comentarioPublicacionMascota (comentarioPublicacionMascotaId, publicacionMascotaId, mascotaId, contenido, fechaComentario) values (232, 33, 52, 'soy un comentario', '2023-01-16 10:57:40');
insert into comentarioPublicacionMascota (comentarioPublicacionMascotaId, publicacionMascotaId, mascotaId, contenido, fechaComentario) values (233, 8, 75, 'soy un comentario', '2022-12-04 02:50:35');
insert into comentarioPublicacionMascota (comentarioPublicacionMascotaId, publicacionMascotaId, mascotaId, contenido, fechaComentario) values (234, 27, 36, 'soy un comentario', '2023-11-25 05:43:32');
insert into comentarioPublicacionMascota (comentarioPublicacionMascotaId, publicacionMascotaId, mascotaId, contenido, fechaComentario) values (235, 28, 88, 'soy un comentario', '2022-07-28 07:56:47');
insert into comentarioPublicacionMascota (comentarioPublicacionMascotaId, publicacionMascotaId, mascotaId, contenido, fechaComentario) values (236, 35, 7, 'soy un comentario', '2022-04-01 04:45:11');
insert into comentarioPublicacionMascota (comentarioPublicacionMascotaId, publicacionMascotaId, mascotaId, contenido, fechaComentario) values (237, 6, 37, 'soy un comentario', '2023-04-06 08:32:51');
insert into comentarioPublicacionMascota (comentarioPublicacionMascotaId, publicacionMascotaId, mascotaId, contenido, fechaComentario) values (238, 24, 75, 'soy un comentario', '2022-12-01 18:10:53');
insert into comentarioPublicacionMascota (comentarioPublicacionMascotaId, publicacionMascotaId, mascotaId, contenido, fechaComentario) values (239, 15, 22, 'soy un comentario', '2023-10-28 07:51:54');
insert into comentarioPublicacionMascota (comentarioPublicacionMascotaId, publicacionMascotaId, mascotaId, contenido, fechaComentario) values (240, 36, 94, 'soy un comentario', '2022-10-11 13:41:20');
insert into comentarioPublicacionMascota (comentarioPublicacionMascotaId, publicacionMascotaId, mascotaId, contenido, fechaComentario) values (241, 18, 90, 'soy un comentario', '2022-09-26 17:33:30');
insert into comentarioPublicacionMascota (comentarioPublicacionMascotaId, publicacionMascotaId, mascotaId, contenido, fechaComentario) values (242, 34, 31, 'soy un comentario', '2023-07-15 19:53:17');
insert into comentarioPublicacionMascota (comentarioPublicacionMascotaId, publicacionMascotaId, mascotaId, contenido, fechaComentario) values (243, 7, 67, 'soy un comentario', '2022-09-11 23:49:18');
insert into comentarioPublicacionMascota (comentarioPublicacionMascotaId, publicacionMascotaId, mascotaId, contenido, fechaComentario) values (244, 41, 81, 'soy un comentario', '2022-11-06 22:59:53');
insert into comentarioPublicacionMascota (comentarioPublicacionMascotaId, publicacionMascotaId, mascotaId, contenido, fechaComentario) values (245, 20, 65, 'soy un comentario', '2022-04-28 19:36:46');
insert into comentarioPublicacionMascota (comentarioPublicacionMascotaId, publicacionMascotaId, mascotaId, contenido, fechaComentario) values (246, 43, 43, 'soy un comentario', '2023-06-25 08:07:17');
insert into comentarioPublicacionMascota (comentarioPublicacionMascotaId, publicacionMascotaId, mascotaId, contenido, fechaComentario) values (247, 26, 98, 'soy un comentario', '2023-06-16 00:03:48');
insert into comentarioPublicacionMascota (comentarioPublicacionMascotaId, publicacionMascotaId, mascotaId, contenido, fechaComentario) values (248, 10, 46, 'soy un comentario', '2023-06-25 07:57:03');
insert into comentarioPublicacionMascota (comentarioPublicacionMascotaId, publicacionMascotaId, mascotaId, contenido, fechaComentario) values (249, 4, 69, 'soy un comentario', '2023-08-30 18:14:27');
insert into comentarioPublicacionMascota (comentarioPublicacionMascotaId, publicacionMascotaId, mascotaId, contenido, fechaComentario) values (250, 48, 65, 'soy un comentario', '2022-06-16 22:13:18');
insert into comentarioPublicacionMascota (comentarioPublicacionMascotaId, publicacionMascotaId, mascotaId, contenido, fechaComentario) values (251, 6, 88, 'soy un comentario', '2022-04-18 06:02:12');
insert into comentarioPublicacionMascota (comentarioPublicacionMascotaId, publicacionMascotaId, mascotaId, contenido, fechaComentario) values (252, 27, 8, 'soy un comentario', '2023-12-09 03:31:59');
insert into comentarioPublicacionMascota (comentarioPublicacionMascotaId, publicacionMascotaId, mascotaId, contenido, fechaComentario) values (253, 28, 92, 'soy un comentario', '2022-12-04 11:26:05');
insert into comentarioPublicacionMascota (comentarioPublicacionMascotaId, publicacionMascotaId, mascotaId, contenido, fechaComentario) values (254, 40, 21, 'soy un comentario', '2022-07-13 07:08:52');
insert into comentarioPublicacionMascota (comentarioPublicacionMascotaId, publicacionMascotaId, mascotaId, contenido, fechaComentario) values (255, 27, 1, 'soy un comentario', '2023-11-06 02:57:41');
insert into comentarioPublicacionMascota (comentarioPublicacionMascotaId, publicacionMascotaId, mascotaId, contenido, fechaComentario) values (256, 20, 75, 'soy un comentario', '2023-11-09 22:46:03');
insert into comentarioPublicacionMascota (comentarioPublicacionMascotaId, publicacionMascotaId, mascotaId, contenido, fechaComentario) values (257, 28, 50, 'soy un comentario', '2023-03-04 14:28:54');
insert into comentarioPublicacionMascota (comentarioPublicacionMascotaId, publicacionMascotaId, mascotaId, contenido, fechaComentario) values (258, 8, 8, 'soy un comentario', '2022-06-04 16:59:06');
insert into comentarioPublicacionMascota (comentarioPublicacionMascotaId, publicacionMascotaId, mascotaId, contenido, fechaComentario) values (259, 3, 7, 'soy un comentario', '2023-05-28 09:01:39');
insert into comentarioPublicacionMascota (comentarioPublicacionMascotaId, publicacionMascotaId, mascotaId, contenido, fechaComentario) values (260, 47, 6, 'soy un comentario', '2022-12-20 20:49:46');
insert into comentarioPublicacionMascota (comentarioPublicacionMascotaId, publicacionMascotaId, mascotaId, contenido, fechaComentario) values (261, 17, 59, 'soy un comentario', '2022-07-18 08:43:40');
insert into comentarioPublicacionMascota (comentarioPublicacionMascotaId, publicacionMascotaId, mascotaId, contenido, fechaComentario) values (262, 42, 90, 'soy un comentario', '2023-05-27 03:05:30');
insert into comentarioPublicacionMascota (comentarioPublicacionMascotaId, publicacionMascotaId, mascotaId, contenido, fechaComentario) values (263, 28, 33, 'soy un comentario', '2022-11-09 16:42:10');
insert into comentarioPublicacionMascota (comentarioPublicacionMascotaId, publicacionMascotaId, mascotaId, contenido, fechaComentario) values (264, 26, 96, 'soy un comentario', '2023-03-03 12:41:35');
insert into comentarioPublicacionMascota (comentarioPublicacionMascotaId, publicacionMascotaId, mascotaId, contenido, fechaComentario) values (265, 50, 11, 'soy un comentario', '2022-11-12 03:24:26');
insert into comentarioPublicacionMascota (comentarioPublicacionMascotaId, publicacionMascotaId, mascotaId, contenido, fechaComentario) values (266, 40, 9, 'soy un comentario', '2023-03-28 01:16:09');
insert into comentarioPublicacionMascota (comentarioPublicacionMascotaId, publicacionMascotaId, mascotaId, contenido, fechaComentario) values (267, 49, 33, 'soy un comentario', '2023-03-09 03:58:35');
insert into comentarioPublicacionMascota (comentarioPublicacionMascotaId, publicacionMascotaId, mascotaId, contenido, fechaComentario) values (268, 21, 96, 'soy un comentario', '2022-02-19 18:22:13');
insert into comentarioPublicacionMascota (comentarioPublicacionMascotaId, publicacionMascotaId, mascotaId, contenido, fechaComentario) values (269, 45, 98, 'soy un comentario', '2022-03-30 15:07:56');
insert into comentarioPublicacionMascota (comentarioPublicacionMascotaId, publicacionMascotaId, mascotaId, contenido, fechaComentario) values (270, 44, 3, 'soy un comentario', '2023-04-20 16:42:39');
insert into comentarioPublicacionMascota (comentarioPublicacionMascotaId, publicacionMascotaId, mascotaId, contenido, fechaComentario) values (271, 16, 17, 'soy un comentario', '2023-02-08 09:21:05');
insert into comentarioPublicacionMascota (comentarioPublicacionMascotaId, publicacionMascotaId, mascotaId, contenido, fechaComentario) values (272, 27, 63, 'soy un comentario', '2022-08-18 09:51:02');
insert into comentarioPublicacionMascota (comentarioPublicacionMascotaId, publicacionMascotaId, mascotaId, contenido, fechaComentario) values (273, 3, 11, 'soy un comentario', '2022-07-16 08:29:26');
insert into comentarioPublicacionMascota (comentarioPublicacionMascotaId, publicacionMascotaId, mascotaId, contenido, fechaComentario) values (274, 18, 10, 'soy un comentario', '2022-05-07 08:50:05');
insert into comentarioPublicacionMascota (comentarioPublicacionMascotaId, publicacionMascotaId, mascotaId, contenido, fechaComentario) values (275, 23, 26, 'soy un comentario', '2022-04-18 13:10:39');
insert into comentarioPublicacionMascota (comentarioPublicacionMascotaId, publicacionMascotaId, mascotaId, contenido, fechaComentario) values (276, 41, 95, 'soy un comentario', '2023-10-23 23:02:58');
insert into comentarioPublicacionMascota (comentarioPublicacionMascotaId, publicacionMascotaId, mascotaId, contenido, fechaComentario) values (277, 16, 42, 'soy un comentario', '2023-05-20 04:03:51');
insert into comentarioPublicacionMascota (comentarioPublicacionMascotaId, publicacionMascotaId, mascotaId, contenido, fechaComentario) values (278, 12, 32, 'soy un comentario', '2023-05-31 16:05:14');
insert into comentarioPublicacionMascota (comentarioPublicacionMascotaId, publicacionMascotaId, mascotaId, contenido, fechaComentario) values (279, 2, 75, 'soy un comentario', '2023-11-27 02:32:09');
insert into comentarioPublicacionMascota (comentarioPublicacionMascotaId, publicacionMascotaId, mascotaId, contenido, fechaComentario) values (280, 30, 34, 'soy un comentario', '2023-11-27 19:06:42');
insert into comentarioPublicacionMascota (comentarioPublicacionMascotaId, publicacionMascotaId, mascotaId, contenido, fechaComentario) values (281, 45, 76, 'soy un comentario', '2022-02-26 02:26:12');
insert into comentarioPublicacionMascota (comentarioPublicacionMascotaId, publicacionMascotaId, mascotaId, contenido, fechaComentario) values (282, 37, 83, 'soy un comentario', '2022-11-28 18:43:21');
insert into comentarioPublicacionMascota (comentarioPublicacionMascotaId, publicacionMascotaId, mascotaId, contenido, fechaComentario) values (283, 3, 55, 'soy un comentario', '2023-11-19 02:29:55');
insert into comentarioPublicacionMascota (comentarioPublicacionMascotaId, publicacionMascotaId, mascotaId, contenido, fechaComentario) values (284, 50, 8, 'soy un comentario', '2022-02-03 15:09:34');
insert into comentarioPublicacionMascota (comentarioPublicacionMascotaId, publicacionMascotaId, mascotaId, contenido, fechaComentario) values (285, 38, 82, 'soy un comentario', '2022-07-12 22:08:57');
insert into comentarioPublicacionMascota (comentarioPublicacionMascotaId, publicacionMascotaId, mascotaId, contenido, fechaComentario) values (286, 37, 56, 'soy un comentario', '2023-06-18 21:57:23');
insert into comentarioPublicacionMascota (comentarioPublicacionMascotaId, publicacionMascotaId, mascotaId, contenido, fechaComentario) values (287, 16, 75, 'soy un comentario', '2022-08-09 04:45:51');
insert into comentarioPublicacionMascota (comentarioPublicacionMascotaId, publicacionMascotaId, mascotaId, contenido, fechaComentario) values (288, 27, 75, 'soy un comentario', '2022-12-13 20:23:54');
insert into comentarioPublicacionMascota (comentarioPublicacionMascotaId, publicacionMascotaId, mascotaId, contenido, fechaComentario) values (289, 14, 76, 'soy un comentario', '2022-07-19 00:10:26');
insert into comentarioPublicacionMascota (comentarioPublicacionMascotaId, publicacionMascotaId, mascotaId, contenido, fechaComentario) values (290, 48, 54, 'soy un comentario', '2022-11-23 20:32:06');
insert into comentarioPublicacionMascota (comentarioPublicacionMascotaId, publicacionMascotaId, mascotaId, contenido, fechaComentario) values (291, 28, 98, 'soy un comentario', '2023-08-16 13:41:28');
insert into comentarioPublicacionMascota (comentarioPublicacionMascotaId, publicacionMascotaId, mascotaId, contenido, fechaComentario) values (292, 12, 29, 'soy un comentario', '2022-08-22 18:34:09');
insert into comentarioPublicacionMascota (comentarioPublicacionMascotaId, publicacionMascotaId, mascotaId, contenido, fechaComentario) values (293, 30, 91, 'soy un comentario', '2022-03-21 04:41:26');
insert into comentarioPublicacionMascota (comentarioPublicacionMascotaId, publicacionMascotaId, mascotaId, contenido, fechaComentario) values (294, 21, 50, 'soy un comentario', '2022-11-30 17:02:46');
insert into comentarioPublicacionMascota (comentarioPublicacionMascotaId, publicacionMascotaId, mascotaId, contenido, fechaComentario) values (295, 8, 100, 'soy un comentario', '2023-02-14 09:20:22');
insert into comentarioPublicacionMascota (comentarioPublicacionMascotaId, publicacionMascotaId, mascotaId, contenido, fechaComentario) values (296, 21, 86, 'soy un comentario', '2023-03-03 04:50:08');
insert into comentarioPublicacionMascota (comentarioPublicacionMascotaId, publicacionMascotaId, mascotaId, contenido, fechaComentario) values (297, 30, 55, 'soy un comentario', '2022-04-18 13:09:45');
insert into comentarioPublicacionMascota (comentarioPublicacionMascotaId, publicacionMascotaId, mascotaId, contenido, fechaComentario) values (298, 42, 51, 'soy un comentario', '2022-07-01 19:52:51');
insert into comentarioPublicacionMascota (comentarioPublicacionMascotaId, publicacionMascotaId, mascotaId, contenido, fechaComentario) values (299, 35, 3, 'soy un comentario', '2022-10-02 08:02:47');

-- datos denunciaPublicacionMascota
insert into denunciaPublicacionMascota (denunciaPublicacionMascotaId, publicacionMascotaId, mascotaId, motivo, descripcion, fechaDenuncia) values (1, 38, 1, 'Otro', 'Aqui deberia ir una descripción de una denuncia', '2023-12-08 10:44:46');
insert into denunciaPublicacionMascota (denunciaPublicacionMascotaId, publicacionMascotaId, mascotaId, motivo, descripcion, fechaDenuncia) values (2, 3, 2, 'Contenido inapropiado', 'Aqui deberia ir una descripción de una denuncia', '2022-05-18 14:05:17');
insert into denunciaPublicacionMascota (denunciaPublicacionMascotaId, publicacionMascotaId, mascotaId, motivo, descripcion, fechaDenuncia) values (3, 43, 3, 'Maltrato animal', 'Aqui deberia ir una descripción de una denuncia', '2022-07-01 06:19:10');
insert into denunciaPublicacionMascota (denunciaPublicacionMascotaId, publicacionMascotaId, mascotaId, motivo, descripcion, fechaDenuncia) values (4, 6, 4, 'Contenido inapropiado', 'Aqui deberia ir una descripción de una denuncia', '2023-03-08 18:19:02');
insert into denunciaPublicacionMascota (denunciaPublicacionMascotaId, publicacionMascotaId, mascotaId, motivo, descripcion, fechaDenuncia) values (5, 39, 5, 'Contenido inapropiado', 'Aqui deberia ir una descripción de una denuncia', '2022-03-26 05:07:24');
insert into denunciaPublicacionMascota (denunciaPublicacionMascotaId, publicacionMascotaId, mascotaId, motivo, descripcion, fechaDenuncia) values (6, 7, 6, 'Otro', 'Aqui deberia ir una descripción de una denuncia', '2022-07-08 13:03:34');
insert into denunciaPublicacionMascota (denunciaPublicacionMascotaId, publicacionMascotaId, mascotaId, motivo, descripcion, fechaDenuncia) values (7, 45, 7, 'Fraude', 'Aqui deberia ir una descripción de una denuncia', '2023-01-01 08:34:38');
insert into denunciaPublicacionMascota (denunciaPublicacionMascotaId, publicacionMascotaId, mascotaId, motivo, descripcion, fechaDenuncia) values (8, 34, 8, 'Otro', 'Aqui deberia ir una descripción de una denuncia', '2022-10-23 19:49:55');
insert into denunciaPublicacionMascota (denunciaPublicacionMascotaId, publicacionMascotaId, mascotaId, motivo, descripcion, fechaDenuncia) values (9, 32, 9, 'Otro', 'Aqui deberia ir una descripción de una denuncia', '2023-09-14 20:31:35');
insert into denunciaPublicacionMascota (denunciaPublicacionMascotaId, publicacionMascotaId, mascotaId, motivo, descripcion, fechaDenuncia) values (10, 22, 10, 'Fraude', 'Aqui deberia ir una descripción de una denuncia', '2022-09-18 22:45:39');
insert into denunciaPublicacionMascota (denunciaPublicacionMascotaId, publicacionMascotaId, mascotaId, motivo, descripcion, fechaDenuncia) values (11, 46, 11, 'Contenido inapropiado', 'Aqui deberia ir una descripción de una denuncia', '2022-05-11 01:43:57');
insert into denunciaPublicacionMascota (denunciaPublicacionMascotaId, publicacionMascotaId, mascotaId, motivo, descripcion, fechaDenuncia) values (12, 11, 12, 'Fraude', 'Aqui deberia ir una descripción de una denuncia', '2023-01-03 03:49:35');
insert into denunciaPublicacionMascota (denunciaPublicacionMascotaId, publicacionMascotaId, mascotaId, motivo, descripcion, fechaDenuncia) values (13, 22, 13, 'Contenido inapropiado', 'Aqui deberia ir una descripción de una denuncia', '2023-01-04 09:22:07');
insert into denunciaPublicacionMascota (denunciaPublicacionMascotaId, publicacionMascotaId, mascotaId, motivo, descripcion, fechaDenuncia) values (14, 1, 14, 'Contenido inapropiado', 'Aqui deberia ir una descripción de una denuncia', '2023-07-04 08:45:44');
insert into denunciaPublicacionMascota (denunciaPublicacionMascotaId, publicacionMascotaId, mascotaId, motivo, descripcion, fechaDenuncia) values (15, 41, 15, 'Fraude', 'Aqui deberia ir una descripción de una denuncia', '2023-06-29 19:22:10');
insert into denunciaPublicacionMascota (denunciaPublicacionMascotaId, publicacionMascotaId, mascotaId, motivo, descripcion, fechaDenuncia) values (16, 39, 16, 'Otro', 'Aqui deberia ir una descripción de una denuncia', '2022-06-20 05:51:24');
insert into denunciaPublicacionMascota (denunciaPublicacionMascotaId, publicacionMascotaId, mascotaId, motivo, descripcion, fechaDenuncia) values (17, 9, 17, 'Fraude', 'Aqui deberia ir una descripción de una denuncia', '2022-08-21 04:43:11');
insert into denunciaPublicacionMascota (denunciaPublicacionMascotaId, publicacionMascotaId, mascotaId, motivo, descripcion, fechaDenuncia) values (18, 37, 18, 'Otro', 'Aqui deberia ir una descripción de una denuncia', '2022-05-06 03:49:17');
insert into denunciaPublicacionMascota (denunciaPublicacionMascotaId, publicacionMascotaId, mascotaId, motivo, descripcion, fechaDenuncia) values (19, 2, 19, 'Contenido inapropiado', 'Aqui deberia ir una descripción de una denuncia', '2023-07-12 10:44:05');
insert into denunciaPublicacionMascota (denunciaPublicacionMascotaId, publicacionMascotaId, mascotaId, motivo, descripcion, fechaDenuncia) values (20, 15, 20, 'Fraude', 'Aqui deberia ir una descripción de una denuncia', '2022-10-02 20:13:29');
insert into denunciaPublicacionMascota (denunciaPublicacionMascotaId, publicacionMascotaId, mascotaId, motivo, descripcion, fechaDenuncia) values (21, 49, 21, 'Otro', 'Aqui deberia ir una descripción de una denuncia', '2022-03-04 19:15:26');
insert into denunciaPublicacionMascota (denunciaPublicacionMascotaId, publicacionMascotaId, mascotaId, motivo, descripcion, fechaDenuncia) values (22, 12, 22, 'Maltrato animal', 'Aqui deberia ir una descripción de una denuncia', '2023-03-24 08:19:30');
insert into denunciaPublicacionMascota (denunciaPublicacionMascotaId, publicacionMascotaId, mascotaId, motivo, descripcion, fechaDenuncia) values (23, 49, 23, 'Fraude', 'Aqui deberia ir una descripción de una denuncia', '2023-11-13 14:56:55');
insert into denunciaPublicacionMascota (denunciaPublicacionMascotaId, publicacionMascotaId, mascotaId, motivo, descripcion, fechaDenuncia) values (24, 42, 24, 'Otro', 'Aqui deberia ir una descripción de una denuncia', '2023-06-29 20:35:53');
insert into denunciaPublicacionMascota (denunciaPublicacionMascotaId, publicacionMascotaId, mascotaId, motivo, descripcion, fechaDenuncia) values (25, 14, 25, 'Contenido inapropiado', 'Aqui deberia ir una descripción de una denuncia', '2023-01-19 09:36:49');
insert into denunciaPublicacionMascota (denunciaPublicacionMascotaId, publicacionMascotaId, mascotaId, motivo, descripcion, fechaDenuncia) values (26, 11, 26, 'Maltrato animal', 'Aqui deberia ir una descripción de una denuncia', '2022-01-29 13:16:39');
insert into denunciaPublicacionMascota (denunciaPublicacionMascotaId, publicacionMascotaId, mascotaId, motivo, descripcion, fechaDenuncia) values (27, 20, 27, 'Maltrato animal', 'Aqui deberia ir una descripción de una denuncia', '2022-07-25 11:03:49');
insert into denunciaPublicacionMascota (denunciaPublicacionMascotaId, publicacionMascotaId, mascotaId, motivo, descripcion, fechaDenuncia) values (28, 27, 28, 'Maltrato animal', 'Aqui deberia ir una descripción de una denuncia', '2023-01-30 02:32:41');
insert into denunciaPublicacionMascota (denunciaPublicacionMascotaId, publicacionMascotaId, mascotaId, motivo, descripcion, fechaDenuncia) values (29, 39, 29, 'Maltrato animal', 'Aqui deberia ir una descripción de una denuncia', '2022-05-17 08:22:55');
insert into denunciaPublicacionMascota (denunciaPublicacionMascotaId, publicacionMascotaId, mascotaId, motivo, descripcion, fechaDenuncia) values (30, 4, 30, 'Fraude', 'Aqui deberia ir una descripción de una denuncia', '2023-05-12 20:34:55');
insert into denunciaPublicacionMascota (denunciaPublicacionMascotaId, publicacionMascotaId, mascotaId, motivo, descripcion, fechaDenuncia) values (31, 13, 31, 'Contenido inapropiado', 'Aqui deberia ir una descripción de una denuncia', '2023-12-16 03:46:55');
insert into denunciaPublicacionMascota (denunciaPublicacionMascotaId, publicacionMascotaId, mascotaId, motivo, descripcion, fechaDenuncia) values (32, 1, 32, 'Otro', 'Aqui deberia ir una descripción de una denuncia', '2023-10-18 13:41:24');
insert into denunciaPublicacionMascota (denunciaPublicacionMascotaId, publicacionMascotaId, mascotaId, motivo, descripcion, fechaDenuncia) values (33, 34, 33, 'Contenido inapropiado', 'Aqui deberia ir una descripción de una denuncia', '2022-02-26 23:02:26');
insert into denunciaPublicacionMascota (denunciaPublicacionMascotaId, publicacionMascotaId, mascotaId, motivo, descripcion, fechaDenuncia) values (34, 44, 34, 'Otro', 'Aqui deberia ir una descripción de una denuncia', '2022-09-09 08:54:52');
insert into denunciaPublicacionMascota (denunciaPublicacionMascotaId, publicacionMascotaId, mascotaId, motivo, descripcion, fechaDenuncia) values (35, 13, 35, 'Fraude', 'Aqui deberia ir una descripción de una denuncia', '2022-09-21 20:35:26');
insert into denunciaPublicacionMascota (denunciaPublicacionMascotaId, publicacionMascotaId, mascotaId, motivo, descripcion, fechaDenuncia) values (36, 9, 36, 'Otro', 'Aqui deberia ir una descripción de una denuncia', '2022-11-03 17:28:43');
insert into denunciaPublicacionMascota (denunciaPublicacionMascotaId, publicacionMascotaId, mascotaId, motivo, descripcion, fechaDenuncia) values (37, 8, 37, 'Fraude', 'Aqui deberia ir una descripción de una denuncia', '2022-08-11 12:38:27');
insert into denunciaPublicacionMascota (denunciaPublicacionMascotaId, publicacionMascotaId, mascotaId, motivo, descripcion, fechaDenuncia) values (38, 4, 38, 'Maltrato animal', 'Aqui deberia ir una descripción de una denuncia', '2022-07-15 16:06:45');
insert into denunciaPublicacionMascota (denunciaPublicacionMascotaId, publicacionMascotaId, mascotaId, motivo, descripcion, fechaDenuncia) values (39, 50, 39, 'Otro', 'Aqui deberia ir una descripción de una denuncia', '2022-01-29 06:02:19');
insert into denunciaPublicacionMascota (denunciaPublicacionMascotaId, publicacionMascotaId, mascotaId, motivo, descripcion, fechaDenuncia) values (40, 47, 40, 'Fraude', 'Aqui deberia ir una descripción de una denuncia', '2023-04-29 17:02:49');
insert into denunciaPublicacionMascota (denunciaPublicacionMascotaId, publicacionMascotaId, mascotaId, motivo, descripcion, fechaDenuncia) values (41, 40, 41, 'Fraude', 'Aqui deberia ir una descripción de una denuncia', '2022-08-18 03:30:58');
insert into denunciaPublicacionMascota (denunciaPublicacionMascotaId, publicacionMascotaId, mascotaId, motivo, descripcion, fechaDenuncia) values (42, 15, 42, 'Fraude', 'Aqui deberia ir una descripción de una denuncia', '2023-03-01 16:03:07');
insert into denunciaPublicacionMascota (denunciaPublicacionMascotaId, publicacionMascotaId, mascotaId, motivo, descripcion, fechaDenuncia) values (43, 37, 43, 'Otro', 'Aqui deberia ir una descripción de una denuncia', '2022-05-29 07:02:08');
insert into denunciaPublicacionMascota (denunciaPublicacionMascotaId, publicacionMascotaId, mascotaId, motivo, descripcion, fechaDenuncia) values (44, 43, 44, 'Fraude', 'Aqui deberia ir una descripción de una denuncia', '2023-08-18 17:53:31');
insert into denunciaPublicacionMascota (denunciaPublicacionMascotaId, publicacionMascotaId, mascotaId, motivo, descripcion, fechaDenuncia) values (45, 47, 45, 'Maltrato animal', 'Aqui deberia ir una descripción de una denuncia', '2022-05-24 10:42:06');
insert into denunciaPublicacionMascota (denunciaPublicacionMascotaId, publicacionMascotaId, mascotaId, motivo, descripcion, fechaDenuncia) values (46, 28, 46, 'Maltrato animal', 'Aqui deberia ir una descripción de una denuncia', '2022-04-06 21:20:15');
insert into denunciaPublicacionMascota (denunciaPublicacionMascotaId, publicacionMascotaId, mascotaId, motivo, descripcion, fechaDenuncia) values (47, 12, 47, 'Fraude', 'Aqui deberia ir una descripción de una denuncia', '2023-10-18 12:46:04');
insert into denunciaPublicacionMascota (denunciaPublicacionMascotaId, publicacionMascotaId, mascotaId, motivo, descripcion, fechaDenuncia) values (48, 43, 48, 'Fraude', 'Aqui deberia ir una descripción de una denuncia', '2022-06-20 12:06:58');
insert into denunciaPublicacionMascota (denunciaPublicacionMascotaId, publicacionMascotaId, mascotaId, motivo, descripcion, fechaDenuncia) values (49, 22, 49, 'Maltrato animal', 'Aqui deberia ir una descripción de una denuncia', '2023-05-18 22:14:21');
insert into denunciaPublicacionMascota (denunciaPublicacionMascotaId, publicacionMascotaId, mascotaId, motivo, descripcion, fechaDenuncia) values (50, 3, 50, 'Otro', 'Aqui deberia ir una descripción de una denuncia', '2023-01-22 15:41:25');

-- Datos pagina
insert into pagina (paginaId, nombre, mascotaId) values (1, 'pagina 1', 22);
insert into pagina (paginaId, nombre, mascotaId) values (2, 'pagina 2', 63);
insert into pagina (paginaId, nombre, mascotaId) values (3, 'pagina 3', 50);
insert into pagina (paginaId, nombre, mascotaId) values (4, 'pagina 4', 70);
insert into pagina (paginaId, nombre, mascotaId) values (5, 'pagina 5', 26);
insert into pagina (paginaId, nombre, mascotaId) values (6, 'pagina 6', 77);
insert into pagina (paginaId, nombre, mascotaId) values (7, 'pagina 7', 16);
insert into pagina (paginaId, nombre, mascotaId) values (8, 'pagina 8', 86);
insert into pagina (paginaId, nombre, mascotaId) values (9, 'pagina 9', 65);
insert into pagina (paginaId, nombre, mascotaId) values (10, 'pagina 10', 83);
insert into pagina (paginaId, nombre, mascotaId) values (11, 'pagina 11', 38);
insert into pagina (paginaId, nombre, mascotaId) values (12, 'pagina 12', 40);
insert into pagina (paginaId, nombre, mascotaId) values (13, 'pagina 13', 3);
insert into pagina (paginaId, nombre, mascotaId) values (14, 'pagina 14', 6);
insert into pagina (paginaId, nombre, mascotaId) values (15, 'pagina 15', 13);
insert into pagina (paginaId, nombre, mascotaId) values (16, 'pagina 16', 18);
insert into pagina (paginaId, nombre, mascotaId) values (17, 'pagina 17', 66);
insert into pagina (paginaId, nombre, mascotaId) values (18, 'pagina 18', 50);
insert into pagina (paginaId, nombre, mascotaId) values (19, 'pagina 19', 24);
insert into pagina (paginaId, nombre, mascotaId) values (20, 'pagina 20', 58);
insert into pagina (paginaId, nombre, mascotaId) values (21, 'pagina 21', 32);
insert into pagina (paginaId, nombre, mascotaId) values (22, 'pagina 22', 41);
insert into pagina (paginaId, nombre, mascotaId) values (23, 'pagina 23', 4);
insert into pagina (paginaId, nombre, mascotaId) values (24, 'pagina 24', 17);
insert into pagina (paginaId, nombre, mascotaId) values (25, 'pagina 25', 82);
insert into pagina (paginaId, nombre, mascotaId) values (26, 'pagina 26', 90);
insert into pagina (paginaId, nombre, mascotaId) values (27, 'pagina 27', 78);
insert into pagina (paginaId, nombre, mascotaId) values (28, 'pagina 28', 56);
insert into pagina (paginaId, nombre, mascotaId) values (29, 'pagina 29', 67);
insert into pagina (paginaId, nombre, mascotaId) values (30, 'pagina 30', 18);
insert into pagina (paginaId, nombre, mascotaId) values (31, 'pagina 31', 16);
insert into pagina (paginaId, nombre, mascotaId) values (32, 'pagina 32', 77);
insert into pagina (paginaId, nombre, mascotaId) values (33, 'pagina 33', 30);
insert into pagina (paginaId, nombre, mascotaId) values (34, 'pagina 34', 25);
insert into pagina (paginaId, nombre, mascotaId) values (35, 'pagina 35', 9);
insert into pagina (paginaId, nombre, mascotaId) values (36, 'pagina 36', 23);
insert into pagina (paginaId, nombre, mascotaId) values (37, 'pagina 37', 19);
insert into pagina (paginaId, nombre, mascotaId) values (38, 'pagina 38', 90);
insert into pagina (paginaId, nombre, mascotaId) values (39, 'pagina 39', 42);
insert into pagina (paginaId, nombre, mascotaId) values (40, 'pagina 40', 32);
insert into pagina (paginaId, nombre, mascotaId) values (41, 'pagina 41', 70);
insert into pagina (paginaId, nombre, mascotaId) values (42, 'pagina 42', 46);
insert into pagina (paginaId, nombre, mascotaId) values (43, 'pagina 43', 69);
insert into pagina (paginaId, nombre, mascotaId) values (44, 'pagina 44', 55);
insert into pagina (paginaId, nombre, mascotaId) values (45, 'pagina 45', 16);
insert into pagina (paginaId, nombre, mascotaId) values (46, 'pagina 46', 2);
insert into pagina (paginaId, nombre, mascotaId) values (47, 'pagina 47', 62);
insert into pagina (paginaId, nombre, mascotaId) values (48, 'pagina 48', 12);
insert into pagina (paginaId, nombre, mascotaId) values (49, 'pagina 49', 100);
insert into pagina (paginaId, nombre, mascotaId) values (50, 'pagina 50', 69);
insert into pagina (paginaId, nombre, mascotaId) values (51, 'pagina 51', 70);
insert into pagina (paginaId, nombre, mascotaId) values (52, 'pagina 52', 67);
insert into pagina (paginaId, nombre, mascotaId) values (53, 'pagina 53', 32);
insert into pagina (paginaId, nombre, mascotaId) values (54, 'pagina 54', 35);
insert into pagina (paginaId, nombre, mascotaId) values (55, 'pagina 55', 84);
insert into pagina (paginaId, nombre, mascotaId) values (56, 'pagina 56', 75);
insert into pagina (paginaId, nombre, mascotaId) values (57, 'pagina 57', 40);
insert into pagina (paginaId, nombre, mascotaId) values (58, 'pagina 58', 12);
insert into pagina (paginaId, nombre, mascotaId) values (59, 'pagina 59', 68);
insert into pagina (paginaId, nombre, mascotaId) values (60, 'pagina 60', 24);
insert into pagina (paginaId, nombre, mascotaId) values (61, 'pagina 61', 42);
insert into pagina (paginaId, nombre, mascotaId) values (62, 'pagina 62', 75);
insert into pagina (paginaId, nombre, mascotaId) values (63, 'pagina 63', 55);
insert into pagina (paginaId, nombre, mascotaId) values (64, 'pagina 64', 22);
insert into pagina (paginaId, nombre, mascotaId) values (65, 'pagina 65', 12);
insert into pagina (paginaId, nombre, mascotaId) values (66, 'pagina 66', 29);
insert into pagina (paginaId, nombre, mascotaId) values (67, 'pagina 67', 62);
insert into pagina (paginaId, nombre, mascotaId) values (68, 'pagina 68', 35);
insert into pagina (paginaId, nombre, mascotaId) values (69, 'pagina 69', 38);
insert into pagina (paginaId, nombre, mascotaId) values (70, 'pagina 70', 49);
insert into pagina (paginaId, nombre, mascotaId) values (71, 'pagina 71', 38);
insert into pagina (paginaId, nombre, mascotaId) values (72, 'pagina 72', 28);
insert into pagina (paginaId, nombre, mascotaId) values (73, 'pagina 73', 94);
insert into pagina (paginaId, nombre, mascotaId) values (74, 'pagina 74', 40);
insert into pagina (paginaId, nombre, mascotaId) values (75, 'pagina 75', 48);
insert into pagina (paginaId, nombre, mascotaId) values (76, 'pagina 76', 32);
insert into pagina (paginaId, nombre, mascotaId) values (77, 'pagina 77', 52);
insert into pagina (paginaId, nombre, mascotaId) values (78, 'pagina 78', 32);
insert into pagina (paginaId, nombre, mascotaId) values (79, 'pagina 79', 28);
insert into pagina (paginaId, nombre, mascotaId) values (80, 'pagina 80', 5);
insert into pagina (paginaId, nombre, mascotaId) values (81, 'pagina 81', 100);
insert into pagina (paginaId, nombre, mascotaId) values (82, 'pagina 82', 97);
insert into pagina (paginaId, nombre, mascotaId) values (83, 'pagina 83', 81);
insert into pagina (paginaId, nombre, mascotaId) values (84, 'pagina 84', 50);
insert into pagina (paginaId, nombre, mascotaId) values (85, 'pagina 85', 76);
insert into pagina (paginaId, nombre, mascotaId) values (86, 'pagina 86', 26);
insert into pagina (paginaId, nombre, mascotaId) values (87, 'pagina 87', 68);
insert into pagina (paginaId, nombre, mascotaId) values (88, 'pagina 88', 55);
insert into pagina (paginaId, nombre, mascotaId) values (89, 'pagina 89', 89);
insert into pagina (paginaId, nombre, mascotaId) values (90, 'pagina 90', 42);
insert into pagina (paginaId, nombre, mascotaId) values (91, 'pagina 91', 29);
insert into pagina (paginaId, nombre, mascotaId) values (92, 'pagina 92', 85);
insert into pagina (paginaId, nombre, mascotaId) values (93, 'pagina 93', 100);
insert into pagina (paginaId, nombre, mascotaId) values (94, 'pagina 94', 73);
insert into pagina (paginaId, nombre, mascotaId) values (95, 'pagina 95', 86);
insert into pagina (paginaId, nombre, mascotaId) values (96, 'pagina 96', 56);
insert into pagina (paginaId, nombre, mascotaId) values (97, 'pagina 97', 60);
insert into pagina (paginaId, nombre, mascotaId) values (98, 'pagina 98', 71);
insert into pagina (paginaId, nombre, mascotaId) values (99, 'pagina 99', 89);
insert into pagina (paginaId, nombre, mascotaId) values (100, 'pagina 100', 61);


-- Datos publicacion pagina
insert into publicacionPagina (publicacionPaginaId, paginaId, descripcion, fechaPublicacion) values (1, 24, 'descripción1', '2023-04-07 06:50:33');
insert into publicacionPagina (publicacionPaginaId, paginaId, descripcion, fechaPublicacion) values (2, 80, 'descripción2', '2023-01-04 11:55:00');
insert into publicacionPagina (publicacionPaginaId, paginaId, descripcion, fechaPublicacion) values (3, 33, 'descripción3', '2023-09-16 10:52:40');
insert into publicacionPagina (publicacionPaginaId, paginaId, descripcion, fechaPublicacion) values (4, 17, 'descripción4', '2022-08-30 21:19:43');
insert into publicacionPagina (publicacionPaginaId, paginaId, descripcion, fechaPublicacion) values (5, 73, 'descripción5', '2023-08-22 03:52:17');
insert into publicacionPagina (publicacionPaginaId, paginaId, descripcion, fechaPublicacion) values (6, 49, 'descripción6', '2023-08-07 18:49:39');
insert into publicacionPagina (publicacionPaginaId, paginaId, descripcion, fechaPublicacion) values (7, 92, 'descripción7', '2022-06-01 15:36:14');
insert into publicacionPagina (publicacionPaginaId, paginaId, descripcion, fechaPublicacion) values (8, 43, 'descripción8', '2023-03-11 08:54:28');
insert into publicacionPagina (publicacionPaginaId, paginaId, descripcion, fechaPublicacion) values (9, 83, 'descripción9', '2023-10-27 21:10:55');
insert into publicacionPagina (publicacionPaginaId, paginaId, descripcion, fechaPublicacion) values (10, 55, 'descripción10', '2023-03-26 16:28:08');
insert into publicacionPagina (publicacionPaginaId, paginaId, descripcion, fechaPublicacion) values (11, 85, 'descripción11', '2022-12-06 20:48:50');
insert into publicacionPagina (publicacionPaginaId, paginaId, descripcion, fechaPublicacion) values (12, 10, 'descripción12', '2022-03-24 14:12:45');
insert into publicacionPagina (publicacionPaginaId, paginaId, descripcion, fechaPublicacion) values (13, 27, 'descripción13', '2023-04-24 03:29:38');
insert into publicacionPagina (publicacionPaginaId, paginaId, descripcion, fechaPublicacion) values (14, 77, 'descripción14', '2022-09-15 06:08:00');
insert into publicacionPagina (publicacionPaginaId, paginaId, descripcion, fechaPublicacion) values (15, 30, 'descripción15', '2023-07-30 14:17:14');
insert into publicacionPagina (publicacionPaginaId, paginaId, descripcion, fechaPublicacion) values (16, 30, 'descripción16', '2022-01-17 14:36:30');
insert into publicacionPagina (publicacionPaginaId, paginaId, descripcion, fechaPublicacion) values (17, 33, 'descripción17', '2023-01-02 05:47:16');
insert into publicacionPagina (publicacionPaginaId, paginaId, descripcion, fechaPublicacion) values (18, 33, 'descripción18', '2023-09-12 23:08:53');
insert into publicacionPagina (publicacionPaginaId, paginaId, descripcion, fechaPublicacion) values (19, 96, 'descripción19', '2023-12-29 18:22:42');
insert into publicacionPagina (publicacionPaginaId, paginaId, descripcion, fechaPublicacion) values (20, 17, 'descripción20', '2022-10-06 20:32:31');
insert into publicacionPagina (publicacionPaginaId, paginaId, descripcion, fechaPublicacion) values (21, 92, 'descripción21', '2023-08-28 13:02:13');
insert into publicacionPagina (publicacionPaginaId, paginaId, descripcion, fechaPublicacion) values (22, 97, 'descripción22', '2023-11-09 19:39:34');
insert into publicacionPagina (publicacionPaginaId, paginaId, descripcion, fechaPublicacion) values (23, 91, 'descripción23', '2022-03-13 15:59:22');
insert into publicacionPagina (publicacionPaginaId, paginaId, descripcion, fechaPublicacion) values (24, 77, 'descripción24', '2022-04-24 02:57:46');
insert into publicacionPagina (publicacionPaginaId, paginaId, descripcion, fechaPublicacion) values (25, 82, 'descripción25', '2022-08-22 07:54:53');
insert into publicacionPagina (publicacionPaginaId, paginaId, descripcion, fechaPublicacion) values (26, 93, 'descripción26', '2023-12-30 09:08:00');
insert into publicacionPagina (publicacionPaginaId, paginaId, descripcion, fechaPublicacion) values (27, 33, 'descripción27', '2023-09-18 07:07:32');
insert into publicacionPagina (publicacionPaginaId, paginaId, descripcion, fechaPublicacion) values (28, 59, 'descripción28', '2022-06-19 12:22:42');
insert into publicacionPagina (publicacionPaginaId, paginaId, descripcion, fechaPublicacion) values (29, 41, 'descripción29', '2023-02-27 14:06:30');
insert into publicacionPagina (publicacionPaginaId, paginaId, descripcion, fechaPublicacion) values (30, 16, 'descripción30', '2023-09-03 04:39:17');
insert into publicacionPagina (publicacionPaginaId, paginaId, descripcion, fechaPublicacion) values (31, 14, 'descripción31', '2022-09-23 03:16:49');
insert into publicacionPagina (publicacionPaginaId, paginaId, descripcion, fechaPublicacion) values (32, 83, 'descripción32', '2022-01-09 02:56:27');
insert into publicacionPagina (publicacionPaginaId, paginaId, descripcion, fechaPublicacion) values (33, 71, 'descripción33', '2023-06-08 23:58:48');
insert into publicacionPagina (publicacionPaginaId, paginaId, descripcion, fechaPublicacion) values (34, 20, 'descripción34', '2023-08-03 22:52:33');
insert into publicacionPagina (publicacionPaginaId, paginaId, descripcion, fechaPublicacion) values (35, 77, 'descripción35', '2022-09-06 13:33:21');
insert into publicacionPagina (publicacionPaginaId, paginaId, descripcion, fechaPublicacion) values (36, 17, 'descripción36', '2022-10-28 03:47:40');
insert into publicacionPagina (publicacionPaginaId, paginaId, descripcion, fechaPublicacion) values (37, 67, 'descripción37', '2023-07-26 19:55:50');
insert into publicacionPagina (publicacionPaginaId, paginaId, descripcion, fechaPublicacion) values (38, 85, 'descripción38', '2023-09-17 14:46:35');
insert into publicacionPagina (publicacionPaginaId, paginaId, descripcion, fechaPublicacion) values (39, 16, 'descripción39', '2023-11-09 06:17:56');
insert into publicacionPagina (publicacionPaginaId, paginaId, descripcion, fechaPublicacion) values (40, 41, 'descripción40', '2022-02-18 19:07:45');
insert into publicacionPagina (publicacionPaginaId, paginaId, descripcion, fechaPublicacion) values (41, 79, 'descripción41', '2022-07-25 22:24:21');
insert into publicacionPagina (publicacionPaginaId, paginaId, descripcion, fechaPublicacion) values (42, 52, 'descripción42', '2022-02-13 09:58:36');
insert into publicacionPagina (publicacionPaginaId, paginaId, descripcion, fechaPublicacion) values (43, 100, 'descripción43', '2022-04-14 21:27:21');
insert into publicacionPagina (publicacionPaginaId, paginaId, descripcion, fechaPublicacion) values (44, 12, 'descripción44', '2023-09-03 08:38:00');
insert into publicacionPagina (publicacionPaginaId, paginaId, descripcion, fechaPublicacion) values (45, 94, 'descripción45', '2022-03-21 23:38:42');
insert into publicacionPagina (publicacionPaginaId, paginaId, descripcion, fechaPublicacion) values (46, 84, 'descripción46', '2022-06-03 21:51:32');
insert into publicacionPagina (publicacionPaginaId, paginaId, descripcion, fechaPublicacion) values (47, 54, 'descripción47', '2022-05-25 08:15:03');
insert into publicacionPagina (publicacionPaginaId, paginaId, descripcion, fechaPublicacion) values (48, 60, 'descripción48', '2023-07-22 06:29:38');
insert into publicacionPagina (publicacionPaginaId, paginaId, descripcion, fechaPublicacion) values (49, 80, 'descripción49', '2023-02-08 11:28:00');
insert into publicacionPagina (publicacionPaginaId, paginaId, descripcion, fechaPublicacion) values (50, 62, 'descripción50', '2022-11-24 13:38:21');
insert into publicacionPagina (publicacionPaginaId, paginaId, descripcion, fechaPublicacion) values (51, 70, 'descripción51', '2022-06-06 19:20:54');
insert into publicacionPagina (publicacionPaginaId, paginaId, descripcion, fechaPublicacion) values (52, 80, 'descripción52', '2023-11-30 12:21:27');
insert into publicacionPagina (publicacionPaginaId, paginaId, descripcion, fechaPublicacion) values (53, 29, 'descripción53', '2022-04-05 22:47:00');
insert into publicacionPagina (publicacionPaginaId, paginaId, descripcion, fechaPublicacion) values (54, 48, 'descripción54', '2023-12-15 18:29:00');
insert into publicacionPagina (publicacionPaginaId, paginaId, descripcion, fechaPublicacion) values (55, 55, 'descripción55', '2022-05-31 20:54:14');
insert into publicacionPagina (publicacionPaginaId, paginaId, descripcion, fechaPublicacion) values (56, 47, 'descripción56', '2023-05-03 11:57:46');
insert into publicacionPagina (publicacionPaginaId, paginaId, descripcion, fechaPublicacion) values (57, 71, 'descripción57', '2023-04-20 15:35:39');
insert into publicacionPagina (publicacionPaginaId, paginaId, descripcion, fechaPublicacion) values (58, 89, 'descripción58', '2022-02-05 18:17:18');
insert into publicacionPagina (publicacionPaginaId, paginaId, descripcion, fechaPublicacion) values (59, 96, 'descripción59', '2022-04-07 14:24:50');
insert into publicacionPagina (publicacionPaginaId, paginaId, descripcion, fechaPublicacion) values (60, 91, 'descripción60', '2023-04-14 07:42:57');
insert into publicacionPagina (publicacionPaginaId, paginaId, descripcion, fechaPublicacion) values (61, 21, 'descripción61', '2022-11-09 01:58:40');
insert into publicacionPagina (publicacionPaginaId, paginaId, descripcion, fechaPublicacion) values (62, 98, 'descripción62', '2022-10-21 22:55:21');
insert into publicacionPagina (publicacionPaginaId, paginaId, descripcion, fechaPublicacion) values (63, 45, 'descripción63', '2023-03-02 23:22:22');
insert into publicacionPagina (publicacionPaginaId, paginaId, descripcion, fechaPublicacion) values (64, 50, 'descripción64', '2023-10-02 00:10:41');
insert into publicacionPagina (publicacionPaginaId, paginaId, descripcion, fechaPublicacion) values (65, 73, 'descripción65', '2023-07-29 04:02:58');
insert into publicacionPagina (publicacionPaginaId, paginaId, descripcion, fechaPublicacion) values (66, 18, 'descripción66', '2023-10-29 19:04:19');
insert into publicacionPagina (publicacionPaginaId, paginaId, descripcion, fechaPublicacion) values (67, 7, 'descripción67', '2023-07-27 21:41:46');
insert into publicacionPagina (publicacionPaginaId, paginaId, descripcion, fechaPublicacion) values (68, 16, 'descripción68', '2023-10-17 20:17:52');
insert into publicacionPagina (publicacionPaginaId, paginaId, descripcion, fechaPublicacion) values (69, 49, 'descripción69', '2022-01-18 17:41:14');
insert into publicacionPagina (publicacionPaginaId, paginaId, descripcion, fechaPublicacion) values (70, 71, 'descripción70', '2022-12-30 15:22:28');
insert into publicacionPagina (publicacionPaginaId, paginaId, descripcion, fechaPublicacion) values (71, 1, 'descripción71', '2022-06-23 08:13:31');
insert into publicacionPagina (publicacionPaginaId, paginaId, descripcion, fechaPublicacion) values (72, 91, 'descripción72', '2023-11-22 11:56:13');
insert into publicacionPagina (publicacionPaginaId, paginaId, descripcion, fechaPublicacion) values (73, 22, 'descripción73', '2022-05-17 17:49:05');
insert into publicacionPagina (publicacionPaginaId, paginaId, descripcion, fechaPublicacion) values (74, 21, 'descripción74', '2022-10-16 01:59:24');
insert into publicacionPagina (publicacionPaginaId, paginaId, descripcion, fechaPublicacion) values (75, 38, 'descripción75', '2022-11-17 05:53:07');
insert into publicacionPagina (publicacionPaginaId, paginaId, descripcion, fechaPublicacion) values (76, 54, 'descripción76', '2023-11-11 07:06:42');
insert into publicacionPagina (publicacionPaginaId, paginaId, descripcion, fechaPublicacion) values (77, 58, 'descripción77', '2023-10-17 13:05:09');
insert into publicacionPagina (publicacionPaginaId, paginaId, descripcion, fechaPublicacion) values (78, 92, 'descripción78', '2022-01-08 23:56:04');
insert into publicacionPagina (publicacionPaginaId, paginaId, descripcion, fechaPublicacion) values (79, 70, 'descripción79', '2022-06-29 11:34:15');
insert into publicacionPagina (publicacionPaginaId, paginaId, descripcion, fechaPublicacion) values (80, 39, 'descripción80', '2022-08-12 06:40:03');
insert into publicacionPagina (publicacionPaginaId, paginaId, descripcion, fechaPublicacion) values (81, 73, 'descripción81', '2022-09-04 01:39:07');
insert into publicacionPagina (publicacionPaginaId, paginaId, descripcion, fechaPublicacion) values (82, 70, 'descripción82', '2023-01-15 06:51:46');
insert into publicacionPagina (publicacionPaginaId, paginaId, descripcion, fechaPublicacion) values (83, 79, 'descripción83', '2022-09-09 12:43:17');
insert into publicacionPagina (publicacionPaginaId, paginaId, descripcion, fechaPublicacion) values (84, 44, 'descripción84', '2023-07-21 12:12:25');
insert into publicacionPagina (publicacionPaginaId, paginaId, descripcion, fechaPublicacion) values (85, 18, 'descripción85', '2022-05-16 04:18:07');
insert into publicacionPagina (publicacionPaginaId, paginaId, descripcion, fechaPublicacion) values (86, 55, 'descripción86', '2023-04-04 06:17:12');
insert into publicacionPagina (publicacionPaginaId, paginaId, descripcion, fechaPublicacion) values (87, 51, 'descripción87', '2022-12-16 16:09:32');
insert into publicacionPagina (publicacionPaginaId, paginaId, descripcion, fechaPublicacion) values (88, 84, 'descripción88', '2023-06-10 14:37:36');
insert into publicacionPagina (publicacionPaginaId, paginaId, descripcion, fechaPublicacion) values (89, 94, 'descripción89', '2023-11-14 08:49:03');
insert into publicacionPagina (publicacionPaginaId, paginaId, descripcion, fechaPublicacion) values (90, 98, 'descripción90', '2022-09-24 13:39:50');
insert into publicacionPagina (publicacionPaginaId, paginaId, descripcion, fechaPublicacion) values (91, 86, 'descripción91', '2022-05-01 22:56:14');
insert into publicacionPagina (publicacionPaginaId, paginaId, descripcion, fechaPublicacion) values (92, 23, 'descripción92', '2023-04-05 23:56:26');
insert into publicacionPagina (publicacionPaginaId, paginaId, descripcion, fechaPublicacion) values (93, 78, 'descripción93', '2022-03-08 05:24:10');
insert into publicacionPagina (publicacionPaginaId, paginaId, descripcion, fechaPublicacion) values (94, 95, 'descripción94', '2023-11-16 08:20:42');
insert into publicacionPagina (publicacionPaginaId, paginaId, descripcion, fechaPublicacion) values (95, 17, 'descripción95', '2022-07-07 23:42:35');
insert into publicacionPagina (publicacionPaginaId, paginaId, descripcion, fechaPublicacion) values (96, 93, 'descripción96', '2022-08-30 23:31:01');
insert into publicacionPagina (publicacionPaginaId, paginaId, descripcion, fechaPublicacion) values (97, 81, 'descripción97', '2023-05-18 01:51:23');
insert into publicacionPagina (publicacionPaginaId, paginaId, descripcion, fechaPublicacion) values (98, 8, 'descripción98', '2022-02-04 09:01:35');
insert into publicacionPagina (publicacionPaginaId, paginaId, descripcion, fechaPublicacion) values (99, 4, 'descripción99', '2022-11-10 20:35:26');
insert into publicacionPagina (publicacionPaginaId, paginaId, descripcion, fechaPublicacion) values (100, 31, 'descripción100', '2022-06-23 12:30:12');
insert into publicacionPagina (publicacionPaginaId, paginaId, descripcion, fechaPublicacion) values (101, 77, 'descripción101', '2023-03-24 17:23:01');
insert into publicacionPagina (publicacionPaginaId, paginaId, descripcion, fechaPublicacion) values (102, 81, 'descripción102', '2022-11-09 21:05:21');
insert into publicacionPagina (publicacionPaginaId, paginaId, descripcion, fechaPublicacion) values (103, 2, 'descripción103', '2023-05-21 16:36:45');
insert into publicacionPagina (publicacionPaginaId, paginaId, descripcion, fechaPublicacion) values (104, 39, 'descripción104', '2022-12-06 04:18:52');
insert into publicacionPagina (publicacionPaginaId, paginaId, descripcion, fechaPublicacion) values (105, 61, 'descripción105', '2022-02-19 02:59:21');
insert into publicacionPagina (publicacionPaginaId, paginaId, descripcion, fechaPublicacion) values (106, 19, 'descripción106', '2023-08-14 18:31:01');
insert into publicacionPagina (publicacionPaginaId, paginaId, descripcion, fechaPublicacion) values (107, 22, 'descripción107', '2022-09-28 03:23:41');
insert into publicacionPagina (publicacionPaginaId, paginaId, descripcion, fechaPublicacion) values (108, 11, 'descripción108', '2023-01-27 21:27:01');
insert into publicacionPagina (publicacionPaginaId, paginaId, descripcion, fechaPublicacion) values (109, 44, 'descripción109', '2023-02-17 09:16:20');
insert into publicacionPagina (publicacionPaginaId, paginaId, descripcion, fechaPublicacion) values (110, 91, 'descripción110', '2022-06-14 04:49:39');
insert into publicacionPagina (publicacionPaginaId, paginaId, descripcion, fechaPublicacion) values (111, 35, 'descripción111', '2023-03-08 22:15:37');
insert into publicacionPagina (publicacionPaginaId, paginaId, descripcion, fechaPublicacion) values (112, 99, 'descripción112', '2023-08-17 04:28:52');
insert into publicacionPagina (publicacionPaginaId, paginaId, descripcion, fechaPublicacion) values (113, 83, 'descripción113', '2022-01-06 13:46:35');
insert into publicacionPagina (publicacionPaginaId, paginaId, descripcion, fechaPublicacion) values (114, 47, 'descripción114', '2023-08-20 13:21:24');
insert into publicacionPagina (publicacionPaginaId, paginaId, descripcion, fechaPublicacion) values (115, 79, 'descripción115', '2022-11-24 11:12:45');
insert into publicacionPagina (publicacionPaginaId, paginaId, descripcion, fechaPublicacion) values (116, 1, 'descripción116', '2022-04-12 12:46:25');
insert into publicacionPagina (publicacionPaginaId, paginaId, descripcion, fechaPublicacion) values (117, 28, 'descripción117', '2023-02-19 01:37:33');
insert into publicacionPagina (publicacionPaginaId, paginaId, descripcion, fechaPublicacion) values (118, 89, 'descripción118', '2023-10-24 07:41:33');
insert into publicacionPagina (publicacionPaginaId, paginaId, descripcion, fechaPublicacion) values (119, 30, 'descripción119', '2023-04-09 02:36:36');
insert into publicacionPagina (publicacionPaginaId, paginaId, descripcion, fechaPublicacion) values (120, 71, 'descripción120', '2023-12-30 06:44:58');
insert into publicacionPagina (publicacionPaginaId, paginaId, descripcion, fechaPublicacion) values (121, 31, 'descripción121', '2022-08-08 01:51:09');
insert into publicacionPagina (publicacionPaginaId, paginaId, descripcion, fechaPublicacion) values (122, 46, 'descripción122', '2023-12-23 13:07:04');
insert into publicacionPagina (publicacionPaginaId, paginaId, descripcion, fechaPublicacion) values (123, 77, 'descripción123', '2023-07-13 15:55:23');
insert into publicacionPagina (publicacionPaginaId, paginaId, descripcion, fechaPublicacion) values (124, 2, 'descripción124', '2023-12-12 15:00:30');
insert into publicacionPagina (publicacionPaginaId, paginaId, descripcion, fechaPublicacion) values (125, 16, 'descripción125', '2023-09-14 09:14:35');
insert into publicacionPagina (publicacionPaginaId, paginaId, descripcion, fechaPublicacion) values (126, 46, 'descripción126', '2023-08-16 18:00:29');
insert into publicacionPagina (publicacionPaginaId, paginaId, descripcion, fechaPublicacion) values (127, 98, 'descripción127', '2022-12-21 12:48:16');
insert into publicacionPagina (publicacionPaginaId, paginaId, descripcion, fechaPublicacion) values (128, 93, 'descripción128', '2022-03-03 14:55:56');
insert into publicacionPagina (publicacionPaginaId, paginaId, descripcion, fechaPublicacion) values (129, 85, 'descripción129', '2022-03-24 03:39:14');
insert into publicacionPagina (publicacionPaginaId, paginaId, descripcion, fechaPublicacion) values (130, 34, 'descripción130', '2022-12-13 17:59:18');
insert into publicacionPagina (publicacionPaginaId, paginaId, descripcion, fechaPublicacion) values (131, 55, 'descripción131', '2022-06-18 20:37:00');
insert into publicacionPagina (publicacionPaginaId, paginaId, descripcion, fechaPublicacion) values (132, 14, 'descripción132', '2023-05-28 14:05:27');
insert into publicacionPagina (publicacionPaginaId, paginaId, descripcion, fechaPublicacion) values (133, 1, 'descripción133', '2023-09-16 12:11:19');
insert into publicacionPagina (publicacionPaginaId, paginaId, descripcion, fechaPublicacion) values (134, 97, 'descripción134', '2023-03-24 15:30:14');
insert into publicacionPagina (publicacionPaginaId, paginaId, descripcion, fechaPublicacion) values (135, 92, 'descripción135', '2022-04-12 10:09:04');
insert into publicacionPagina (publicacionPaginaId, paginaId, descripcion, fechaPublicacion) values (136, 20, 'descripción136', '2022-01-10 05:06:42');
insert into publicacionPagina (publicacionPaginaId, paginaId, descripcion, fechaPublicacion) values (137, 49, 'descripción137', '2022-06-11 03:45:15');
insert into publicacionPagina (publicacionPaginaId, paginaId, descripcion, fechaPublicacion) values (138, 26, 'descripción138', '2023-03-23 06:26:30');
insert into publicacionPagina (publicacionPaginaId, paginaId, descripcion, fechaPublicacion) values (139, 82, 'descripción139', '2022-03-05 03:35:46');
insert into publicacionPagina (publicacionPaginaId, paginaId, descripcion, fechaPublicacion) values (140, 62, 'descripción140', '2023-08-15 04:53:38');
insert into publicacionPagina (publicacionPaginaId, paginaId, descripcion, fechaPublicacion) values (141, 46, 'descripción141', '2023-11-27 04:22:17');
insert into publicacionPagina (publicacionPaginaId, paginaId, descripcion, fechaPublicacion) values (142, 39, 'descripción142', '2023-12-12 07:28:42');
insert into publicacionPagina (publicacionPaginaId, paginaId, descripcion, fechaPublicacion) values (143, 17, 'descripción143', '2022-05-24 05:41:04');
insert into publicacionPagina (publicacionPaginaId, paginaId, descripcion, fechaPublicacion) values (144, 86, 'descripción144', '2022-02-06 04:41:04');
insert into publicacionPagina (publicacionPaginaId, paginaId, descripcion, fechaPublicacion) values (145, 45, 'descripción145', '2023-03-06 23:03:24');
insert into publicacionPagina (publicacionPaginaId, paginaId, descripcion, fechaPublicacion) values (146, 23, 'descripción146', '2022-03-31 22:29:58');
insert into publicacionPagina (publicacionPaginaId, paginaId, descripcion, fechaPublicacion) values (147, 50, 'descripción147', '2023-09-02 07:18:56');
insert into publicacionPagina (publicacionPaginaId, paginaId, descripcion, fechaPublicacion) values (148, 87, 'descripción148', '2022-03-02 23:53:08');
insert into publicacionPagina (publicacionPaginaId, paginaId, descripcion, fechaPublicacion) values (149, 96, 'descripción149', '2022-06-07 15:24:48');
insert into publicacionPagina (publicacionPaginaId, paginaId, descripcion, fechaPublicacion) values (150, 41, 'descripción150', '2023-04-29 06:47:28');
insert into publicacionPagina (publicacionPaginaId, paginaId, descripcion, fechaPublicacion) values (151, 60, 'descripción151', '2023-12-17 18:07:06');
insert into publicacionPagina (publicacionPaginaId, paginaId, descripcion, fechaPublicacion) values (152, 90, 'descripción152', '2022-01-09 18:07:10');
insert into publicacionPagina (publicacionPaginaId, paginaId, descripcion, fechaPublicacion) values (153, 100, 'descripción153', '2023-07-23 23:18:49');
insert into publicacionPagina (publicacionPaginaId, paginaId, descripcion, fechaPublicacion) values (154, 58, 'descripción154', '2022-12-01 09:57:45');
insert into publicacionPagina (publicacionPaginaId, paginaId, descripcion, fechaPublicacion) values (155, 99, 'descripción155', '2022-08-05 23:50:29');
insert into publicacionPagina (publicacionPaginaId, paginaId, descripcion, fechaPublicacion) values (156, 28, 'descripción156', '2022-04-09 22:58:28');
insert into publicacionPagina (publicacionPaginaId, paginaId, descripcion, fechaPublicacion) values (157, 98, 'descripción157', '2022-12-02 14:20:24');
insert into publicacionPagina (publicacionPaginaId, paginaId, descripcion, fechaPublicacion) values (158, 8, 'descripción158', '2022-06-24 22:03:08');
insert into publicacionPagina (publicacionPaginaId, paginaId, descripcion, fechaPublicacion) values (159, 60, 'descripción159', '2022-08-07 11:58:19');
insert into publicacionPagina (publicacionPaginaId, paginaId, descripcion, fechaPublicacion) values (160, 49, 'descripción160', '2022-01-05 20:52:15');
insert into publicacionPagina (publicacionPaginaId, paginaId, descripcion, fechaPublicacion) values (161, 47, 'descripción161', '2022-08-06 21:03:16');
insert into publicacionPagina (publicacionPaginaId, paginaId, descripcion, fechaPublicacion) values (162, 15, 'descripción162', '2022-07-24 18:51:47');
insert into publicacionPagina (publicacionPaginaId, paginaId, descripcion, fechaPublicacion) values (163, 11, 'descripción163', '2022-11-12 19:59:38');
insert into publicacionPagina (publicacionPaginaId, paginaId, descripcion, fechaPublicacion) values (164, 93, 'descripción164', '2023-08-17 22:46:11');
insert into publicacionPagina (publicacionPaginaId, paginaId, descripcion, fechaPublicacion) values (165, 1, 'descripción165', '2023-08-16 08:07:41');
insert into publicacionPagina (publicacionPaginaId, paginaId, descripcion, fechaPublicacion) values (166, 5, 'descripción166', '2022-05-09 14:15:44');
insert into publicacionPagina (publicacionPaginaId, paginaId, descripcion, fechaPublicacion) values (167, 12, 'descripción167', '2022-06-28 04:09:42');
insert into publicacionPagina (publicacionPaginaId, paginaId, descripcion, fechaPublicacion) values (168, 66, 'descripción168', '2022-12-05 06:57:00');
insert into publicacionPagina (publicacionPaginaId, paginaId, descripcion, fechaPublicacion) values (169, 28, 'descripción169', '2022-01-20 22:41:03');
insert into publicacionPagina (publicacionPaginaId, paginaId, descripcion, fechaPublicacion) values (170, 40, 'descripción170', '2022-11-15 14:46:02');
insert into publicacionPagina (publicacionPaginaId, paginaId, descripcion, fechaPublicacion) values (171, 66, 'descripción171', '2022-01-08 11:20:28');
insert into publicacionPagina (publicacionPaginaId, paginaId, descripcion, fechaPublicacion) values (172, 32, 'descripción172', '2023-01-30 14:11:01');
insert into publicacionPagina (publicacionPaginaId, paginaId, descripcion, fechaPublicacion) values (173, 27, 'descripción173', '2022-05-02 04:16:18');
insert into publicacionPagina (publicacionPaginaId, paginaId, descripcion, fechaPublicacion) values (174, 38, 'descripción174', '2023-09-06 17:18:06');
insert into publicacionPagina (publicacionPaginaId, paginaId, descripcion, fechaPublicacion) values (175, 88, 'descripción175', '2022-08-10 04:45:33');
insert into publicacionPagina (publicacionPaginaId, paginaId, descripcion, fechaPublicacion) values (176, 77, 'descripción176', '2022-12-31 23:27:38');
insert into publicacionPagina (publicacionPaginaId, paginaId, descripcion, fechaPublicacion) values (177, 22, 'descripción177', '2023-06-19 15:45:18');
insert into publicacionPagina (publicacionPaginaId, paginaId, descripcion, fechaPublicacion) values (178, 57, 'descripción178', '2023-12-09 20:43:10');
insert into publicacionPagina (publicacionPaginaId, paginaId, descripcion, fechaPublicacion) values (179, 8, 'descripción179', '2023-02-14 21:41:34');
insert into publicacionPagina (publicacionPaginaId, paginaId, descripcion, fechaPublicacion) values (180, 64, 'descripción180', '2023-01-23 04:28:43');
insert into publicacionPagina (publicacionPaginaId, paginaId, descripcion, fechaPublicacion) values (181, 10, 'descripción181', '2023-01-29 12:31:00');
insert into publicacionPagina (publicacionPaginaId, paginaId, descripcion, fechaPublicacion) values (182, 99, 'descripción182', '2023-12-05 15:51:51');
insert into publicacionPagina (publicacionPaginaId, paginaId, descripcion, fechaPublicacion) values (183, 31, 'descripción183', '2022-08-20 12:43:53');
insert into publicacionPagina (publicacionPaginaId, paginaId, descripcion, fechaPublicacion) values (184, 20, 'descripción184', '2022-10-30 11:52:38');
insert into publicacionPagina (publicacionPaginaId, paginaId, descripcion, fechaPublicacion) values (185, 63, 'descripción185', '2023-11-29 07:13:32');
insert into publicacionPagina (publicacionPaginaId, paginaId, descripcion, fechaPublicacion) values (186, 44, 'descripción186', '2023-03-26 11:20:46');
insert into publicacionPagina (publicacionPaginaId, paginaId, descripcion, fechaPublicacion) values (187, 76, 'descripción187', '2023-10-25 10:05:40');
insert into publicacionPagina (publicacionPaginaId, paginaId, descripcion, fechaPublicacion) values (188, 23, 'descripción188', '2023-02-19 19:46:15');
insert into publicacionPagina (publicacionPaginaId, paginaId, descripcion, fechaPublicacion) values (189, 28, 'descripción189', '2022-01-11 07:59:40');
insert into publicacionPagina (publicacionPaginaId, paginaId, descripcion, fechaPublicacion) values (190, 20, 'descripción190', '2023-06-21 05:08:07');
insert into publicacionPagina (publicacionPaginaId, paginaId, descripcion, fechaPublicacion) values (191, 95, 'descripción191', '2023-08-04 12:25:25');
insert into publicacionPagina (publicacionPaginaId, paginaId, descripcion, fechaPublicacion) values (192, 17, 'descripción192', '2023-08-08 04:20:07');
insert into publicacionPagina (publicacionPaginaId, paginaId, descripcion, fechaPublicacion) values (193, 35, 'descripción193', '2023-07-26 08:46:22');
insert into publicacionPagina (publicacionPaginaId, paginaId, descripcion, fechaPublicacion) values (194, 33, 'descripción194', '2022-07-20 08:43:40');
insert into publicacionPagina (publicacionPaginaId, paginaId, descripcion, fechaPublicacion) values (195, 2, 'descripción195', '2023-09-23 00:35:23');
insert into publicacionPagina (publicacionPaginaId, paginaId, descripcion, fechaPublicacion) values (196, 15, 'descripción196', '2023-10-08 03:14:05');
insert into publicacionPagina (publicacionPaginaId, paginaId, descripcion, fechaPublicacion) values (197, 13, 'descripción197', '2022-03-08 16:52:30');
insert into publicacionPagina (publicacionPaginaId, paginaId, descripcion, fechaPublicacion) values (198, 65, 'descripción198', '2022-07-09 23:39:39');
insert into publicacionPagina (publicacionPaginaId, paginaId, descripcion, fechaPublicacion) values (199, 21, 'descripción199', '2023-09-04 10:55:14');
insert into publicacionPagina (publicacionPaginaId, paginaId, descripcion, fechaPublicacion) values (200, 68, 'descripción200', '2023-07-12 09:41:29');


-- Datos multimediaPagina
insert into multimediaPagina (multimediaPaginaId, publicacionPaginaId, url) values (1, 1, 'http://dummyimage.com/204x100.png/5fa2dd/ffffff');
insert into multimediaPagina (multimediaPaginaId, publicacionPaginaId, url) values (2, 2, 'http://dummyimage.com/136x100.png/cc0000/ffffff');
insert into multimediaPagina (multimediaPaginaId, publicacionPaginaId, url) values (3, 3, 'http://dummyimage.com/150x100.png/5fa2dd/ffffff');
insert into multimediaPagina (multimediaPaginaId, publicacionPaginaId, url) values (4, 4, 'http://dummyimage.com/227x100.png/5fa2dd/ffffff');
insert into multimediaPagina (multimediaPaginaId, publicacionPaginaId, url) values (5, 5, 'http://dummyimage.com/109x100.png/cc0000/ffffff');
insert into multimediaPagina (multimediaPaginaId, publicacionPaginaId, url) values (6, 6, 'http://dummyimage.com/200x100.png/ff4444/ffffff');
insert into multimediaPagina (multimediaPaginaId, publicacionPaginaId, url) values (7, 7, 'http://dummyimage.com/203x100.png/dddddd/000000');
insert into multimediaPagina (multimediaPaginaId, publicacionPaginaId, url) values (8, 8, 'http://dummyimage.com/114x100.png/dddddd/000000');
insert into multimediaPagina (multimediaPaginaId, publicacionPaginaId, url) values (9, 9, 'http://dummyimage.com/134x100.png/dddddd/000000');
insert into multimediaPagina (multimediaPaginaId, publicacionPaginaId, url) values (10, 10, 'http://dummyimage.com/194x100.png/ff4444/ffffff');
insert into multimediaPagina (multimediaPaginaId, publicacionPaginaId, url) values (11, 11, 'http://dummyimage.com/192x100.png/cc0000/ffffff');
insert into multimediaPagina (multimediaPaginaId, publicacionPaginaId, url) values (12, 12, 'http://dummyimage.com/159x100.png/5fa2dd/ffffff');
insert into multimediaPagina (multimediaPaginaId, publicacionPaginaId, url) values (13, 13, 'http://dummyimage.com/203x100.png/cc0000/ffffff');
insert into multimediaPagina (multimediaPaginaId, publicacionPaginaId, url) values (14, 14, 'http://dummyimage.com/213x100.png/5fa2dd/ffffff');
insert into multimediaPagina (multimediaPaginaId, publicacionPaginaId, url) values (15, 15, 'http://dummyimage.com/247x100.png/dddddd/000000');
insert into multimediaPagina (multimediaPaginaId, publicacionPaginaId, url) values (16, 16, 'http://dummyimage.com/233x100.png/5fa2dd/ffffff');
insert into multimediaPagina (multimediaPaginaId, publicacionPaginaId, url) values (17, 17, 'http://dummyimage.com/146x100.png/ff4444/ffffff');
insert into multimediaPagina (multimediaPaginaId, publicacionPaginaId, url) values (18, 18, 'http://dummyimage.com/241x100.png/5fa2dd/ffffff');
insert into multimediaPagina (multimediaPaginaId, publicacionPaginaId, url) values (19, 19, 'http://dummyimage.com/132x100.png/dddddd/000000');
insert into multimediaPagina (multimediaPaginaId, publicacionPaginaId, url) values (20, 20, 'http://dummyimage.com/163x100.png/5fa2dd/ffffff');
insert into multimediaPagina (multimediaPaginaId, publicacionPaginaId, url) values (21, 21, 'http://dummyimage.com/209x100.png/ff4444/ffffff');
insert into multimediaPagina (multimediaPaginaId, publicacionPaginaId, url) values (22, 22, 'http://dummyimage.com/103x100.png/5fa2dd/ffffff');
insert into multimediaPagina (multimediaPaginaId, publicacionPaginaId, url) values (23, 23, 'http://dummyimage.com/248x100.png/dddddd/000000');
insert into multimediaPagina (multimediaPaginaId, publicacionPaginaId, url) values (24, 24, 'http://dummyimage.com/240x100.png/cc0000/ffffff');
insert into multimediaPagina (multimediaPaginaId, publicacionPaginaId, url) values (25, 25, 'http://dummyimage.com/205x100.png/dddddd/000000');
insert into multimediaPagina (multimediaPaginaId, publicacionPaginaId, url) values (26, 26, 'http://dummyimage.com/129x100.png/ff4444/ffffff');
insert into multimediaPagina (multimediaPaginaId, publicacionPaginaId, url) values (27, 27, 'http://dummyimage.com/201x100.png/ff4444/ffffff');
insert into multimediaPagina (multimediaPaginaId, publicacionPaginaId, url) values (28, 28, 'http://dummyimage.com/111x100.png/dddddd/000000');
insert into multimediaPagina (multimediaPaginaId, publicacionPaginaId, url) values (29, 29, 'http://dummyimage.com/219x100.png/5fa2dd/ffffff');
insert into multimediaPagina (multimediaPaginaId, publicacionPaginaId, url) values (30, 30, 'http://dummyimage.com/115x100.png/ff4444/ffffff');
insert into multimediaPagina (multimediaPaginaId, publicacionPaginaId, url) values (31, 31, 'http://dummyimage.com/139x100.png/ff4444/ffffff');
insert into multimediaPagina (multimediaPaginaId, publicacionPaginaId, url) values (32, 32, 'http://dummyimage.com/215x100.png/dddddd/000000');
insert into multimediaPagina (multimediaPaginaId, publicacionPaginaId, url) values (33, 33, 'http://dummyimage.com/158x100.png/5fa2dd/ffffff');
insert into multimediaPagina (multimediaPaginaId, publicacionPaginaId, url) values (34, 34, 'http://dummyimage.com/238x100.png/dddddd/000000');
insert into multimediaPagina (multimediaPaginaId, publicacionPaginaId, url) values (35, 35, 'http://dummyimage.com/210x100.png/cc0000/ffffff');
insert into multimediaPagina (multimediaPaginaId, publicacionPaginaId, url) values (36, 36, 'http://dummyimage.com/123x100.png/dddddd/000000');
insert into multimediaPagina (multimediaPaginaId, publicacionPaginaId, url) values (37, 37, 'http://dummyimage.com/163x100.png/cc0000/ffffff');
insert into multimediaPagina (multimediaPaginaId, publicacionPaginaId, url) values (38, 38, 'http://dummyimage.com/127x100.png/dddddd/000000');
insert into multimediaPagina (multimediaPaginaId, publicacionPaginaId, url) values (39, 39, 'http://dummyimage.com/175x100.png/cc0000/ffffff');
insert into multimediaPagina (multimediaPaginaId, publicacionPaginaId, url) values (40, 40, 'http://dummyimage.com/100x100.png/5fa2dd/ffffff');
insert into multimediaPagina (multimediaPaginaId, publicacionPaginaId, url) values (41, 41, 'http://dummyimage.com/126x100.png/5fa2dd/ffffff');
insert into multimediaPagina (multimediaPaginaId, publicacionPaginaId, url) values (42, 42, 'http://dummyimage.com/163x100.png/dddddd/000000');
insert into multimediaPagina (multimediaPaginaId, publicacionPaginaId, url) values (43, 43, 'http://dummyimage.com/215x100.png/ff4444/ffffff');
insert into multimediaPagina (multimediaPaginaId, publicacionPaginaId, url) values (44, 44, 'http://dummyimage.com/131x100.png/cc0000/ffffff');
insert into multimediaPagina (multimediaPaginaId, publicacionPaginaId, url) values (45, 45, 'http://dummyimage.com/107x100.png/dddddd/000000');
insert into multimediaPagina (multimediaPaginaId, publicacionPaginaId, url) values (46, 46, 'http://dummyimage.com/129x100.png/cc0000/ffffff');
insert into multimediaPagina (multimediaPaginaId, publicacionPaginaId, url) values (47, 47, 'http://dummyimage.com/108x100.png/ff4444/ffffff');
insert into multimediaPagina (multimediaPaginaId, publicacionPaginaId, url) values (48, 48, 'http://dummyimage.com/116x100.png/cc0000/ffffff');
insert into multimediaPagina (multimediaPaginaId, publicacionPaginaId, url) values (49, 49, 'http://dummyimage.com/120x100.png/ff4444/ffffff');
insert into multimediaPagina (multimediaPaginaId, publicacionPaginaId, url) values (50, 50, 'http://dummyimage.com/171x100.png/dddddd/000000');
insert into multimediaPagina (multimediaPaginaId, publicacionPaginaId, url) values (51, 51, 'http://dummyimage.com/200x100.png/ff4444/ffffff');
insert into multimediaPagina (multimediaPaginaId, publicacionPaginaId, url) values (52, 52, 'http://dummyimage.com/126x100.png/dddddd/000000');
insert into multimediaPagina (multimediaPaginaId, publicacionPaginaId, url) values (53, 53, 'http://dummyimage.com/136x100.png/dddddd/000000');
insert into multimediaPagina (multimediaPaginaId, publicacionPaginaId, url) values (54, 54, 'http://dummyimage.com/229x100.png/dddddd/000000');
insert into multimediaPagina (multimediaPaginaId, publicacionPaginaId, url) values (55, 55, 'http://dummyimage.com/246x100.png/5fa2dd/ffffff');
insert into multimediaPagina (multimediaPaginaId, publicacionPaginaId, url) values (56, 56, 'http://dummyimage.com/237x100.png/dddddd/000000');
insert into multimediaPagina (multimediaPaginaId, publicacionPaginaId, url) values (57, 57, 'http://dummyimage.com/228x100.png/5fa2dd/ffffff');
insert into multimediaPagina (multimediaPaginaId, publicacionPaginaId, url) values (58, 58, 'http://dummyimage.com/169x100.png/cc0000/ffffff');
insert into multimediaPagina (multimediaPaginaId, publicacionPaginaId, url) values (59, 59, 'http://dummyimage.com/154x100.png/cc0000/ffffff');
insert into multimediaPagina (multimediaPaginaId, publicacionPaginaId, url) values (60, 60, 'http://dummyimage.com/121x100.png/cc0000/ffffff');
insert into multimediaPagina (multimediaPaginaId, publicacionPaginaId, url) values (61, 61, 'http://dummyimage.com/250x100.png/cc0000/ffffff');
insert into multimediaPagina (multimediaPaginaId, publicacionPaginaId, url) values (62, 62, 'http://dummyimage.com/172x100.png/5fa2dd/ffffff');
insert into multimediaPagina (multimediaPaginaId, publicacionPaginaId, url) values (63, 63, 'http://dummyimage.com/100x100.png/5fa2dd/ffffff');
insert into multimediaPagina (multimediaPaginaId, publicacionPaginaId, url) values (64, 64, 'http://dummyimage.com/215x100.png/dddddd/000000');
insert into multimediaPagina (multimediaPaginaId, publicacionPaginaId, url) values (65, 65, 'http://dummyimage.com/202x100.png/5fa2dd/ffffff');
insert into multimediaPagina (multimediaPaginaId, publicacionPaginaId, url) values (66, 66, 'http://dummyimage.com/178x100.png/ff4444/ffffff');
insert into multimediaPagina (multimediaPaginaId, publicacionPaginaId, url) values (67, 67, 'http://dummyimage.com/240x100.png/cc0000/ffffff');
insert into multimediaPagina (multimediaPaginaId, publicacionPaginaId, url) values (68, 68, 'http://dummyimage.com/141x100.png/cc0000/ffffff');
insert into multimediaPagina (multimediaPaginaId, publicacionPaginaId, url) values (69, 69, 'http://dummyimage.com/214x100.png/ff4444/ffffff');
insert into multimediaPagina (multimediaPaginaId, publicacionPaginaId, url) values (70, 70, 'http://dummyimage.com/165x100.png/ff4444/ffffff');
insert into multimediaPagina (multimediaPaginaId, publicacionPaginaId, url) values (71, 71, 'http://dummyimage.com/160x100.png/ff4444/ffffff');
insert into multimediaPagina (multimediaPaginaId, publicacionPaginaId, url) values (72, 72, 'http://dummyimage.com/177x100.png/dddddd/000000');
insert into multimediaPagina (multimediaPaginaId, publicacionPaginaId, url) values (73, 73, 'http://dummyimage.com/180x100.png/cc0000/ffffff');
insert into multimediaPagina (multimediaPaginaId, publicacionPaginaId, url) values (74, 74, 'http://dummyimage.com/231x100.png/5fa2dd/ffffff');
insert into multimediaPagina (multimediaPaginaId, publicacionPaginaId, url) values (75, 75, 'http://dummyimage.com/104x100.png/cc0000/ffffff');
insert into multimediaPagina (multimediaPaginaId, publicacionPaginaId, url) values (76, 76, 'http://dummyimage.com/143x100.png/ff4444/ffffff');
insert into multimediaPagina (multimediaPaginaId, publicacionPaginaId, url) values (77, 77, 'http://dummyimage.com/100x100.png/5fa2dd/ffffff');
insert into multimediaPagina (multimediaPaginaId, publicacionPaginaId, url) values (78, 78, 'http://dummyimage.com/172x100.png/dddddd/000000');
insert into multimediaPagina (multimediaPaginaId, publicacionPaginaId, url) values (79, 79, 'http://dummyimage.com/219x100.png/ff4444/ffffff');
insert into multimediaPagina (multimediaPaginaId, publicacionPaginaId, url) values (80, 80, 'http://dummyimage.com/134x100.png/5fa2dd/ffffff');
insert into multimediaPagina (multimediaPaginaId, publicacionPaginaId, url) values (81, 81, 'http://dummyimage.com/216x100.png/dddddd/000000');
insert into multimediaPagina (multimediaPaginaId, publicacionPaginaId, url) values (82, 82, 'http://dummyimage.com/128x100.png/dddddd/000000');
insert into multimediaPagina (multimediaPaginaId, publicacionPaginaId, url) values (83, 83, 'http://dummyimage.com/119x100.png/5fa2dd/ffffff');
insert into multimediaPagina (multimediaPaginaId, publicacionPaginaId, url) values (84, 84, 'http://dummyimage.com/232x100.png/ff4444/ffffff');
insert into multimediaPagina (multimediaPaginaId, publicacionPaginaId, url) values (85, 85, 'http://dummyimage.com/219x100.png/cc0000/ffffff');
insert into multimediaPagina (multimediaPaginaId, publicacionPaginaId, url) values (86, 86, 'http://dummyimage.com/203x100.png/cc0000/ffffff');
insert into multimediaPagina (multimediaPaginaId, publicacionPaginaId, url) values (87, 87, 'http://dummyimage.com/156x100.png/5fa2dd/ffffff');
insert into multimediaPagina (multimediaPaginaId, publicacionPaginaId, url) values (88, 88, 'http://dummyimage.com/145x100.png/ff4444/ffffff');
insert into multimediaPagina (multimediaPaginaId, publicacionPaginaId, url) values (89, 89, 'http://dummyimage.com/205x100.png/ff4444/ffffff');
insert into multimediaPagina (multimediaPaginaId, publicacionPaginaId, url) values (90, 90, 'http://dummyimage.com/229x100.png/ff4444/ffffff');
insert into multimediaPagina (multimediaPaginaId, publicacionPaginaId, url) values (91, 91, 'http://dummyimage.com/148x100.png/ff4444/ffffff');
insert into multimediaPagina (multimediaPaginaId, publicacionPaginaId, url) values (92, 92, 'http://dummyimage.com/151x100.png/ff4444/ffffff');
insert into multimediaPagina (multimediaPaginaId, publicacionPaginaId, url) values (93, 93, 'http://dummyimage.com/186x100.png/ff4444/ffffff');
insert into multimediaPagina (multimediaPaginaId, publicacionPaginaId, url) values (94, 94, 'http://dummyimage.com/110x100.png/ff4444/ffffff');
insert into multimediaPagina (multimediaPaginaId, publicacionPaginaId, url) values (95, 95, 'http://dummyimage.com/154x100.png/ff4444/ffffff');
insert into multimediaPagina (multimediaPaginaId, publicacionPaginaId, url) values (96, 96, 'http://dummyimage.com/173x100.png/cc0000/ffffff');
insert into multimediaPagina (multimediaPaginaId, publicacionPaginaId, url) values (97, 97, 'http://dummyimage.com/245x100.png/cc0000/ffffff');
insert into multimediaPagina (multimediaPaginaId, publicacionPaginaId, url) values (98, 98, 'http://dummyimage.com/250x100.png/5fa2dd/ffffff');
insert into multimediaPagina (multimediaPaginaId, publicacionPaginaId, url) values (99, 99, 'http://dummyimage.com/183x100.png/cc0000/ffffff');
insert into multimediaPagina (multimediaPaginaId, publicacionPaginaId, url) values (100, 100, 'http://dummyimage.com/190x100.png/dddddd/000000');
insert into multimediaPagina (multimediaPaginaId, publicacionPaginaId, url) values (101, 101, 'http://dummyimage.com/221x100.png/ff4444/ffffff');
insert into multimediaPagina (multimediaPaginaId, publicacionPaginaId, url) values (102, 102, 'http://dummyimage.com/127x100.png/dddddd/000000');
insert into multimediaPagina (multimediaPaginaId, publicacionPaginaId, url) values (103, 103, 'http://dummyimage.com/125x100.png/ff4444/ffffff');
insert into multimediaPagina (multimediaPaginaId, publicacionPaginaId, url) values (104, 104, 'http://dummyimage.com/175x100.png/cc0000/ffffff');
insert into multimediaPagina (multimediaPaginaId, publicacionPaginaId, url) values (105, 105, 'http://dummyimage.com/171x100.png/cc0000/ffffff');
insert into multimediaPagina (multimediaPaginaId, publicacionPaginaId, url) values (106, 106, 'http://dummyimage.com/225x100.png/cc0000/ffffff');
insert into multimediaPagina (multimediaPaginaId, publicacionPaginaId, url) values (107, 107, 'http://dummyimage.com/147x100.png/5fa2dd/ffffff');
insert into multimediaPagina (multimediaPaginaId, publicacionPaginaId, url) values (108, 108, 'http://dummyimage.com/149x100.png/ff4444/ffffff');
insert into multimediaPagina (multimediaPaginaId, publicacionPaginaId, url) values (109, 109, 'http://dummyimage.com/133x100.png/5fa2dd/ffffff');
insert into multimediaPagina (multimediaPaginaId, publicacionPaginaId, url) values (110, 110, 'http://dummyimage.com/235x100.png/cc0000/ffffff');
insert into multimediaPagina (multimediaPaginaId, publicacionPaginaId, url) values (111, 111, 'http://dummyimage.com/117x100.png/ff4444/ffffff');
insert into multimediaPagina (multimediaPaginaId, publicacionPaginaId, url) values (112, 112, 'http://dummyimage.com/229x100.png/ff4444/ffffff');
insert into multimediaPagina (multimediaPaginaId, publicacionPaginaId, url) values (113, 113, 'http://dummyimage.com/210x100.png/ff4444/ffffff');
insert into multimediaPagina (multimediaPaginaId, publicacionPaginaId, url) values (114, 114, 'http://dummyimage.com/114x100.png/ff4444/ffffff');
insert into multimediaPagina (multimediaPaginaId, publicacionPaginaId, url) values (115, 115, 'http://dummyimage.com/145x100.png/cc0000/ffffff');
insert into multimediaPagina (multimediaPaginaId, publicacionPaginaId, url) values (116, 116, 'http://dummyimage.com/242x100.png/ff4444/ffffff');
insert into multimediaPagina (multimediaPaginaId, publicacionPaginaId, url) values (117, 117, 'http://dummyimage.com/209x100.png/dddddd/000000');
insert into multimediaPagina (multimediaPaginaId, publicacionPaginaId, url) values (118, 118, 'http://dummyimage.com/104x100.png/5fa2dd/ffffff');
insert into multimediaPagina (multimediaPaginaId, publicacionPaginaId, url) values (119, 119, 'http://dummyimage.com/110x100.png/dddddd/000000');
insert into multimediaPagina (multimediaPaginaId, publicacionPaginaId, url) values (120, 120, 'http://dummyimage.com/135x100.png/5fa2dd/ffffff');
insert into multimediaPagina (multimediaPaginaId, publicacionPaginaId, url) values (121, 121, 'http://dummyimage.com/174x100.png/dddddd/000000');
insert into multimediaPagina (multimediaPaginaId, publicacionPaginaId, url) values (122, 122, 'http://dummyimage.com/218x100.png/cc0000/ffffff');
insert into multimediaPagina (multimediaPaginaId, publicacionPaginaId, url) values (123, 123, 'http://dummyimage.com/226x100.png/cc0000/ffffff');
insert into multimediaPagina (multimediaPaginaId, publicacionPaginaId, url) values (124, 124, 'http://dummyimage.com/114x100.png/5fa2dd/ffffff');
insert into multimediaPagina (multimediaPaginaId, publicacionPaginaId, url) values (125, 125, 'http://dummyimage.com/246x100.png/cc0000/ffffff');
insert into multimediaPagina (multimediaPaginaId, publicacionPaginaId, url) values (126, 126, 'http://dummyimage.com/186x100.png/dddddd/000000');
insert into multimediaPagina (multimediaPaginaId, publicacionPaginaId, url) values (127, 127, 'http://dummyimage.com/219x100.png/cc0000/ffffff');
insert into multimediaPagina (multimediaPaginaId, publicacionPaginaId, url) values (128, 128, 'http://dummyimage.com/185x100.png/cc0000/ffffff');
insert into multimediaPagina (multimediaPaginaId, publicacionPaginaId, url) values (129, 129, 'http://dummyimage.com/149x100.png/ff4444/ffffff');
insert into multimediaPagina (multimediaPaginaId, publicacionPaginaId, url) values (130, 130, 'http://dummyimage.com/197x100.png/ff4444/ffffff');
insert into multimediaPagina (multimediaPaginaId, publicacionPaginaId, url) values (131, 131, 'http://dummyimage.com/140x100.png/5fa2dd/ffffff');
insert into multimediaPagina (multimediaPaginaId, publicacionPaginaId, url) values (132, 132, 'http://dummyimage.com/142x100.png/dddddd/000000');
insert into multimediaPagina (multimediaPaginaId, publicacionPaginaId, url) values (133, 133, 'http://dummyimage.com/149x100.png/cc0000/ffffff');
insert into multimediaPagina (multimediaPaginaId, publicacionPaginaId, url) values (134, 134, 'http://dummyimage.com/181x100.png/dddddd/000000');
insert into multimediaPagina (multimediaPaginaId, publicacionPaginaId, url) values (135, 135, 'http://dummyimage.com/114x100.png/dddddd/000000');
insert into multimediaPagina (multimediaPaginaId, publicacionPaginaId, url) values (136, 136, 'http://dummyimage.com/160x100.png/ff4444/ffffff');
insert into multimediaPagina (multimediaPaginaId, publicacionPaginaId, url) values (137, 137, 'http://dummyimage.com/235x100.png/dddddd/000000');
insert into multimediaPagina (multimediaPaginaId, publicacionPaginaId, url) values (138, 138, 'http://dummyimage.com/249x100.png/cc0000/ffffff');
insert into multimediaPagina (multimediaPaginaId, publicacionPaginaId, url) values (139, 139, 'http://dummyimage.com/128x100.png/cc0000/ffffff');
insert into multimediaPagina (multimediaPaginaId, publicacionPaginaId, url) values (140, 140, 'http://dummyimage.com/207x100.png/dddddd/000000');
insert into multimediaPagina (multimediaPaginaId, publicacionPaginaId, url) values (141, 141, 'http://dummyimage.com/192x100.png/ff4444/ffffff');
insert into multimediaPagina (multimediaPaginaId, publicacionPaginaId, url) values (142, 142, 'http://dummyimage.com/214x100.png/5fa2dd/ffffff');
insert into multimediaPagina (multimediaPaginaId, publicacionPaginaId, url) values (143, 143, 'http://dummyimage.com/232x100.png/5fa2dd/ffffff');
insert into multimediaPagina (multimediaPaginaId, publicacionPaginaId, url) values (144, 144, 'http://dummyimage.com/208x100.png/cc0000/ffffff');
insert into multimediaPagina (multimediaPaginaId, publicacionPaginaId, url) values (145, 145, 'http://dummyimage.com/240x100.png/dddddd/000000');
insert into multimediaPagina (multimediaPaginaId, publicacionPaginaId, url) values (146, 146, 'http://dummyimage.com/172x100.png/dddddd/000000');
insert into multimediaPagina (multimediaPaginaId, publicacionPaginaId, url) values (147, 147, 'http://dummyimage.com/159x100.png/5fa2dd/ffffff');
insert into multimediaPagina (multimediaPaginaId, publicacionPaginaId, url) values (148, 148, 'http://dummyimage.com/188x100.png/ff4444/ffffff');
insert into multimediaPagina (multimediaPaginaId, publicacionPaginaId, url) values (149, 149, 'http://dummyimage.com/226x100.png/dddddd/000000');
insert into multimediaPagina (multimediaPaginaId, publicacionPaginaId, url) values (150, 150, 'http://dummyimage.com/151x100.png/ff4444/ffffff');
insert into multimediaPagina (multimediaPaginaId, publicacionPaginaId, url) values (151, 151, 'http://dummyimage.com/199x100.png/dddddd/000000');
insert into multimediaPagina (multimediaPaginaId, publicacionPaginaId, url) values (152, 152, 'http://dummyimage.com/227x100.png/dddddd/000000');
insert into multimediaPagina (multimediaPaginaId, publicacionPaginaId, url) values (153, 153, 'http://dummyimage.com/194x100.png/ff4444/ffffff');
insert into multimediaPagina (multimediaPaginaId, publicacionPaginaId, url) values (154, 154, 'http://dummyimage.com/176x100.png/cc0000/ffffff');
insert into multimediaPagina (multimediaPaginaId, publicacionPaginaId, url) values (155, 155, 'http://dummyimage.com/142x100.png/ff4444/ffffff');
insert into multimediaPagina (multimediaPaginaId, publicacionPaginaId, url) values (156, 156, 'http://dummyimage.com/176x100.png/ff4444/ffffff');
insert into multimediaPagina (multimediaPaginaId, publicacionPaginaId, url) values (157, 157, 'http://dummyimage.com/202x100.png/dddddd/000000');
insert into multimediaPagina (multimediaPaginaId, publicacionPaginaId, url) values (158, 158, 'http://dummyimage.com/174x100.png/ff4444/ffffff');
insert into multimediaPagina (multimediaPaginaId, publicacionPaginaId, url) values (159, 159, 'http://dummyimage.com/180x100.png/cc0000/ffffff');
insert into multimediaPagina (multimediaPaginaId, publicacionPaginaId, url) values (160, 160, 'http://dummyimage.com/128x100.png/5fa2dd/ffffff');
insert into multimediaPagina (multimediaPaginaId, publicacionPaginaId, url) values (161, 161, 'http://dummyimage.com/121x100.png/dddddd/000000');
insert into multimediaPagina (multimediaPaginaId, publicacionPaginaId, url) values (162, 162, 'http://dummyimage.com/230x100.png/ff4444/ffffff');
insert into multimediaPagina (multimediaPaginaId, publicacionPaginaId, url) values (163, 163, 'http://dummyimage.com/173x100.png/dddddd/000000');
insert into multimediaPagina (multimediaPaginaId, publicacionPaginaId, url) values (164, 164, 'http://dummyimage.com/194x100.png/5fa2dd/ffffff');
insert into multimediaPagina (multimediaPaginaId, publicacionPaginaId, url) values (165, 165, 'http://dummyimage.com/248x100.png/cc0000/ffffff');
insert into multimediaPagina (multimediaPaginaId, publicacionPaginaId, url) values (166, 166, 'http://dummyimage.com/159x100.png/dddddd/000000');
insert into multimediaPagina (multimediaPaginaId, publicacionPaginaId, url) values (167, 167, 'http://dummyimage.com/133x100.png/ff4444/ffffff');
insert into multimediaPagina (multimediaPaginaId, publicacionPaginaId, url) values (168, 168, 'http://dummyimage.com/199x100.png/ff4444/ffffff');
insert into multimediaPagina (multimediaPaginaId, publicacionPaginaId, url) values (169, 169, 'http://dummyimage.com/129x100.png/5fa2dd/ffffff');
insert into multimediaPagina (multimediaPaginaId, publicacionPaginaId, url) values (170, 170, 'http://dummyimage.com/122x100.png/ff4444/ffffff');
insert into multimediaPagina (multimediaPaginaId, publicacionPaginaId, url) values (171, 171, 'http://dummyimage.com/184x100.png/ff4444/ffffff');
insert into multimediaPagina (multimediaPaginaId, publicacionPaginaId, url) values (172, 172, 'http://dummyimage.com/168x100.png/ff4444/ffffff');
insert into multimediaPagina (multimediaPaginaId, publicacionPaginaId, url) values (173, 173, 'http://dummyimage.com/223x100.png/5fa2dd/ffffff');
insert into multimediaPagina (multimediaPaginaId, publicacionPaginaId, url) values (174, 174, 'http://dummyimage.com/196x100.png/ff4444/ffffff');
insert into multimediaPagina (multimediaPaginaId, publicacionPaginaId, url) values (175, 175, 'http://dummyimage.com/112x100.png/cc0000/ffffff');
insert into multimediaPagina (multimediaPaginaId, publicacionPaginaId, url) values (176, 176, 'http://dummyimage.com/192x100.png/ff4444/ffffff');
insert into multimediaPagina (multimediaPaginaId, publicacionPaginaId, url) values (177, 177, 'http://dummyimage.com/194x100.png/ff4444/ffffff');
insert into multimediaPagina (multimediaPaginaId, publicacionPaginaId, url) values (178, 178, 'http://dummyimage.com/116x100.png/dddddd/000000');
insert into multimediaPagina (multimediaPaginaId, publicacionPaginaId, url) values (179, 179, 'http://dummyimage.com/231x100.png/dddddd/000000');
insert into multimediaPagina (multimediaPaginaId, publicacionPaginaId, url) values (180, 180, 'http://dummyimage.com/102x100.png/cc0000/ffffff');
insert into multimediaPagina (multimediaPaginaId, publicacionPaginaId, url) values (181, 181, 'http://dummyimage.com/221x100.png/5fa2dd/ffffff');
insert into multimediaPagina (multimediaPaginaId, publicacionPaginaId, url) values (182, 182, 'http://dummyimage.com/184x100.png/dddddd/000000');
insert into multimediaPagina (multimediaPaginaId, publicacionPaginaId, url) values (183, 183, 'http://dummyimage.com/216x100.png/5fa2dd/ffffff');
insert into multimediaPagina (multimediaPaginaId, publicacionPaginaId, url) values (184, 184, 'http://dummyimage.com/196x100.png/ff4444/ffffff');
insert into multimediaPagina (multimediaPaginaId, publicacionPaginaId, url) values (185, 185, 'http://dummyimage.com/162x100.png/dddddd/000000');
insert into multimediaPagina (multimediaPaginaId, publicacionPaginaId, url) values (186, 186, 'http://dummyimage.com/129x100.png/dddddd/000000');
insert into multimediaPagina (multimediaPaginaId, publicacionPaginaId, url) values (187, 187, 'http://dummyimage.com/109x100.png/5fa2dd/ffffff');
insert into multimediaPagina (multimediaPaginaId, publicacionPaginaId, url) values (188, 188, 'http://dummyimage.com/239x100.png/dddddd/000000');
insert into multimediaPagina (multimediaPaginaId, publicacionPaginaId, url) values (189, 189, 'http://dummyimage.com/227x100.png/5fa2dd/ffffff');
insert into multimediaPagina (multimediaPaginaId, publicacionPaginaId, url) values (190, 190, 'http://dummyimage.com/133x100.png/cc0000/ffffff');
insert into multimediaPagina (multimediaPaginaId, publicacionPaginaId, url) values (191, 191, 'http://dummyimage.com/165x100.png/ff4444/ffffff');
insert into multimediaPagina (multimediaPaginaId, publicacionPaginaId, url) values (192, 192, 'http://dummyimage.com/153x100.png/cc0000/ffffff');
insert into multimediaPagina (multimediaPaginaId, publicacionPaginaId, url) values (193, 193, 'http://dummyimage.com/159x100.png/dddddd/000000');
insert into multimediaPagina (multimediaPaginaId, publicacionPaginaId, url) values (194, 194, 'http://dummyimage.com/207x100.png/dddddd/000000');
insert into multimediaPagina (multimediaPaginaId, publicacionPaginaId, url) values (195, 195, 'http://dummyimage.com/223x100.png/cc0000/ffffff');
insert into multimediaPagina (multimediaPaginaId, publicacionPaginaId, url) values (196, 196, 'http://dummyimage.com/113x100.png/5fa2dd/ffffff');
insert into multimediaPagina (multimediaPaginaId, publicacionPaginaId, url) values (197, 197, 'http://dummyimage.com/174x100.png/cc0000/ffffff');
insert into multimediaPagina (multimediaPaginaId, publicacionPaginaId, url) values (198, 198, 'http://dummyimage.com/117x100.png/ff4444/ffffff');
insert into multimediaPagina (multimediaPaginaId, publicacionPaginaId, url) values (199, 199, 'http://dummyimage.com/134x100.png/cc0000/ffffff');
insert into multimediaPagina (multimediaPaginaId, publicacionPaginaId, url) values (200, 200, 'http://dummyimage.com/246x100.png/dddddd/000000');


-- Datos reaccionPublicaionPagina
insert into reaccionPublicaionPagina (reaccionPublicaionPaginaId, publicacionPaginaId, mascotaId, tipoReaccion, fechaReaccion) values (1, 61, 1, 'Me gusta', '2023-12-19 16:25:01');
insert into reaccionPublicaionPagina (reaccionPublicaionPaginaId, publicacionPaginaId, mascotaId, tipoReaccion, fechaReaccion) values (2, 158, 2, 'Me gusta', '2022-05-24 19:49:38');
insert into reaccionPublicaionPagina (reaccionPublicaionPaginaId, publicacionPaginaId, mascotaId, tipoReaccion, fechaReaccion) values (3, 126, 3, 'Me importa', '2022-10-20 19:41:47');
insert into reaccionPublicaionPagina (reaccionPublicaionPaginaId, publicacionPaginaId, mascotaId, tipoReaccion, fechaReaccion) values (4, 68, 4, 'Me gusta', '2022-12-24 19:13:51');
insert into reaccionPublicaionPagina (reaccionPublicaionPaginaId, publicacionPaginaId, mascotaId, tipoReaccion, fechaReaccion) values (5, 177, 5, 'Me divierte', '2022-01-13 07:45:30');
insert into reaccionPublicaionPagina (reaccionPublicaionPaginaId, publicacionPaginaId, mascotaId, tipoReaccion, fechaReaccion) values (6, 25, 6, 'Me enoja', '2023-07-24 12:37:05');
insert into reaccionPublicaionPagina (reaccionPublicaionPaginaId, publicacionPaginaId, mascotaId, tipoReaccion, fechaReaccion) values (7, 142, 7, 'Me enoja', '2022-01-17 09:07:38');
insert into reaccionPublicaionPagina (reaccionPublicaionPaginaId, publicacionPaginaId, mascotaId, tipoReaccion, fechaReaccion) values (8, 94, 8, 'Me asombra', '2022-09-18 03:46:36');
insert into reaccionPublicaionPagina (reaccionPublicaionPaginaId, publicacionPaginaId, mascotaId, tipoReaccion, fechaReaccion) values (9, 56, 9, 'Me enoja', '2023-05-08 23:22:38');
insert into reaccionPublicaionPagina (reaccionPublicaionPaginaId, publicacionPaginaId, mascotaId, tipoReaccion, fechaReaccion) values (10, 59, 10, 'Me divierte', '2022-11-25 19:16:54');
insert into reaccionPublicaionPagina (reaccionPublicaionPaginaId, publicacionPaginaId, mascotaId, tipoReaccion, fechaReaccion) values (11, 107, 11, 'Me entristece', '2023-03-05 21:21:55');
insert into reaccionPublicaionPagina (reaccionPublicaionPaginaId, publicacionPaginaId, mascotaId, tipoReaccion, fechaReaccion) values (12, 34, 12, 'Me gusta', '2022-02-23 17:00:14');
insert into reaccionPublicaionPagina (reaccionPublicaionPaginaId, publicacionPaginaId, mascotaId, tipoReaccion, fechaReaccion) values (13, 49, 13, 'Me enoja', '2023-09-12 14:16:47');
insert into reaccionPublicaionPagina (reaccionPublicaionPaginaId, publicacionPaginaId, mascotaId, tipoReaccion, fechaReaccion) values (14, 164, 14, 'Me asombra', '2023-02-02 03:02:28');
insert into reaccionPublicaionPagina (reaccionPublicaionPaginaId, publicacionPaginaId, mascotaId, tipoReaccion, fechaReaccion) values (15, 163, 15, 'Me asombra', '2023-04-08 23:43:39');
insert into reaccionPublicaionPagina (reaccionPublicaionPaginaId, publicacionPaginaId, mascotaId, tipoReaccion, fechaReaccion) values (16, 35, 16, 'Me gusta', '2022-02-07 09:33:34');
insert into reaccionPublicaionPagina (reaccionPublicaionPaginaId, publicacionPaginaId, mascotaId, tipoReaccion, fechaReaccion) values (17, 128, 17, 'Me asombra', '2022-06-29 12:56:34');
insert into reaccionPublicaionPagina (reaccionPublicaionPaginaId, publicacionPaginaId, mascotaId, tipoReaccion, fechaReaccion) values (18, 143, 18, 'Me enoja', '2022-07-06 14:06:48');
insert into reaccionPublicaionPagina (reaccionPublicaionPaginaId, publicacionPaginaId, mascotaId, tipoReaccion, fechaReaccion) values (19, 90, 19, 'Me importa', '2023-09-29 13:20:11');
insert into reaccionPublicaionPagina (reaccionPublicaionPaginaId, publicacionPaginaId, mascotaId, tipoReaccion, fechaReaccion) values (20, 68, 20, 'Me divierte', '2022-07-01 14:05:26');
insert into reaccionPublicaionPagina (reaccionPublicaionPaginaId, publicacionPaginaId, mascotaId, tipoReaccion, fechaReaccion) values (21, 168, 21, 'Me divierte', '2023-11-24 19:09:55');
insert into reaccionPublicaionPagina (reaccionPublicaionPaginaId, publicacionPaginaId, mascotaId, tipoReaccion, fechaReaccion) values (22, 62, 22, 'Me entristece', '2022-01-13 16:07:41');
insert into reaccionPublicaionPagina (reaccionPublicaionPaginaId, publicacionPaginaId, mascotaId, tipoReaccion, fechaReaccion) values (23, 177, 23, 'Me importa', '2023-04-17 22:16:14');
insert into reaccionPublicaionPagina (reaccionPublicaionPaginaId, publicacionPaginaId, mascotaId, tipoReaccion, fechaReaccion) values (24, 93, 24, 'Me gusta', '2022-09-27 14:35:19');
insert into reaccionPublicaionPagina (reaccionPublicaionPaginaId, publicacionPaginaId, mascotaId, tipoReaccion, fechaReaccion) values (25, 35, 25, 'Me gusta', '2022-02-22 17:35:14');
insert into reaccionPublicaionPagina (reaccionPublicaionPaginaId, publicacionPaginaId, mascotaId, tipoReaccion, fechaReaccion) values (26, 24, 26, 'Me gusta', '2022-05-05 08:05:21');
insert into reaccionPublicaionPagina (reaccionPublicaionPaginaId, publicacionPaginaId, mascotaId, tipoReaccion, fechaReaccion) values (27, 142, 27, 'Me gusta', '2023-06-07 22:42:58');
insert into reaccionPublicaionPagina (reaccionPublicaionPaginaId, publicacionPaginaId, mascotaId, tipoReaccion, fechaReaccion) values (28, 113, 28, 'Me importa', '2022-12-04 06:34:42');
insert into reaccionPublicaionPagina (reaccionPublicaionPaginaId, publicacionPaginaId, mascotaId, tipoReaccion, fechaReaccion) values (29, 120, 29, 'Me importa', '2022-11-02 06:40:21');
insert into reaccionPublicaionPagina (reaccionPublicaionPaginaId, publicacionPaginaId, mascotaId, tipoReaccion, fechaReaccion) values (30, 102, 30, 'Me enoja', '2022-01-17 15:17:51');
insert into reaccionPublicaionPagina (reaccionPublicaionPaginaId, publicacionPaginaId, mascotaId, tipoReaccion, fechaReaccion) values (31, 101, 31, 'Me encanta', '2022-10-08 02:46:17');
insert into reaccionPublicaionPagina (reaccionPublicaionPaginaId, publicacionPaginaId, mascotaId, tipoReaccion, fechaReaccion) values (32, 125, 32, 'Me asombra', '2022-03-21 03:48:43');
insert into reaccionPublicaionPagina (reaccionPublicaionPaginaId, publicacionPaginaId, mascotaId, tipoReaccion, fechaReaccion) values (33, 78, 33, 'Me importa', '2023-01-06 17:30:28');
insert into reaccionPublicaionPagina (reaccionPublicaionPaginaId, publicacionPaginaId, mascotaId, tipoReaccion, fechaReaccion) values (34, 102, 34, 'Me gusta', '2022-12-14 06:01:19');
insert into reaccionPublicaionPagina (reaccionPublicaionPaginaId, publicacionPaginaId, mascotaId, tipoReaccion, fechaReaccion) values (35, 71, 35, 'Me importa', '2023-09-08 00:39:44');
insert into reaccionPublicaionPagina (reaccionPublicaionPaginaId, publicacionPaginaId, mascotaId, tipoReaccion, fechaReaccion) values (36, 96, 36, 'Me asombra', '2023-08-17 21:58:22');
insert into reaccionPublicaionPagina (reaccionPublicaionPaginaId, publicacionPaginaId, mascotaId, tipoReaccion, fechaReaccion) values (37, 34, 37, 'Me entristece', '2022-06-17 10:32:47');
insert into reaccionPublicaionPagina (reaccionPublicaionPaginaId, publicacionPaginaId, mascotaId, tipoReaccion, fechaReaccion) values (38, 17, 38, 'Me entristece', '2022-10-22 12:41:55');
insert into reaccionPublicaionPagina (reaccionPublicaionPaginaId, publicacionPaginaId, mascotaId, tipoReaccion, fechaReaccion) values (39, 89, 39, 'Me divierte', '2023-06-14 11:01:18');
insert into reaccionPublicaionPagina (reaccionPublicaionPaginaId, publicacionPaginaId, mascotaId, tipoReaccion, fechaReaccion) values (40, 176, 40, 'Me asombra', '2022-09-29 07:19:08');
insert into reaccionPublicaionPagina (reaccionPublicaionPaginaId, publicacionPaginaId, mascotaId, tipoReaccion, fechaReaccion) values (41, 122, 41, 'Me gusta', '2023-10-30 02:53:22');
insert into reaccionPublicaionPagina (reaccionPublicaionPaginaId, publicacionPaginaId, mascotaId, tipoReaccion, fechaReaccion) values (42, 127, 42, 'Me enoja', '2023-03-12 04:17:52');
insert into reaccionPublicaionPagina (reaccionPublicaionPaginaId, publicacionPaginaId, mascotaId, tipoReaccion, fechaReaccion) values (43, 114, 43, 'Me divierte', '2023-11-04 23:36:49');
insert into reaccionPublicaionPagina (reaccionPublicaionPaginaId, publicacionPaginaId, mascotaId, tipoReaccion, fechaReaccion) values (44, 115, 44, 'Me divierte', '2022-02-04 06:32:56');
insert into reaccionPublicaionPagina (reaccionPublicaionPaginaId, publicacionPaginaId, mascotaId, tipoReaccion, fechaReaccion) values (45, 114, 45, 'Me asombra', '2023-03-06 02:04:51');
insert into reaccionPublicaionPagina (reaccionPublicaionPaginaId, publicacionPaginaId, mascotaId, tipoReaccion, fechaReaccion) values (46, 167, 46, 'Me gusta', '2022-01-02 09:45:40');
insert into reaccionPublicaionPagina (reaccionPublicaionPaginaId, publicacionPaginaId, mascotaId, tipoReaccion, fechaReaccion) values (47, 5, 47, 'Me importa', '2022-04-18 05:45:58');
insert into reaccionPublicaionPagina (reaccionPublicaionPaginaId, publicacionPaginaId, mascotaId, tipoReaccion, fechaReaccion) values (48, 170, 48, 'Me encanta', '2022-03-08 17:52:07');
insert into reaccionPublicaionPagina (reaccionPublicaionPaginaId, publicacionPaginaId, mascotaId, tipoReaccion, fechaReaccion) values (49, 31, 49, 'Me enoja', '2022-04-26 10:03:47');
insert into reaccionPublicaionPagina (reaccionPublicaionPaginaId, publicacionPaginaId, mascotaId, tipoReaccion, fechaReaccion) values (50, 153, 50, 'Me enoja', '2022-12-19 06:09:07');
insert into reaccionPublicaionPagina (reaccionPublicaionPaginaId, publicacionPaginaId, mascotaId, tipoReaccion, fechaReaccion) values (51, 99, 51, 'Me enoja', '2023-07-12 12:39:50');
insert into reaccionPublicaionPagina (reaccionPublicaionPaginaId, publicacionPaginaId, mascotaId, tipoReaccion, fechaReaccion) values (52, 54, 52, 'Me divierte', '2022-09-23 12:08:14');
insert into reaccionPublicaionPagina (reaccionPublicaionPaginaId, publicacionPaginaId, mascotaId, tipoReaccion, fechaReaccion) values (53, 131, 53, 'Me encanta', '2022-05-21 18:19:52');
insert into reaccionPublicaionPagina (reaccionPublicaionPaginaId, publicacionPaginaId, mascotaId, tipoReaccion, fechaReaccion) values (54, 75, 54, 'Me entristece', '2022-11-04 02:50:35');
insert into reaccionPublicaionPagina (reaccionPublicaionPaginaId, publicacionPaginaId, mascotaId, tipoReaccion, fechaReaccion) values (55, 123, 55, 'Me divierte', '2022-11-27 03:34:15');
insert into reaccionPublicaionPagina (reaccionPublicaionPaginaId, publicacionPaginaId, mascotaId, tipoReaccion, fechaReaccion) values (56, 74, 56, 'Me gusta', '2023-10-20 23:31:32');
insert into reaccionPublicaionPagina (reaccionPublicaionPaginaId, publicacionPaginaId, mascotaId, tipoReaccion, fechaReaccion) values (57, 80, 57, 'Me asombra', '2023-03-11 19:02:33');
insert into reaccionPublicaionPagina (reaccionPublicaionPaginaId, publicacionPaginaId, mascotaId, tipoReaccion, fechaReaccion) values (58, 4, 58, 'Me encanta', '2023-06-04 21:43:48');
insert into reaccionPublicaionPagina (reaccionPublicaionPaginaId, publicacionPaginaId, mascotaId, tipoReaccion, fechaReaccion) values (59, 85, 59, 'Me gusta', '2023-06-13 20:37:01');
insert into reaccionPublicaionPagina (reaccionPublicaionPaginaId, publicacionPaginaId, mascotaId, tipoReaccion, fechaReaccion) values (60, 64, 60, 'Me importa', '2023-01-31 04:36:37');
insert into reaccionPublicaionPagina (reaccionPublicaionPaginaId, publicacionPaginaId, mascotaId, tipoReaccion, fechaReaccion) values (61, 33, 61, 'Me encanta', '2023-01-09 19:11:18');
insert into reaccionPublicaionPagina (reaccionPublicaionPaginaId, publicacionPaginaId, mascotaId, tipoReaccion, fechaReaccion) values (62, 45, 62, 'Me importa', '2023-09-04 12:19:43');
insert into reaccionPublicaionPagina (reaccionPublicaionPaginaId, publicacionPaginaId, mascotaId, tipoReaccion, fechaReaccion) values (63, 127, 63, 'Me enoja', '2022-01-14 22:19:07');
insert into reaccionPublicaionPagina (reaccionPublicaionPaginaId, publicacionPaginaId, mascotaId, tipoReaccion, fechaReaccion) values (64, 176, 64, 'Me enoja', '2022-09-28 08:45:09');
insert into reaccionPublicaionPagina (reaccionPublicaionPaginaId, publicacionPaginaId, mascotaId, tipoReaccion, fechaReaccion) values (65, 34, 65, 'Me encanta', '2022-02-13 23:54:09');
insert into reaccionPublicaionPagina (reaccionPublicaionPaginaId, publicacionPaginaId, mascotaId, tipoReaccion, fechaReaccion) values (66, 76, 66, 'Me importa', '2023-11-11 16:12:27');
insert into reaccionPublicaionPagina (reaccionPublicaionPaginaId, publicacionPaginaId, mascotaId, tipoReaccion, fechaReaccion) values (67, 124, 67, 'Me entristece', '2023-03-05 22:38:30');
insert into reaccionPublicaionPagina (reaccionPublicaionPaginaId, publicacionPaginaId, mascotaId, tipoReaccion, fechaReaccion) values (68, 55, 68, 'Me divierte', '2023-12-25 14:16:31');
insert into reaccionPublicaionPagina (reaccionPublicaionPaginaId, publicacionPaginaId, mascotaId, tipoReaccion, fechaReaccion) values (69, 161, 69, 'Me gusta', '2022-09-09 00:14:44');
insert into reaccionPublicaionPagina (reaccionPublicaionPaginaId, publicacionPaginaId, mascotaId, tipoReaccion, fechaReaccion) values (70, 108, 70, 'Me enoja', '2022-07-21 09:53:16');
insert into reaccionPublicaionPagina (reaccionPublicaionPaginaId, publicacionPaginaId, mascotaId, tipoReaccion, fechaReaccion) values (71, 148, 71, 'Me encanta', '2023-11-13 22:41:24');
insert into reaccionPublicaionPagina (reaccionPublicaionPaginaId, publicacionPaginaId, mascotaId, tipoReaccion, fechaReaccion) values (72, 73, 72, 'Me importa', '2022-05-07 02:06:20');
insert into reaccionPublicaionPagina (reaccionPublicaionPaginaId, publicacionPaginaId, mascotaId, tipoReaccion, fechaReaccion) values (73, 32, 73, 'Me asombra', '2023-12-18 22:47:30');
insert into reaccionPublicaionPagina (reaccionPublicaionPaginaId, publicacionPaginaId, mascotaId, tipoReaccion, fechaReaccion) values (74, 100, 74, 'Me divierte', '2023-06-02 18:38:17');
insert into reaccionPublicaionPagina (reaccionPublicaionPaginaId, publicacionPaginaId, mascotaId, tipoReaccion, fechaReaccion) values (75, 196, 75, 'Me asombra', '2022-10-14 10:43:39');
insert into reaccionPublicaionPagina (reaccionPublicaionPaginaId, publicacionPaginaId, mascotaId, tipoReaccion, fechaReaccion) values (76, 100, 76, 'Me entristece', '2023-02-14 20:03:17');
insert into reaccionPublicaionPagina (reaccionPublicaionPaginaId, publicacionPaginaId, mascotaId, tipoReaccion, fechaReaccion) values (77, 22, 77, 'Me gusta', '2022-08-19 09:13:31');
insert into reaccionPublicaionPagina (reaccionPublicaionPaginaId, publicacionPaginaId, mascotaId, tipoReaccion, fechaReaccion) values (78, 1, 78, 'Me importa', '2023-09-08 15:30:40');
insert into reaccionPublicaionPagina (reaccionPublicaionPaginaId, publicacionPaginaId, mascotaId, tipoReaccion, fechaReaccion) values (79, 157, 79, 'Me enoja', '2023-01-17 05:18:51');
insert into reaccionPublicaionPagina (reaccionPublicaionPaginaId, publicacionPaginaId, mascotaId, tipoReaccion, fechaReaccion) values (80, 164, 80, 'Me importa', '2023-04-18 10:35:26');
insert into reaccionPublicaionPagina (reaccionPublicaionPaginaId, publicacionPaginaId, mascotaId, tipoReaccion, fechaReaccion) values (81, 111, 81, 'Me importa', '2023-12-13 22:48:21');
insert into reaccionPublicaionPagina (reaccionPublicaionPaginaId, publicacionPaginaId, mascotaId, tipoReaccion, fechaReaccion) values (82, 52, 82, 'Me encanta', '2022-05-10 19:45:52');
insert into reaccionPublicaionPagina (reaccionPublicaionPaginaId, publicacionPaginaId, mascotaId, tipoReaccion, fechaReaccion) values (83, 171, 83, 'Me entristece', '2022-09-11 10:57:32');
insert into reaccionPublicaionPagina (reaccionPublicaionPaginaId, publicacionPaginaId, mascotaId, tipoReaccion, fechaReaccion) values (84, 126, 84, 'Me entristece', '2023-02-27 20:34:03');
insert into reaccionPublicaionPagina (reaccionPublicaionPaginaId, publicacionPaginaId, mascotaId, tipoReaccion, fechaReaccion) values (85, 96, 85, 'Me enoja', '2023-09-05 13:25:27');
insert into reaccionPublicaionPagina (reaccionPublicaionPaginaId, publicacionPaginaId, mascotaId, tipoReaccion, fechaReaccion) values (86, 110, 86, 'Me enoja', '2023-06-16 19:44:59');
insert into reaccionPublicaionPagina (reaccionPublicaionPaginaId, publicacionPaginaId, mascotaId, tipoReaccion, fechaReaccion) values (87, 199, 87, 'Me asombra', '2023-08-21 05:06:30');
insert into reaccionPublicaionPagina (reaccionPublicaionPaginaId, publicacionPaginaId, mascotaId, tipoReaccion, fechaReaccion) values (88, 81, 88, 'Me importa', '2022-08-01 23:56:48');
insert into reaccionPublicaionPagina (reaccionPublicaionPaginaId, publicacionPaginaId, mascotaId, tipoReaccion, fechaReaccion) values (89, 100, 89, 'Me entristece', '2023-07-10 19:39:39');
insert into reaccionPublicaionPagina (reaccionPublicaionPaginaId, publicacionPaginaId, mascotaId, tipoReaccion, fechaReaccion) values (90, 21, 90, 'Me entristece', '2023-10-01 23:49:55');
insert into reaccionPublicaionPagina (reaccionPublicaionPaginaId, publicacionPaginaId, mascotaId, tipoReaccion, fechaReaccion) values (91, 148, 91, 'Me importa', '2022-10-02 03:53:03');
insert into reaccionPublicaionPagina (reaccionPublicaionPaginaId, publicacionPaginaId, mascotaId, tipoReaccion, fechaReaccion) values (92, 4, 92, 'Me entristece', '2022-05-17 03:43:01');
insert into reaccionPublicaionPagina (reaccionPublicaionPaginaId, publicacionPaginaId, mascotaId, tipoReaccion, fechaReaccion) values (93, 169, 93, 'Me asombra', '2023-05-03 05:15:04');
insert into reaccionPublicaionPagina (reaccionPublicaionPaginaId, publicacionPaginaId, mascotaId, tipoReaccion, fechaReaccion) values (94, 3, 94, 'Me entristece', '2023-07-26 05:28:51');
insert into reaccionPublicaionPagina (reaccionPublicaionPaginaId, publicacionPaginaId, mascotaId, tipoReaccion, fechaReaccion) values (95, 107, 95, 'Me divierte', '2022-09-05 21:29:20');
insert into reaccionPublicaionPagina (reaccionPublicaionPaginaId, publicacionPaginaId, mascotaId, tipoReaccion, fechaReaccion) values (96, 179, 96, 'Me divierte', '2022-06-13 18:20:03');
insert into reaccionPublicaionPagina (reaccionPublicaionPaginaId, publicacionPaginaId, mascotaId, tipoReaccion, fechaReaccion) values (97, 63, 97, 'Me importa', '2023-12-19 12:50:03');
insert into reaccionPublicaionPagina (reaccionPublicaionPaginaId, publicacionPaginaId, mascotaId, tipoReaccion, fechaReaccion) values (98, 10, 98, 'Me divierte', '2022-12-24 09:29:16');
insert into reaccionPublicaionPagina (reaccionPublicaionPaginaId, publicacionPaginaId, mascotaId, tipoReaccion, fechaReaccion) values (99, 4, 99, 'Me enoja', '2023-05-22 15:00:58');
insert into reaccionPublicaionPagina (reaccionPublicaionPaginaId, publicacionPaginaId, mascotaId, tipoReaccion, fechaReaccion) values (100, 20, 100, 'Me asombra', '2023-12-14 07:53:19');

-- datos comentarioPublicacionPagina
insert into comentarioPublicacionPagina (comentarioPublicacionPaginaId, publicacionPaginaId, mascotaId, contenido, fechaComentario) values (1, 89, 19, 'comentario 1', '2023-08-02 21:28:24');
insert into comentarioPublicacionPagina (comentarioPublicacionPaginaId, publicacionPaginaId, mascotaId, contenido, fechaComentario) values (2, 101, 32, 'comentario 2', '2023-09-20 20:45:07');
insert into comentarioPublicacionPagina (comentarioPublicacionPaginaId, publicacionPaginaId, mascotaId, contenido, fechaComentario) values (3, 171, 42, 'comentario 3', '2023-05-14 08:18:11');
insert into comentarioPublicacionPagina (comentarioPublicacionPaginaId, publicacionPaginaId, mascotaId, contenido, fechaComentario) values (4, 177, 87, 'comentario 4', '2023-03-20 08:15:31');
insert into comentarioPublicacionPagina (comentarioPublicacionPaginaId, publicacionPaginaId, mascotaId, contenido, fechaComentario) values (5, 112, 69, 'comentario 5', '2022-02-21 09:17:13');
insert into comentarioPublicacionPagina (comentarioPublicacionPaginaId, publicacionPaginaId, mascotaId, contenido, fechaComentario) values (6, 174, 22, 'comentario 6', '2022-11-04 18:16:58');
insert into comentarioPublicacionPagina (comentarioPublicacionPaginaId, publicacionPaginaId, mascotaId, contenido, fechaComentario) values (7, 36, 87, 'comentario 7', '2023-07-03 18:20:48');
insert into comentarioPublicacionPagina (comentarioPublicacionPaginaId, publicacionPaginaId, mascotaId, contenido, fechaComentario) values (8, 28, 86, 'comentario 8', '2022-12-05 02:48:09');
insert into comentarioPublicacionPagina (comentarioPublicacionPaginaId, publicacionPaginaId, mascotaId, contenido, fechaComentario) values (9, 196, 16, 'comentario 9', '2023-09-15 14:45:07');
insert into comentarioPublicacionPagina (comentarioPublicacionPaginaId, publicacionPaginaId, mascotaId, contenido, fechaComentario) values (10, 126, 58, 'comentario 10', '2023-03-14 21:10:40');
insert into comentarioPublicacionPagina (comentarioPublicacionPaginaId, publicacionPaginaId, mascotaId, contenido, fechaComentario) values (11, 189, 16, 'comentario 11', '2023-08-19 23:12:51');
insert into comentarioPublicacionPagina (comentarioPublicacionPaginaId, publicacionPaginaId, mascotaId, contenido, fechaComentario) values (12, 137, 47, 'comentario 12', '2022-12-02 13:33:06');
insert into comentarioPublicacionPagina (comentarioPublicacionPaginaId, publicacionPaginaId, mascotaId, contenido, fechaComentario) values (13, 49, 23, 'comentario 13', '2022-02-07 22:30:48');
insert into comentarioPublicacionPagina (comentarioPublicacionPaginaId, publicacionPaginaId, mascotaId, contenido, fechaComentario) values (14, 187, 10, 'comentario 14', '2023-02-17 12:29:55');
insert into comentarioPublicacionPagina (comentarioPublicacionPaginaId, publicacionPaginaId, mascotaId, contenido, fechaComentario) values (15, 137, 35, 'comentario 15', '2023-10-11 11:21:31');
insert into comentarioPublicacionPagina (comentarioPublicacionPaginaId, publicacionPaginaId, mascotaId, contenido, fechaComentario) values (16, 27, 52, 'comentario 16', '2023-08-27 22:56:46');
insert into comentarioPublicacionPagina (comentarioPublicacionPaginaId, publicacionPaginaId, mascotaId, contenido, fechaComentario) values (17, 172, 6, 'comentario 17', '2023-01-02 15:16:24');
insert into comentarioPublicacionPagina (comentarioPublicacionPaginaId, publicacionPaginaId, mascotaId, contenido, fechaComentario) values (18, 117, 53, 'comentario 18', '2023-02-23 04:56:03');
insert into comentarioPublicacionPagina (comentarioPublicacionPaginaId, publicacionPaginaId, mascotaId, contenido, fechaComentario) values (19, 27, 58, 'comentario 19', '2022-04-04 06:10:26');
insert into comentarioPublicacionPagina (comentarioPublicacionPaginaId, publicacionPaginaId, mascotaId, contenido, fechaComentario) values (20, 138, 70, 'comentario 20', '2022-02-16 00:26:30');
insert into comentarioPublicacionPagina (comentarioPublicacionPaginaId, publicacionPaginaId, mascotaId, contenido, fechaComentario) values (21, 105, 64, 'comentario 21', '2023-10-31 20:52:00');
insert into comentarioPublicacionPagina (comentarioPublicacionPaginaId, publicacionPaginaId, mascotaId, contenido, fechaComentario) values (22, 61, 14, 'comentario 22', '2022-06-07 23:15:13');
insert into comentarioPublicacionPagina (comentarioPublicacionPaginaId, publicacionPaginaId, mascotaId, contenido, fechaComentario) values (23, 136, 7, 'comentario 23', '2023-01-17 00:27:35');
insert into comentarioPublicacionPagina (comentarioPublicacionPaginaId, publicacionPaginaId, mascotaId, contenido, fechaComentario) values (24, 103, 31, 'comentario 24', '2022-03-11 18:31:41');
insert into comentarioPublicacionPagina (comentarioPublicacionPaginaId, publicacionPaginaId, mascotaId, contenido, fechaComentario) values (25, 164, 62, 'comentario 25', '2022-03-01 14:46:19');
insert into comentarioPublicacionPagina (comentarioPublicacionPaginaId, publicacionPaginaId, mascotaId, contenido, fechaComentario) values (26, 98, 12, 'comentario 26', '2022-03-13 04:19:59');
insert into comentarioPublicacionPagina (comentarioPublicacionPaginaId, publicacionPaginaId, mascotaId, contenido, fechaComentario) values (27, 139, 99, 'comentario 27', '2022-09-22 03:46:34');
insert into comentarioPublicacionPagina (comentarioPublicacionPaginaId, publicacionPaginaId, mascotaId, contenido, fechaComentario) values (28, 191, 71, 'comentario 28', '2023-12-18 21:21:15');
insert into comentarioPublicacionPagina (comentarioPublicacionPaginaId, publicacionPaginaId, mascotaId, contenido, fechaComentario) values (29, 27, 92, 'comentario 29', '2023-12-16 09:38:45');
insert into comentarioPublicacionPagina (comentarioPublicacionPaginaId, publicacionPaginaId, mascotaId, contenido, fechaComentario) values (30, 45, 70, 'comentario 30', '2022-07-15 23:21:27');
insert into comentarioPublicacionPagina (comentarioPublicacionPaginaId, publicacionPaginaId, mascotaId, contenido, fechaComentario) values (31, 185, 85, 'comentario 31', '2022-02-28 10:56:16');
insert into comentarioPublicacionPagina (comentarioPublicacionPaginaId, publicacionPaginaId, mascotaId, contenido, fechaComentario) values (32, 82, 75, 'comentario 32', '2022-05-19 15:03:10');
insert into comentarioPublicacionPagina (comentarioPublicacionPaginaId, publicacionPaginaId, mascotaId, contenido, fechaComentario) values (33, 150, 61, 'comentario 33', '2023-05-03 13:31:58');
insert into comentarioPublicacionPagina (comentarioPublicacionPaginaId, publicacionPaginaId, mascotaId, contenido, fechaComentario) values (34, 52, 15, 'comentario 34', '2023-12-20 17:32:34');
insert into comentarioPublicacionPagina (comentarioPublicacionPaginaId, publicacionPaginaId, mascotaId, contenido, fechaComentario) values (35, 10, 46, 'comentario 35', '2022-04-28 17:00:06');
insert into comentarioPublicacionPagina (comentarioPublicacionPaginaId, publicacionPaginaId, mascotaId, contenido, fechaComentario) values (36, 26, 23, 'comentario 36', '2022-10-14 00:45:43');
insert into comentarioPublicacionPagina (comentarioPublicacionPaginaId, publicacionPaginaId, mascotaId, contenido, fechaComentario) values (37, 27, 39, 'comentario 37', '2022-05-02 13:13:13');
insert into comentarioPublicacionPagina (comentarioPublicacionPaginaId, publicacionPaginaId, mascotaId, contenido, fechaComentario) values (38, 94, 66, 'comentario 38', '2023-02-09 01:39:21');
insert into comentarioPublicacionPagina (comentarioPublicacionPaginaId, publicacionPaginaId, mascotaId, contenido, fechaComentario) values (39, 35, 82, 'comentario 39', '2023-08-03 13:08:50');
insert into comentarioPublicacionPagina (comentarioPublicacionPaginaId, publicacionPaginaId, mascotaId, contenido, fechaComentario) values (40, 6, 22, 'comentario 40', '2023-01-19 22:58:02');
insert into comentarioPublicacionPagina (comentarioPublicacionPaginaId, publicacionPaginaId, mascotaId, contenido, fechaComentario) values (41, 94, 52, 'comentario 41', '2023-10-16 06:10:00');
insert into comentarioPublicacionPagina (comentarioPublicacionPaginaId, publicacionPaginaId, mascotaId, contenido, fechaComentario) values (42, 39, 82, 'comentario 42', '2023-10-01 16:42:09');
insert into comentarioPublicacionPagina (comentarioPublicacionPaginaId, publicacionPaginaId, mascotaId, contenido, fechaComentario) values (43, 150, 73, 'comentario 43', '2022-08-29 20:32:20');
insert into comentarioPublicacionPagina (comentarioPublicacionPaginaId, publicacionPaginaId, mascotaId, contenido, fechaComentario) values (44, 5, 6, 'comentario 44', '2022-05-24 09:00:17');
insert into comentarioPublicacionPagina (comentarioPublicacionPaginaId, publicacionPaginaId, mascotaId, contenido, fechaComentario) values (45, 157, 77, 'comentario 45', '2023-10-02 05:04:52');
insert into comentarioPublicacionPagina (comentarioPublicacionPaginaId, publicacionPaginaId, mascotaId, contenido, fechaComentario) values (46, 84, 3, 'comentario 46', '2022-07-18 17:21:48');
insert into comentarioPublicacionPagina (comentarioPublicacionPaginaId, publicacionPaginaId, mascotaId, contenido, fechaComentario) values (47, 158, 88, 'comentario 47', '2023-05-13 04:24:10');
insert into comentarioPublicacionPagina (comentarioPublicacionPaginaId, publicacionPaginaId, mascotaId, contenido, fechaComentario) values (48, 28, 33, 'comentario 48', '2022-09-25 06:45:17');
insert into comentarioPublicacionPagina (comentarioPublicacionPaginaId, publicacionPaginaId, mascotaId, contenido, fechaComentario) values (49, 91, 89, 'comentario 49', '2022-10-20 10:52:00');
insert into comentarioPublicacionPagina (comentarioPublicacionPaginaId, publicacionPaginaId, mascotaId, contenido, fechaComentario) values (50, 63, 86, 'comentario 50', '2022-01-10 17:05:42');
insert into comentarioPublicacionPagina (comentarioPublicacionPaginaId, publicacionPaginaId, mascotaId, contenido, fechaComentario) values (51, 152, 14, 'comentario 51', '2023-01-19 20:44:29');
insert into comentarioPublicacionPagina (comentarioPublicacionPaginaId, publicacionPaginaId, mascotaId, contenido, fechaComentario) values (52, 35, 53, 'comentario 52', '2022-01-25 18:28:20');
insert into comentarioPublicacionPagina (comentarioPublicacionPaginaId, publicacionPaginaId, mascotaId, contenido, fechaComentario) values (53, 75, 29, 'comentario 53', '2023-01-31 17:03:45');
insert into comentarioPublicacionPagina (comentarioPublicacionPaginaId, publicacionPaginaId, mascotaId, contenido, fechaComentario) values (54, 172, 65, 'comentario 54', '2022-12-05 02:32:53');
insert into comentarioPublicacionPagina (comentarioPublicacionPaginaId, publicacionPaginaId, mascotaId, contenido, fechaComentario) values (55, 1, 18, 'comentario 55', '2023-08-12 21:18:40');
insert into comentarioPublicacionPagina (comentarioPublicacionPaginaId, publicacionPaginaId, mascotaId, contenido, fechaComentario) values (56, 154, 24, 'comentario 56', '2023-05-25 22:04:19');
insert into comentarioPublicacionPagina (comentarioPublicacionPaginaId, publicacionPaginaId, mascotaId, contenido, fechaComentario) values (57, 167, 1, 'comentario 57', '2022-04-06 20:05:29');
insert into comentarioPublicacionPagina (comentarioPublicacionPaginaId, publicacionPaginaId, mascotaId, contenido, fechaComentario) values (58, 172, 38, 'comentario 58', '2022-09-06 11:15:49');
insert into comentarioPublicacionPagina (comentarioPublicacionPaginaId, publicacionPaginaId, mascotaId, contenido, fechaComentario) values (59, 116, 69, 'comentario 59', '2023-09-20 04:52:04');
insert into comentarioPublicacionPagina (comentarioPublicacionPaginaId, publicacionPaginaId, mascotaId, contenido, fechaComentario) values (60, 59, 63, 'comentario 60', '2023-01-08 03:27:09');
insert into comentarioPublicacionPagina (comentarioPublicacionPaginaId, publicacionPaginaId, mascotaId, contenido, fechaComentario) values (61, 1, 3, 'comentario 61', '2023-10-04 05:05:21');
insert into comentarioPublicacionPagina (comentarioPublicacionPaginaId, publicacionPaginaId, mascotaId, contenido, fechaComentario) values (62, 59, 98, 'comentario 62', '2023-09-08 03:51:32');
insert into comentarioPublicacionPagina (comentarioPublicacionPaginaId, publicacionPaginaId, mascotaId, contenido, fechaComentario) values (63, 166, 76, 'comentario 63', '2023-11-13 15:55:14');
insert into comentarioPublicacionPagina (comentarioPublicacionPaginaId, publicacionPaginaId, mascotaId, contenido, fechaComentario) values (64, 168, 78, 'comentario 64', '2022-04-06 23:49:06');
insert into comentarioPublicacionPagina (comentarioPublicacionPaginaId, publicacionPaginaId, mascotaId, contenido, fechaComentario) values (65, 143, 83, 'comentario 65', '2023-10-27 01:33:48');
insert into comentarioPublicacionPagina (comentarioPublicacionPaginaId, publicacionPaginaId, mascotaId, contenido, fechaComentario) values (66, 116, 100, 'comentario 66', '2022-12-26 19:57:19');
insert into comentarioPublicacionPagina (comentarioPublicacionPaginaId, publicacionPaginaId, mascotaId, contenido, fechaComentario) values (67, 178, 55, 'comentario 67', '2022-08-11 05:35:38');
insert into comentarioPublicacionPagina (comentarioPublicacionPaginaId, publicacionPaginaId, mascotaId, contenido, fechaComentario) values (68, 153, 3, 'comentario 68', '2022-10-09 07:59:07');
insert into comentarioPublicacionPagina (comentarioPublicacionPaginaId, publicacionPaginaId, mascotaId, contenido, fechaComentario) values (69, 156, 7, 'comentario 69', '2022-10-06 21:21:07');
insert into comentarioPublicacionPagina (comentarioPublicacionPaginaId, publicacionPaginaId, mascotaId, contenido, fechaComentario) values (70, 9, 63, 'comentario 70', '2022-05-20 07:45:01');
insert into comentarioPublicacionPagina (comentarioPublicacionPaginaId, publicacionPaginaId, mascotaId, contenido, fechaComentario) values (71, 14, 63, 'comentario 71', '2022-11-21 11:51:58');
insert into comentarioPublicacionPagina (comentarioPublicacionPaginaId, publicacionPaginaId, mascotaId, contenido, fechaComentario) values (72, 10, 100, 'comentario 72', '2022-06-18 16:27:41');
insert into comentarioPublicacionPagina (comentarioPublicacionPaginaId, publicacionPaginaId, mascotaId, contenido, fechaComentario) values (73, 193, 30, 'comentario 73', '2022-10-24 22:14:02');
insert into comentarioPublicacionPagina (comentarioPublicacionPaginaId, publicacionPaginaId, mascotaId, contenido, fechaComentario) values (74, 152, 75, 'comentario 74', '2022-06-21 15:49:24');
insert into comentarioPublicacionPagina (comentarioPublicacionPaginaId, publicacionPaginaId, mascotaId, contenido, fechaComentario) values (75, 78, 83, 'comentario 75', '2023-12-09 10:10:43');
insert into comentarioPublicacionPagina (comentarioPublicacionPaginaId, publicacionPaginaId, mascotaId, contenido, fechaComentario) values (76, 133, 3, 'comentario 76', '2022-01-28 13:47:43');
insert into comentarioPublicacionPagina (comentarioPublicacionPaginaId, publicacionPaginaId, mascotaId, contenido, fechaComentario) values (77, 13, 22, 'comentario 77', '2023-03-08 01:54:00');
insert into comentarioPublicacionPagina (comentarioPublicacionPaginaId, publicacionPaginaId, mascotaId, contenido, fechaComentario) values (78, 190, 68, 'comentario 78', '2023-07-01 12:37:51');
insert into comentarioPublicacionPagina (comentarioPublicacionPaginaId, publicacionPaginaId, mascotaId, contenido, fechaComentario) values (79, 132, 56, 'comentario 79', '2022-11-14 04:21:26');
insert into comentarioPublicacionPagina (comentarioPublicacionPaginaId, publicacionPaginaId, mascotaId, contenido, fechaComentario) values (80, 51, 68, 'comentario 80', '2022-07-27 18:33:06');
insert into comentarioPublicacionPagina (comentarioPublicacionPaginaId, publicacionPaginaId, mascotaId, contenido, fechaComentario) values (81, 68, 36, 'comentario 81', '2022-08-02 15:04:44');
insert into comentarioPublicacionPagina (comentarioPublicacionPaginaId, publicacionPaginaId, mascotaId, contenido, fechaComentario) values (82, 54, 30, 'comentario 82', '2022-07-25 21:21:13');
insert into comentarioPublicacionPagina (comentarioPublicacionPaginaId, publicacionPaginaId, mascotaId, contenido, fechaComentario) values (83, 168, 6, 'comentario 83', '2023-12-17 01:59:17');
insert into comentarioPublicacionPagina (comentarioPublicacionPaginaId, publicacionPaginaId, mascotaId, contenido, fechaComentario) values (84, 67, 33, 'comentario 84', '2023-09-16 06:46:04');
insert into comentarioPublicacionPagina (comentarioPublicacionPaginaId, publicacionPaginaId, mascotaId, contenido, fechaComentario) values (85, 31, 40, 'comentario 85', '2022-09-27 08:28:58');
insert into comentarioPublicacionPagina (comentarioPublicacionPaginaId, publicacionPaginaId, mascotaId, contenido, fechaComentario) values (86, 198, 28, 'comentario 86', '2022-03-08 14:30:19');
insert into comentarioPublicacionPagina (comentarioPublicacionPaginaId, publicacionPaginaId, mascotaId, contenido, fechaComentario) values (87, 5, 89, 'comentario 87', '2023-12-12 10:05:04');
insert into comentarioPublicacionPagina (comentarioPublicacionPaginaId, publicacionPaginaId, mascotaId, contenido, fechaComentario) values (88, 17, 15, 'comentario 88', '2023-07-21 02:22:10');
insert into comentarioPublicacionPagina (comentarioPublicacionPaginaId, publicacionPaginaId, mascotaId, contenido, fechaComentario) values (89, 108, 15, 'comentario 89', '2023-06-13 11:38:26');
insert into comentarioPublicacionPagina (comentarioPublicacionPaginaId, publicacionPaginaId, mascotaId, contenido, fechaComentario) values (90, 137, 35, 'comentario 90', '2022-01-27 00:38:05');
insert into comentarioPublicacionPagina (comentarioPublicacionPaginaId, publicacionPaginaId, mascotaId, contenido, fechaComentario) values (91, 73, 26, 'comentario 91', '2023-03-10 18:01:11');
insert into comentarioPublicacionPagina (comentarioPublicacionPaginaId, publicacionPaginaId, mascotaId, contenido, fechaComentario) values (92, 1, 63, 'comentario 92', '2023-08-18 16:48:20');
insert into comentarioPublicacionPagina (comentarioPublicacionPaginaId, publicacionPaginaId, mascotaId, contenido, fechaComentario) values (93, 180, 54, 'comentario 93', '2023-07-21 11:56:33');
insert into comentarioPublicacionPagina (comentarioPublicacionPaginaId, publicacionPaginaId, mascotaId, contenido, fechaComentario) values (94, 93, 80, 'comentario 94', '2022-08-30 19:44:51');
insert into comentarioPublicacionPagina (comentarioPublicacionPaginaId, publicacionPaginaId, mascotaId, contenido, fechaComentario) values (95, 26, 67, 'comentario 95', '2023-12-03 17:15:18');
insert into comentarioPublicacionPagina (comentarioPublicacionPaginaId, publicacionPaginaId, mascotaId, contenido, fechaComentario) values (96, 81, 96, 'comentario 96', '2022-03-12 02:30:32');
insert into comentarioPublicacionPagina (comentarioPublicacionPaginaId, publicacionPaginaId, mascotaId, contenido, fechaComentario) values (97, 160, 40, 'comentario 97', '2022-04-26 12:34:54');
insert into comentarioPublicacionPagina (comentarioPublicacionPaginaId, publicacionPaginaId, mascotaId, contenido, fechaComentario) values (98, 4, 63, 'comentario 98', '2022-07-14 15:46:07');
insert into comentarioPublicacionPagina (comentarioPublicacionPaginaId, publicacionPaginaId, mascotaId, contenido, fechaComentario) values (99, 169, 54, 'comentario 99', '2023-04-30 23:02:38');
insert into comentarioPublicacionPagina (comentarioPublicacionPaginaId, publicacionPaginaId, mascotaId, contenido, fechaComentario) values (100, 130, 37, 'comentario 100', '2023-07-13 13:46:45');
insert into comentarioPublicacionPagina (comentarioPublicacionPaginaId, publicacionPaginaId, mascotaId, contenido, fechaComentario) values (101, 170, 24, 'comentario 101', '2022-10-16 15:02:18');
insert into comentarioPublicacionPagina (comentarioPublicacionPaginaId, publicacionPaginaId, mascotaId, contenido, fechaComentario) values (102, 83, 25, 'comentario 102', '2023-12-16 16:57:50');
insert into comentarioPublicacionPagina (comentarioPublicacionPaginaId, publicacionPaginaId, mascotaId, contenido, fechaComentario) values (103, 142, 49, 'comentario 103', '2022-01-04 21:10:30');
insert into comentarioPublicacionPagina (comentarioPublicacionPaginaId, publicacionPaginaId, mascotaId, contenido, fechaComentario) values (104, 168, 82, 'comentario 104', '2022-10-04 23:55:14');
insert into comentarioPublicacionPagina (comentarioPublicacionPaginaId, publicacionPaginaId, mascotaId, contenido, fechaComentario) values (105, 114, 23, 'comentario 105', '2023-08-04 16:13:55');
insert into comentarioPublicacionPagina (comentarioPublicacionPaginaId, publicacionPaginaId, mascotaId, contenido, fechaComentario) values (106, 28, 39, 'comentario 106', '2022-03-31 04:23:54');
insert into comentarioPublicacionPagina (comentarioPublicacionPaginaId, publicacionPaginaId, mascotaId, contenido, fechaComentario) values (107, 65, 91, 'comentario 107', '2023-11-04 23:53:11');
insert into comentarioPublicacionPagina (comentarioPublicacionPaginaId, publicacionPaginaId, mascotaId, contenido, fechaComentario) values (108, 150, 13, 'comentario 108', '2023-03-29 22:07:33');
insert into comentarioPublicacionPagina (comentarioPublicacionPaginaId, publicacionPaginaId, mascotaId, contenido, fechaComentario) values (109, 84, 79, 'comentario 109', '2022-10-13 19:34:03');
insert into comentarioPublicacionPagina (comentarioPublicacionPaginaId, publicacionPaginaId, mascotaId, contenido, fechaComentario) values (110, 162, 29, 'comentario 110', '2023-12-03 15:14:31');
insert into comentarioPublicacionPagina (comentarioPublicacionPaginaId, publicacionPaginaId, mascotaId, contenido, fechaComentario) values (111, 13, 62, 'comentario 111', '2023-09-13 08:10:17');
insert into comentarioPublicacionPagina (comentarioPublicacionPaginaId, publicacionPaginaId, mascotaId, contenido, fechaComentario) values (112, 13, 79, 'comentario 112', '2023-05-28 16:56:25');
insert into comentarioPublicacionPagina (comentarioPublicacionPaginaId, publicacionPaginaId, mascotaId, contenido, fechaComentario) values (113, 157, 95, 'comentario 113', '2023-08-05 19:41:30');
insert into comentarioPublicacionPagina (comentarioPublicacionPaginaId, publicacionPaginaId, mascotaId, contenido, fechaComentario) values (114, 154, 92, 'comentario 114', '2022-06-08 14:09:17');
insert into comentarioPublicacionPagina (comentarioPublicacionPaginaId, publicacionPaginaId, mascotaId, contenido, fechaComentario) values (115, 142, 26, 'comentario 115', '2023-01-19 14:06:46');
insert into comentarioPublicacionPagina (comentarioPublicacionPaginaId, publicacionPaginaId, mascotaId, contenido, fechaComentario) values (116, 74, 72, 'comentario 116', '2022-07-04 14:54:17');
insert into comentarioPublicacionPagina (comentarioPublicacionPaginaId, publicacionPaginaId, mascotaId, contenido, fechaComentario) values (117, 120, 50, 'comentario 117', '2022-06-02 16:28:22');
insert into comentarioPublicacionPagina (comentarioPublicacionPaginaId, publicacionPaginaId, mascotaId, contenido, fechaComentario) values (118, 72, 59, 'comentario 118', '2023-02-25 01:13:18');
insert into comentarioPublicacionPagina (comentarioPublicacionPaginaId, publicacionPaginaId, mascotaId, contenido, fechaComentario) values (119, 43, 71, 'comentario 119', '2022-05-22 08:20:06');
insert into comentarioPublicacionPagina (comentarioPublicacionPaginaId, publicacionPaginaId, mascotaId, contenido, fechaComentario) values (120, 19, 73, 'comentario 120', '2022-12-28 22:26:19');
insert into comentarioPublicacionPagina (comentarioPublicacionPaginaId, publicacionPaginaId, mascotaId, contenido, fechaComentario) values (121, 42, 52, 'comentario 121', '2023-04-22 21:38:32');
insert into comentarioPublicacionPagina (comentarioPublicacionPaginaId, publicacionPaginaId, mascotaId, contenido, fechaComentario) values (122, 40, 95, 'comentario 122', '2023-07-08 05:48:23');
insert into comentarioPublicacionPagina (comentarioPublicacionPaginaId, publicacionPaginaId, mascotaId, contenido, fechaComentario) values (123, 44, 94, 'comentario 123', '2022-06-20 04:51:13');
insert into comentarioPublicacionPagina (comentarioPublicacionPaginaId, publicacionPaginaId, mascotaId, contenido, fechaComentario) values (124, 101, 53, 'comentario 124', '2023-01-03 08:29:28');
insert into comentarioPublicacionPagina (comentarioPublicacionPaginaId, publicacionPaginaId, mascotaId, contenido, fechaComentario) values (125, 156, 66, 'comentario 125', '2023-04-03 18:27:06');
insert into comentarioPublicacionPagina (comentarioPublicacionPaginaId, publicacionPaginaId, mascotaId, contenido, fechaComentario) values (126, 109, 43, 'comentario 126', '2023-10-21 03:05:05');
insert into comentarioPublicacionPagina (comentarioPublicacionPaginaId, publicacionPaginaId, mascotaId, contenido, fechaComentario) values (127, 177, 70, 'comentario 127', '2022-06-20 10:01:01');
insert into comentarioPublicacionPagina (comentarioPublicacionPaginaId, publicacionPaginaId, mascotaId, contenido, fechaComentario) values (128, 176, 80, 'comentario 128', '2023-12-28 10:45:32');
insert into comentarioPublicacionPagina (comentarioPublicacionPaginaId, publicacionPaginaId, mascotaId, contenido, fechaComentario) values (129, 71, 70, 'comentario 129', '2022-11-26 16:27:46');
insert into comentarioPublicacionPagina (comentarioPublicacionPaginaId, publicacionPaginaId, mascotaId, contenido, fechaComentario) values (130, 77, 72, 'comentario 130', '2023-09-29 13:21:41');
insert into comentarioPublicacionPagina (comentarioPublicacionPaginaId, publicacionPaginaId, mascotaId, contenido, fechaComentario) values (131, 109, 54, 'comentario 131', '2022-10-10 01:47:48');
insert into comentarioPublicacionPagina (comentarioPublicacionPaginaId, publicacionPaginaId, mascotaId, contenido, fechaComentario) values (132, 1, 64, 'comentario 132', '2022-03-13 07:38:46');
insert into comentarioPublicacionPagina (comentarioPublicacionPaginaId, publicacionPaginaId, mascotaId, contenido, fechaComentario) values (133, 109, 88, 'comentario 133', '2022-04-11 22:51:47');
insert into comentarioPublicacionPagina (comentarioPublicacionPaginaId, publicacionPaginaId, mascotaId, contenido, fechaComentario) values (134, 188, 50, 'comentario 134', '2022-03-29 06:50:01');
insert into comentarioPublicacionPagina (comentarioPublicacionPaginaId, publicacionPaginaId, mascotaId, contenido, fechaComentario) values (135, 108, 5, 'comentario 135', '2023-04-07 00:27:43');
insert into comentarioPublicacionPagina (comentarioPublicacionPaginaId, publicacionPaginaId, mascotaId, contenido, fechaComentario) values (136, 149, 52, 'comentario 136', '2023-06-15 08:35:29');
insert into comentarioPublicacionPagina (comentarioPublicacionPaginaId, publicacionPaginaId, mascotaId, contenido, fechaComentario) values (137, 143, 19, 'comentario 137', '2022-08-12 21:11:45');
insert into comentarioPublicacionPagina (comentarioPublicacionPaginaId, publicacionPaginaId, mascotaId, contenido, fechaComentario) values (138, 125, 28, 'comentario 138', '2022-01-18 22:06:22');
insert into comentarioPublicacionPagina (comentarioPublicacionPaginaId, publicacionPaginaId, mascotaId, contenido, fechaComentario) values (139, 192, 38, 'comentario 139', '2023-07-19 13:42:00');
insert into comentarioPublicacionPagina (comentarioPublicacionPaginaId, publicacionPaginaId, mascotaId, contenido, fechaComentario) values (140, 76, 65, 'comentario 140', '2023-03-10 10:30:12');
insert into comentarioPublicacionPagina (comentarioPublicacionPaginaId, publicacionPaginaId, mascotaId, contenido, fechaComentario) values (141, 92, 61, 'comentario 141', '2023-09-14 10:29:55');
insert into comentarioPublicacionPagina (comentarioPublicacionPaginaId, publicacionPaginaId, mascotaId, contenido, fechaComentario) values (142, 43, 56, 'comentario 142', '2022-12-09 15:05:36');
insert into comentarioPublicacionPagina (comentarioPublicacionPaginaId, publicacionPaginaId, mascotaId, contenido, fechaComentario) values (143, 11, 13, 'comentario 143', '2023-10-12 18:17:54');
insert into comentarioPublicacionPagina (comentarioPublicacionPaginaId, publicacionPaginaId, mascotaId, contenido, fechaComentario) values (144, 78, 19, 'comentario 144', '2023-02-07 20:12:40');
insert into comentarioPublicacionPagina (comentarioPublicacionPaginaId, publicacionPaginaId, mascotaId, contenido, fechaComentario) values (145, 110, 63, 'comentario 145', '2023-10-04 20:25:22');
insert into comentarioPublicacionPagina (comentarioPublicacionPaginaId, publicacionPaginaId, mascotaId, contenido, fechaComentario) values (146, 108, 3, 'comentario 146', '2023-02-09 20:40:55');
insert into comentarioPublicacionPagina (comentarioPublicacionPaginaId, publicacionPaginaId, mascotaId, contenido, fechaComentario) values (147, 130, 87, 'comentario 147', '2022-10-07 21:59:32');
insert into comentarioPublicacionPagina (comentarioPublicacionPaginaId, publicacionPaginaId, mascotaId, contenido, fechaComentario) values (148, 52, 43, 'comentario 148', '2023-06-20 07:56:39');
insert into comentarioPublicacionPagina (comentarioPublicacionPaginaId, publicacionPaginaId, mascotaId, contenido, fechaComentario) values (149, 173, 66, 'comentario 149', '2022-05-28 15:16:07');
insert into comentarioPublicacionPagina (comentarioPublicacionPaginaId, publicacionPaginaId, mascotaId, contenido, fechaComentario) values (150, 13, 41, 'comentario 150', '2023-11-01 23:12:38');
insert into comentarioPublicacionPagina (comentarioPublicacionPaginaId, publicacionPaginaId, mascotaId, contenido, fechaComentario) values (151, 56, 40, 'comentario 151', '2023-01-26 16:55:06');
insert into comentarioPublicacionPagina (comentarioPublicacionPaginaId, publicacionPaginaId, mascotaId, contenido, fechaComentario) values (152, 79, 100, 'comentario 152', '2023-11-04 23:39:18');
insert into comentarioPublicacionPagina (comentarioPublicacionPaginaId, publicacionPaginaId, mascotaId, contenido, fechaComentario) values (153, 178, 97, 'comentario 153', '2022-01-19 21:12:13');
insert into comentarioPublicacionPagina (comentarioPublicacionPaginaId, publicacionPaginaId, mascotaId, contenido, fechaComentario) values (154, 85, 63, 'comentario 154', '2023-07-18 02:15:05');
insert into comentarioPublicacionPagina (comentarioPublicacionPaginaId, publicacionPaginaId, mascotaId, contenido, fechaComentario) values (155, 170, 78, 'comentario 155', '2023-09-08 22:25:18');
insert into comentarioPublicacionPagina (comentarioPublicacionPaginaId, publicacionPaginaId, mascotaId, contenido, fechaComentario) values (156, 88, 42, 'comentario 156', '2022-10-04 14:44:55');
insert into comentarioPublicacionPagina (comentarioPublicacionPaginaId, publicacionPaginaId, mascotaId, contenido, fechaComentario) values (157, 191, 33, 'comentario 157', '2022-04-15 00:17:26');
insert into comentarioPublicacionPagina (comentarioPublicacionPaginaId, publicacionPaginaId, mascotaId, contenido, fechaComentario) values (158, 105, 45, 'comentario 158', '2022-02-03 17:37:30');
insert into comentarioPublicacionPagina (comentarioPublicacionPaginaId, publicacionPaginaId, mascotaId, contenido, fechaComentario) values (159, 96, 21, 'comentario 159', '2022-02-17 18:11:29');
insert into comentarioPublicacionPagina (comentarioPublicacionPaginaId, publicacionPaginaId, mascotaId, contenido, fechaComentario) values (160, 109, 93, 'comentario 160', '2022-02-05 04:59:53');
insert into comentarioPublicacionPagina (comentarioPublicacionPaginaId, publicacionPaginaId, mascotaId, contenido, fechaComentario) values (161, 38, 68, 'comentario 161', '2022-02-19 21:13:56');
insert into comentarioPublicacionPagina (comentarioPublicacionPaginaId, publicacionPaginaId, mascotaId, contenido, fechaComentario) values (162, 93, 55, 'comentario 162', '2023-11-11 14:05:00');
insert into comentarioPublicacionPagina (comentarioPublicacionPaginaId, publicacionPaginaId, mascotaId, contenido, fechaComentario) values (163, 131, 28, 'comentario 163', '2023-07-18 03:42:42');
insert into comentarioPublicacionPagina (comentarioPublicacionPaginaId, publicacionPaginaId, mascotaId, contenido, fechaComentario) values (164, 161, 95, 'comentario 164', '2023-12-23 07:33:28');
insert into comentarioPublicacionPagina (comentarioPublicacionPaginaId, publicacionPaginaId, mascotaId, contenido, fechaComentario) values (165, 82, 19, 'comentario 165', '2023-03-23 03:07:47');
insert into comentarioPublicacionPagina (comentarioPublicacionPaginaId, publicacionPaginaId, mascotaId, contenido, fechaComentario) values (166, 189, 3, 'comentario 166', '2023-05-24 08:41:17');
insert into comentarioPublicacionPagina (comentarioPublicacionPaginaId, publicacionPaginaId, mascotaId, contenido, fechaComentario) values (167, 140, 59, 'comentario 167', '2022-12-28 23:15:07');
insert into comentarioPublicacionPagina (comentarioPublicacionPaginaId, publicacionPaginaId, mascotaId, contenido, fechaComentario) values (168, 56, 18, 'comentario 168', '2023-01-02 17:28:37');
insert into comentarioPublicacionPagina (comentarioPublicacionPaginaId, publicacionPaginaId, mascotaId, contenido, fechaComentario) values (169, 188, 82, 'comentario 169', '2022-01-17 05:27:51');
insert into comentarioPublicacionPagina (comentarioPublicacionPaginaId, publicacionPaginaId, mascotaId, contenido, fechaComentario) values (170, 8, 20, 'comentario 170', '2023-08-29 10:09:03');
insert into comentarioPublicacionPagina (comentarioPublicacionPaginaId, publicacionPaginaId, mascotaId, contenido, fechaComentario) values (171, 35, 7, 'comentario 171', '2023-12-15 04:23:18');
insert into comentarioPublicacionPagina (comentarioPublicacionPaginaId, publicacionPaginaId, mascotaId, contenido, fechaComentario) values (172, 86, 96, 'comentario 172', '2023-08-02 10:34:21');
insert into comentarioPublicacionPagina (comentarioPublicacionPaginaId, publicacionPaginaId, mascotaId, contenido, fechaComentario) values (173, 160, 49, 'comentario 173', '2022-08-31 14:49:36');
insert into comentarioPublicacionPagina (comentarioPublicacionPaginaId, publicacionPaginaId, mascotaId, contenido, fechaComentario) values (174, 63, 53, 'comentario 174', '2023-05-01 13:44:56');
insert into comentarioPublicacionPagina (comentarioPublicacionPaginaId, publicacionPaginaId, mascotaId, contenido, fechaComentario) values (175, 148, 62, 'comentario 175', '2023-06-03 10:14:56');
insert into comentarioPublicacionPagina (comentarioPublicacionPaginaId, publicacionPaginaId, mascotaId, contenido, fechaComentario) values (176, 71, 15, 'comentario 176', '2023-06-30 00:11:05');
insert into comentarioPublicacionPagina (comentarioPublicacionPaginaId, publicacionPaginaId, mascotaId, contenido, fechaComentario) values (177, 109, 67, 'comentario 177', '2023-11-21 11:38:11');
insert into comentarioPublicacionPagina (comentarioPublicacionPaginaId, publicacionPaginaId, mascotaId, contenido, fechaComentario) values (178, 163, 89, 'comentario 178', '2022-05-01 15:51:25');
insert into comentarioPublicacionPagina (comentarioPublicacionPaginaId, publicacionPaginaId, mascotaId, contenido, fechaComentario) values (179, 168, 16, 'comentario 179', '2022-09-05 12:38:06');
insert into comentarioPublicacionPagina (comentarioPublicacionPaginaId, publicacionPaginaId, mascotaId, contenido, fechaComentario) values (180, 62, 39, 'comentario 180', '2022-03-02 10:59:34');
insert into comentarioPublicacionPagina (comentarioPublicacionPaginaId, publicacionPaginaId, mascotaId, contenido, fechaComentario) values (181, 82, 41, 'comentario 181', '2023-03-02 05:46:17');
insert into comentarioPublicacionPagina (comentarioPublicacionPaginaId, publicacionPaginaId, mascotaId, contenido, fechaComentario) values (182, 35, 77, 'comentario 182', '2023-02-19 17:10:49');
insert into comentarioPublicacionPagina (comentarioPublicacionPaginaId, publicacionPaginaId, mascotaId, contenido, fechaComentario) values (183, 55, 77, 'comentario 183', '2022-04-29 18:59:52');
insert into comentarioPublicacionPagina (comentarioPublicacionPaginaId, publicacionPaginaId, mascotaId, contenido, fechaComentario) values (184, 125, 15, 'comentario 184', '2023-06-21 15:35:08');
insert into comentarioPublicacionPagina (comentarioPublicacionPaginaId, publicacionPaginaId, mascotaId, contenido, fechaComentario) values (185, 196, 72, 'comentario 185', '2022-08-04 12:22:07');
insert into comentarioPublicacionPagina (comentarioPublicacionPaginaId, publicacionPaginaId, mascotaId, contenido, fechaComentario) values (186, 35, 52, 'comentario 186', '2023-05-13 16:38:52');
insert into comentarioPublicacionPagina (comentarioPublicacionPaginaId, publicacionPaginaId, mascotaId, contenido, fechaComentario) values (187, 142, 51, 'comentario 187', '2023-05-26 12:14:58');
insert into comentarioPublicacionPagina (comentarioPublicacionPaginaId, publicacionPaginaId, mascotaId, contenido, fechaComentario) values (188, 16, 77, 'comentario 188', '2023-02-19 04:31:32');
insert into comentarioPublicacionPagina (comentarioPublicacionPaginaId, publicacionPaginaId, mascotaId, contenido, fechaComentario) values (189, 28, 25, 'comentario 189', '2022-11-14 03:29:21');
insert into comentarioPublicacionPagina (comentarioPublicacionPaginaId, publicacionPaginaId, mascotaId, contenido, fechaComentario) values (190, 163, 41, 'comentario 190', '2022-05-25 01:03:28');
insert into comentarioPublicacionPagina (comentarioPublicacionPaginaId, publicacionPaginaId, mascotaId, contenido, fechaComentario) values (191, 38, 26, 'comentario 191', '2022-09-10 22:26:39');
insert into comentarioPublicacionPagina (comentarioPublicacionPaginaId, publicacionPaginaId, mascotaId, contenido, fechaComentario) values (192, 40, 95, 'comentario 192', '2023-05-24 19:19:02');
insert into comentarioPublicacionPagina (comentarioPublicacionPaginaId, publicacionPaginaId, mascotaId, contenido, fechaComentario) values (193, 106, 64, 'comentario 193', '2023-03-25 23:14:48');
insert into comentarioPublicacionPagina (comentarioPublicacionPaginaId, publicacionPaginaId, mascotaId, contenido, fechaComentario) values (194, 91, 57, 'comentario 194', '2022-02-27 15:21:24');
insert into comentarioPublicacionPagina (comentarioPublicacionPaginaId, publicacionPaginaId, mascotaId, contenido, fechaComentario) values (195, 176, 76, 'comentario 195', '2022-02-22 14:51:58');
insert into comentarioPublicacionPagina (comentarioPublicacionPaginaId, publicacionPaginaId, mascotaId, contenido, fechaComentario) values (196, 45, 86, 'comentario 196', '2022-10-08 05:24:39');
insert into comentarioPublicacionPagina (comentarioPublicacionPaginaId, publicacionPaginaId, mascotaId, contenido, fechaComentario) values (197, 186, 2, 'comentario 197', '2022-01-30 23:32:08');
insert into comentarioPublicacionPagina (comentarioPublicacionPaginaId, publicacionPaginaId, mascotaId, contenido, fechaComentario) values (198, 37, 68, 'comentario 198', '2023-08-28 05:16:18');
insert into comentarioPublicacionPagina (comentarioPublicacionPaginaId, publicacionPaginaId, mascotaId, contenido, fechaComentario) values (199, 135, 22, 'comentario 199', '2023-03-15 15:30:56');
insert into comentarioPublicacionPagina (comentarioPublicacionPaginaId, publicacionPaginaId, mascotaId, contenido, fechaComentario) values (200, 4, 90, 'comentario 200', '2023-03-13 01:31:53');
insert into comentarioPublicacionPagina (comentarioPublicacionPaginaId, publicacionPaginaId, mascotaId, contenido, fechaComentario) values (201, 45, 85, 'comentario 201', '2023-04-23 08:15:42');
insert into comentarioPublicacionPagina (comentarioPublicacionPaginaId, publicacionPaginaId, mascotaId, contenido, fechaComentario) values (202, 7, 78, 'comentario 202', '2022-07-16 02:20:21');
insert into comentarioPublicacionPagina (comentarioPublicacionPaginaId, publicacionPaginaId, mascotaId, contenido, fechaComentario) values (203, 153, 35, 'comentario 203', '2023-04-09 04:50:38');
insert into comentarioPublicacionPagina (comentarioPublicacionPaginaId, publicacionPaginaId, mascotaId, contenido, fechaComentario) values (204, 8, 60, 'comentario 204', '2023-02-25 01:24:05');
insert into comentarioPublicacionPagina (comentarioPublicacionPaginaId, publicacionPaginaId, mascotaId, contenido, fechaComentario) values (205, 184, 60, 'comentario 205', '2022-02-14 00:10:07');
insert into comentarioPublicacionPagina (comentarioPublicacionPaginaId, publicacionPaginaId, mascotaId, contenido, fechaComentario) values (206, 13, 23, 'comentario 206', '2023-02-12 15:48:58');
insert into comentarioPublicacionPagina (comentarioPublicacionPaginaId, publicacionPaginaId, mascotaId, contenido, fechaComentario) values (207, 15, 66, 'comentario 207', '2022-07-16 08:26:21');
insert into comentarioPublicacionPagina (comentarioPublicacionPaginaId, publicacionPaginaId, mascotaId, contenido, fechaComentario) values (208, 11, 51, 'comentario 208', '2022-07-16 20:04:11');
insert into comentarioPublicacionPagina (comentarioPublicacionPaginaId, publicacionPaginaId, mascotaId, contenido, fechaComentario) values (209, 94, 75, 'comentario 209', '2022-02-06 19:41:15');
insert into comentarioPublicacionPagina (comentarioPublicacionPaginaId, publicacionPaginaId, mascotaId, contenido, fechaComentario) values (210, 22, 25, 'comentario 210', '2023-12-05 07:15:16');
insert into comentarioPublicacionPagina (comentarioPublicacionPaginaId, publicacionPaginaId, mascotaId, contenido, fechaComentario) values (211, 75, 62, 'comentario 211', '2023-04-13 19:51:45');
insert into comentarioPublicacionPagina (comentarioPublicacionPaginaId, publicacionPaginaId, mascotaId, contenido, fechaComentario) values (212, 196, 76, 'comentario 212', '2022-03-09 06:24:49');
insert into comentarioPublicacionPagina (comentarioPublicacionPaginaId, publicacionPaginaId, mascotaId, contenido, fechaComentario) values (213, 93, 15, 'comentario 213', '2023-02-27 21:33:53');
insert into comentarioPublicacionPagina (comentarioPublicacionPaginaId, publicacionPaginaId, mascotaId, contenido, fechaComentario) values (214, 121, 64, 'comentario 214', '2023-05-06 03:20:29');
insert into comentarioPublicacionPagina (comentarioPublicacionPaginaId, publicacionPaginaId, mascotaId, contenido, fechaComentario) values (215, 155, 53, 'comentario 215', '2022-12-27 15:40:10');
insert into comentarioPublicacionPagina (comentarioPublicacionPaginaId, publicacionPaginaId, mascotaId, contenido, fechaComentario) values (216, 190, 87, 'comentario 216', '2023-05-02 01:39:29');
insert into comentarioPublicacionPagina (comentarioPublicacionPaginaId, publicacionPaginaId, mascotaId, contenido, fechaComentario) values (217, 116, 98, 'comentario 217', '2023-08-29 12:11:05');
insert into comentarioPublicacionPagina (comentarioPublicacionPaginaId, publicacionPaginaId, mascotaId, contenido, fechaComentario) values (218, 52, 97, 'comentario 218', '2022-12-31 20:32:06');
insert into comentarioPublicacionPagina (comentarioPublicacionPaginaId, publicacionPaginaId, mascotaId, contenido, fechaComentario) values (219, 103, 91, 'comentario 219', '2022-11-02 18:39:09');
insert into comentarioPublicacionPagina (comentarioPublicacionPaginaId, publicacionPaginaId, mascotaId, contenido, fechaComentario) values (220, 118, 33, 'comentario 220', '2022-08-01 17:47:02');
insert into comentarioPublicacionPagina (comentarioPublicacionPaginaId, publicacionPaginaId, mascotaId, contenido, fechaComentario) values (221, 27, 84, 'comentario 221', '2023-10-14 04:56:16');
insert into comentarioPublicacionPagina (comentarioPublicacionPaginaId, publicacionPaginaId, mascotaId, contenido, fechaComentario) values (222, 172, 21, 'comentario 222', '2023-10-25 17:16:45');
insert into comentarioPublicacionPagina (comentarioPublicacionPaginaId, publicacionPaginaId, mascotaId, contenido, fechaComentario) values (223, 200, 62, 'comentario 223', '2023-06-01 08:01:04');
insert into comentarioPublicacionPagina (comentarioPublicacionPaginaId, publicacionPaginaId, mascotaId, contenido, fechaComentario) values (224, 80, 78, 'comentario 224', '2023-10-31 21:40:07');
insert into comentarioPublicacionPagina (comentarioPublicacionPaginaId, publicacionPaginaId, mascotaId, contenido, fechaComentario) values (225, 187, 11, 'comentario 225', '2022-09-18 14:33:15');
insert into comentarioPublicacionPagina (comentarioPublicacionPaginaId, publicacionPaginaId, mascotaId, contenido, fechaComentario) values (226, 157, 24, 'comentario 226', '2022-02-13 01:06:26');
insert into comentarioPublicacionPagina (comentarioPublicacionPaginaId, publicacionPaginaId, mascotaId, contenido, fechaComentario) values (227, 164, 26, 'comentario 227', '2022-03-02 17:32:13');
insert into comentarioPublicacionPagina (comentarioPublicacionPaginaId, publicacionPaginaId, mascotaId, contenido, fechaComentario) values (228, 178, 6, 'comentario 228', '2022-03-14 16:44:36');
insert into comentarioPublicacionPagina (comentarioPublicacionPaginaId, publicacionPaginaId, mascotaId, contenido, fechaComentario) values (229, 114, 91, 'comentario 229', '2022-07-24 08:08:13');
insert into comentarioPublicacionPagina (comentarioPublicacionPaginaId, publicacionPaginaId, mascotaId, contenido, fechaComentario) values (230, 154, 73, 'comentario 230', '2022-02-06 11:45:31');
insert into comentarioPublicacionPagina (comentarioPublicacionPaginaId, publicacionPaginaId, mascotaId, contenido, fechaComentario) values (231, 44, 17, 'comentario 231', '2023-09-29 22:37:58');
insert into comentarioPublicacionPagina (comentarioPublicacionPaginaId, publicacionPaginaId, mascotaId, contenido, fechaComentario) values (232, 7, 55, 'comentario 232', '2022-09-14 03:26:57');
insert into comentarioPublicacionPagina (comentarioPublicacionPaginaId, publicacionPaginaId, mascotaId, contenido, fechaComentario) values (233, 194, 90, 'comentario 233', '2023-05-29 22:13:07');
insert into comentarioPublicacionPagina (comentarioPublicacionPaginaId, publicacionPaginaId, mascotaId, contenido, fechaComentario) values (234, 58, 69, 'comentario 234', '2022-05-06 05:45:54');
insert into comentarioPublicacionPagina (comentarioPublicacionPaginaId, publicacionPaginaId, mascotaId, contenido, fechaComentario) values (235, 127, 62, 'comentario 235', '2023-01-19 04:01:49');
insert into comentarioPublicacionPagina (comentarioPublicacionPaginaId, publicacionPaginaId, mascotaId, contenido, fechaComentario) values (236, 66, 83, 'comentario 236', '2023-04-13 01:40:55');
insert into comentarioPublicacionPagina (comentarioPublicacionPaginaId, publicacionPaginaId, mascotaId, contenido, fechaComentario) values (237, 91, 77, 'comentario 237', '2022-05-27 11:35:45');
insert into comentarioPublicacionPagina (comentarioPublicacionPaginaId, publicacionPaginaId, mascotaId, contenido, fechaComentario) values (238, 24, 32, 'comentario 238', '2023-06-03 14:10:55');
insert into comentarioPublicacionPagina (comentarioPublicacionPaginaId, publicacionPaginaId, mascotaId, contenido, fechaComentario) values (239, 107, 75, 'comentario 239', '2023-04-27 09:24:38');
insert into comentarioPublicacionPagina (comentarioPublicacionPaginaId, publicacionPaginaId, mascotaId, contenido, fechaComentario) values (240, 195, 63, 'comentario 240', '2022-11-15 06:28:44');
insert into comentarioPublicacionPagina (comentarioPublicacionPaginaId, publicacionPaginaId, mascotaId, contenido, fechaComentario) values (241, 132, 24, 'comentario 241', '2023-05-25 00:59:42');
insert into comentarioPublicacionPagina (comentarioPublicacionPaginaId, publicacionPaginaId, mascotaId, contenido, fechaComentario) values (242, 115, 16, 'comentario 242', '2022-10-06 10:40:50');
insert into comentarioPublicacionPagina (comentarioPublicacionPaginaId, publicacionPaginaId, mascotaId, contenido, fechaComentario) values (243, 115, 29, 'comentario 243', '2023-06-25 15:56:16');
insert into comentarioPublicacionPagina (comentarioPublicacionPaginaId, publicacionPaginaId, mascotaId, contenido, fechaComentario) values (244, 28, 89, 'comentario 244', '2022-06-23 09:14:25');
insert into comentarioPublicacionPagina (comentarioPublicacionPaginaId, publicacionPaginaId, mascotaId, contenido, fechaComentario) values (245, 116, 31, 'comentario 245', '2023-06-09 10:05:38');
insert into comentarioPublicacionPagina (comentarioPublicacionPaginaId, publicacionPaginaId, mascotaId, contenido, fechaComentario) values (246, 35, 42, 'comentario 246', '2022-03-26 01:38:45');
insert into comentarioPublicacionPagina (comentarioPublicacionPaginaId, publicacionPaginaId, mascotaId, contenido, fechaComentario) values (247, 21, 22, 'comentario 247', '2023-04-10 12:00:42');
insert into comentarioPublicacionPagina (comentarioPublicacionPaginaId, publicacionPaginaId, mascotaId, contenido, fechaComentario) values (248, 82, 49, 'comentario 248', '2022-11-22 03:03:48');
insert into comentarioPublicacionPagina (comentarioPublicacionPaginaId, publicacionPaginaId, mascotaId, contenido, fechaComentario) values (249, 196, 24, 'comentario 249', '2023-09-30 12:03:30');
insert into comentarioPublicacionPagina (comentarioPublicacionPaginaId, publicacionPaginaId, mascotaId, contenido, fechaComentario) values (250, 45, 4, 'comentario 250', '2023-08-27 02:38:51');
insert into comentarioPublicacionPagina (comentarioPublicacionPaginaId, publicacionPaginaId, mascotaId, contenido, fechaComentario) values (251, 197, 94, 'comentario 251', '2023-02-09 18:23:03');
insert into comentarioPublicacionPagina (comentarioPublicacionPaginaId, publicacionPaginaId, mascotaId, contenido, fechaComentario) values (252, 145, 93, 'comentario 252', '2023-11-11 04:49:09');
insert into comentarioPublicacionPagina (comentarioPublicacionPaginaId, publicacionPaginaId, mascotaId, contenido, fechaComentario) values (253, 153, 14, 'comentario 253', '2023-04-20 07:06:11');
insert into comentarioPublicacionPagina (comentarioPublicacionPaginaId, publicacionPaginaId, mascotaId, contenido, fechaComentario) values (254, 136, 67, 'comentario 254', '2022-05-12 23:40:21');
insert into comentarioPublicacionPagina (comentarioPublicacionPaginaId, publicacionPaginaId, mascotaId, contenido, fechaComentario) values (255, 82, 16, 'comentario 255', '2022-11-14 16:57:23');
insert into comentarioPublicacionPagina (comentarioPublicacionPaginaId, publicacionPaginaId, mascotaId, contenido, fechaComentario) values (256, 163, 58, 'comentario 256', '2022-09-18 17:01:02');
insert into comentarioPublicacionPagina (comentarioPublicacionPaginaId, publicacionPaginaId, mascotaId, contenido, fechaComentario) values (257, 160, 42, 'comentario 257', '2022-06-01 14:46:32');
insert into comentarioPublicacionPagina (comentarioPublicacionPaginaId, publicacionPaginaId, mascotaId, contenido, fechaComentario) values (258, 178, 67, 'comentario 258', '2023-08-21 11:53:03');
insert into comentarioPublicacionPagina (comentarioPublicacionPaginaId, publicacionPaginaId, mascotaId, contenido, fechaComentario) values (259, 10, 56, 'comentario 259', '2023-08-28 21:50:11');
insert into comentarioPublicacionPagina (comentarioPublicacionPaginaId, publicacionPaginaId, mascotaId, contenido, fechaComentario) values (260, 43, 96, 'comentario 260', '2023-02-23 00:19:28');
insert into comentarioPublicacionPagina (comentarioPublicacionPaginaId, publicacionPaginaId, mascotaId, contenido, fechaComentario) values (261, 182, 89, 'comentario 261', '2022-05-11 10:22:41');
insert into comentarioPublicacionPagina (comentarioPublicacionPaginaId, publicacionPaginaId, mascotaId, contenido, fechaComentario) values (262, 52, 76, 'comentario 262', '2022-05-11 00:15:09');
insert into comentarioPublicacionPagina (comentarioPublicacionPaginaId, publicacionPaginaId, mascotaId, contenido, fechaComentario) values (263, 38, 54, 'comentario 263', '2023-05-19 02:05:02');
insert into comentarioPublicacionPagina (comentarioPublicacionPaginaId, publicacionPaginaId, mascotaId, contenido, fechaComentario) values (264, 165, 79, 'comentario 264', '2023-08-15 01:47:02');
insert into comentarioPublicacionPagina (comentarioPublicacionPaginaId, publicacionPaginaId, mascotaId, contenido, fechaComentario) values (265, 32, 32, 'comentario 265', '2023-05-13 14:28:03');
insert into comentarioPublicacionPagina (comentarioPublicacionPaginaId, publicacionPaginaId, mascotaId, contenido, fechaComentario) values (266, 192, 22, 'comentario 266', '2022-04-15 17:18:36');
insert into comentarioPublicacionPagina (comentarioPublicacionPaginaId, publicacionPaginaId, mascotaId, contenido, fechaComentario) values (267, 91, 51, 'comentario 267', '2023-10-21 07:48:06');
insert into comentarioPublicacionPagina (comentarioPublicacionPaginaId, publicacionPaginaId, mascotaId, contenido, fechaComentario) values (268, 90, 85, 'comentario 268', '2022-11-14 23:21:01');
insert into comentarioPublicacionPagina (comentarioPublicacionPaginaId, publicacionPaginaId, mascotaId, contenido, fechaComentario) values (269, 157, 63, 'comentario 269', '2023-01-23 18:58:38');
insert into comentarioPublicacionPagina (comentarioPublicacionPaginaId, publicacionPaginaId, mascotaId, contenido, fechaComentario) values (270, 168, 1, 'comentario 270', '2023-01-19 12:23:59');
insert into comentarioPublicacionPagina (comentarioPublicacionPaginaId, publicacionPaginaId, mascotaId, contenido, fechaComentario) values (271, 176, 84, 'comentario 271', '2022-12-20 17:33:08');
insert into comentarioPublicacionPagina (comentarioPublicacionPaginaId, publicacionPaginaId, mascotaId, contenido, fechaComentario) values (272, 196, 85, 'comentario 272', '2023-01-20 00:44:54');
insert into comentarioPublicacionPagina (comentarioPublicacionPaginaId, publicacionPaginaId, mascotaId, contenido, fechaComentario) values (273, 189, 41, 'comentario 273', '2023-02-10 22:07:33');
insert into comentarioPublicacionPagina (comentarioPublicacionPaginaId, publicacionPaginaId, mascotaId, contenido, fechaComentario) values (274, 154, 19, 'comentario 274', '2022-05-19 21:03:53');
insert into comentarioPublicacionPagina (comentarioPublicacionPaginaId, publicacionPaginaId, mascotaId, contenido, fechaComentario) values (275, 129, 38, 'comentario 275', '2023-10-04 06:16:24');
insert into comentarioPublicacionPagina (comentarioPublicacionPaginaId, publicacionPaginaId, mascotaId, contenido, fechaComentario) values (276, 175, 42, 'comentario 276', '2022-02-19 15:07:51');
insert into comentarioPublicacionPagina (comentarioPublicacionPaginaId, publicacionPaginaId, mascotaId, contenido, fechaComentario) values (277, 122, 62, 'comentario 277', '2023-02-19 09:19:40');
insert into comentarioPublicacionPagina (comentarioPublicacionPaginaId, publicacionPaginaId, mascotaId, contenido, fechaComentario) values (278, 193, 22, 'comentario 278', '2022-08-05 18:23:07');
insert into comentarioPublicacionPagina (comentarioPublicacionPaginaId, publicacionPaginaId, mascotaId, contenido, fechaComentario) values (279, 45, 11, 'comentario 279', '2022-07-19 04:07:08');
insert into comentarioPublicacionPagina (comentarioPublicacionPaginaId, publicacionPaginaId, mascotaId, contenido, fechaComentario) values (280, 200, 43, 'comentario 280', '2022-03-18 13:58:30');
insert into comentarioPublicacionPagina (comentarioPublicacionPaginaId, publicacionPaginaId, mascotaId, contenido, fechaComentario) values (281, 84, 66, 'comentario 281', '2023-01-09 22:12:46');
insert into comentarioPublicacionPagina (comentarioPublicacionPaginaId, publicacionPaginaId, mascotaId, contenido, fechaComentario) values (282, 177, 42, 'comentario 282', '2022-02-08 13:17:40');
insert into comentarioPublicacionPagina (comentarioPublicacionPaginaId, publicacionPaginaId, mascotaId, contenido, fechaComentario) values (283, 158, 12, 'comentario 283', '2022-05-14 12:51:15');
insert into comentarioPublicacionPagina (comentarioPublicacionPaginaId, publicacionPaginaId, mascotaId, contenido, fechaComentario) values (284, 11, 73, 'comentario 284', '2022-09-21 11:46:31');
insert into comentarioPublicacionPagina (comentarioPublicacionPaginaId, publicacionPaginaId, mascotaId, contenido, fechaComentario) values (285, 103, 16, 'comentario 285', '2023-06-17 09:26:40');
insert into comentarioPublicacionPagina (comentarioPublicacionPaginaId, publicacionPaginaId, mascotaId, contenido, fechaComentario) values (286, 4, 83, 'comentario 286', '2023-08-09 02:54:53');
insert into comentarioPublicacionPagina (comentarioPublicacionPaginaId, publicacionPaginaId, mascotaId, contenido, fechaComentario) values (287, 130, 65, 'comentario 287', '2022-08-12 13:05:31');
insert into comentarioPublicacionPagina (comentarioPublicacionPaginaId, publicacionPaginaId, mascotaId, contenido, fechaComentario) values (288, 166, 28, 'comentario 288', '2022-04-24 05:04:06');
insert into comentarioPublicacionPagina (comentarioPublicacionPaginaId, publicacionPaginaId, mascotaId, contenido, fechaComentario) values (289, 87, 48, 'comentario 289', '2022-06-23 03:03:27');
insert into comentarioPublicacionPagina (comentarioPublicacionPaginaId, publicacionPaginaId, mascotaId, contenido, fechaComentario) values (290, 43, 2, 'comentario 290', '2022-01-20 22:21:32');
insert into comentarioPublicacionPagina (comentarioPublicacionPaginaId, publicacionPaginaId, mascotaId, contenido, fechaComentario) values (291, 96, 30, 'comentario 291', '2022-03-24 01:56:45');
insert into comentarioPublicacionPagina (comentarioPublicacionPaginaId, publicacionPaginaId, mascotaId, contenido, fechaComentario) values (292, 151, 23, 'comentario 292', '2022-03-29 22:56:04');
insert into comentarioPublicacionPagina (comentarioPublicacionPaginaId, publicacionPaginaId, mascotaId, contenido, fechaComentario) values (293, 36, 80, 'comentario 293', '2022-05-23 08:24:39');
insert into comentarioPublicacionPagina (comentarioPublicacionPaginaId, publicacionPaginaId, mascotaId, contenido, fechaComentario) values (294, 190, 37, 'comentario 294', '2023-09-04 01:58:11');
insert into comentarioPublicacionPagina (comentarioPublicacionPaginaId, publicacionPaginaId, mascotaId, contenido, fechaComentario) values (295, 66, 68, 'comentario 295', '2022-06-15 20:21:22');
insert into comentarioPublicacionPagina (comentarioPublicacionPaginaId, publicacionPaginaId, mascotaId, contenido, fechaComentario) values (296, 133, 81, 'comentario 296', '2022-11-13 16:37:54');
insert into comentarioPublicacionPagina (comentarioPublicacionPaginaId, publicacionPaginaId, mascotaId, contenido, fechaComentario) values (297, 50, 54, 'comentario 297', '2022-11-07 15:35:38');
insert into comentarioPublicacionPagina (comentarioPublicacionPaginaId, publicacionPaginaId, mascotaId, contenido, fechaComentario) values (298, 10, 86, 'comentario 298', '2022-10-07 03:47:01');
insert into comentarioPublicacionPagina (comentarioPublicacionPaginaId, publicacionPaginaId, mascotaId, contenido, fechaComentario) values (299, 192, 42, 'comentario 299', '2022-07-02 16:44:29');
insert into comentarioPublicacionPagina (comentarioPublicacionPaginaId, publicacionPaginaId, mascotaId, contenido, fechaComentario) values (300, 104, 91, 'comentario 300', '2022-08-14 10:43:39');
insert into comentarioPublicacionPagina (comentarioPublicacionPaginaId, publicacionPaginaId, mascotaId, contenido, fechaComentario) values (301, 182, 71, 'comentario 301', '2022-07-10 15:27:39');
insert into comentarioPublicacionPagina (comentarioPublicacionPaginaId, publicacionPaginaId, mascotaId, contenido, fechaComentario) values (302, 120, 18, 'comentario 302', '2022-10-18 23:13:36');
insert into comentarioPublicacionPagina (comentarioPublicacionPaginaId, publicacionPaginaId, mascotaId, contenido, fechaComentario) values (303, 67, 43, 'comentario 303', '2023-03-31 08:29:03');
insert into comentarioPublicacionPagina (comentarioPublicacionPaginaId, publicacionPaginaId, mascotaId, contenido, fechaComentario) values (304, 33, 70, 'comentario 304', '2023-11-30 19:36:41');
insert into comentarioPublicacionPagina (comentarioPublicacionPaginaId, publicacionPaginaId, mascotaId, contenido, fechaComentario) values (305, 194, 17, 'comentario 305', '2023-01-25 22:45:00');
insert into comentarioPublicacionPagina (comentarioPublicacionPaginaId, publicacionPaginaId, mascotaId, contenido, fechaComentario) values (306, 76, 97, 'comentario 306', '2022-08-28 09:13:33');
insert into comentarioPublicacionPagina (comentarioPublicacionPaginaId, publicacionPaginaId, mascotaId, contenido, fechaComentario) values (307, 69, 74, 'comentario 307', '2022-12-19 12:46:24');
insert into comentarioPublicacionPagina (comentarioPublicacionPaginaId, publicacionPaginaId, mascotaId, contenido, fechaComentario) values (308, 20, 99, 'comentario 308', '2022-06-23 19:22:06');
insert into comentarioPublicacionPagina (comentarioPublicacionPaginaId, publicacionPaginaId, mascotaId, contenido, fechaComentario) values (309, 12, 91, 'comentario 309', '2022-04-07 23:02:29');
insert into comentarioPublicacionPagina (comentarioPublicacionPaginaId, publicacionPaginaId, mascotaId, contenido, fechaComentario) values (310, 91, 49, 'comentario 310', '2022-12-24 07:44:55');
insert into comentarioPublicacionPagina (comentarioPublicacionPaginaId, publicacionPaginaId, mascotaId, contenido, fechaComentario) values (311, 19, 47, 'comentario 311', '2022-07-28 07:39:32');
insert into comentarioPublicacionPagina (comentarioPublicacionPaginaId, publicacionPaginaId, mascotaId, contenido, fechaComentario) values (312, 181, 33, 'comentario 312', '2023-05-17 11:14:47');
insert into comentarioPublicacionPagina (comentarioPublicacionPaginaId, publicacionPaginaId, mascotaId, contenido, fechaComentario) values (313, 165, 19, 'comentario 313', '2023-06-25 08:01:03');
insert into comentarioPublicacionPagina (comentarioPublicacionPaginaId, publicacionPaginaId, mascotaId, contenido, fechaComentario) values (314, 124, 95, 'comentario 314', '2023-08-19 19:50:47');
insert into comentarioPublicacionPagina (comentarioPublicacionPaginaId, publicacionPaginaId, mascotaId, contenido, fechaComentario) values (315, 1, 33, 'comentario 315', '2023-08-16 13:57:17');
insert into comentarioPublicacionPagina (comentarioPublicacionPaginaId, publicacionPaginaId, mascotaId, contenido, fechaComentario) values (316, 94, 95, 'comentario 316', '2023-06-25 21:00:16');
insert into comentarioPublicacionPagina (comentarioPublicacionPaginaId, publicacionPaginaId, mascotaId, contenido, fechaComentario) values (317, 73, 51, 'comentario 317', '2023-03-17 21:03:33');
insert into comentarioPublicacionPagina (comentarioPublicacionPaginaId, publicacionPaginaId, mascotaId, contenido, fechaComentario) values (318, 63, 32, 'comentario 318', '2023-10-02 21:41:31');
insert into comentarioPublicacionPagina (comentarioPublicacionPaginaId, publicacionPaginaId, mascotaId, contenido, fechaComentario) values (319, 124, 94, 'comentario 319', '2023-01-13 13:10:51');
insert into comentarioPublicacionPagina (comentarioPublicacionPaginaId, publicacionPaginaId, mascotaId, contenido, fechaComentario) values (320, 107, 15, 'comentario 320', '2022-11-10 04:19:44');
insert into comentarioPublicacionPagina (comentarioPublicacionPaginaId, publicacionPaginaId, mascotaId, contenido, fechaComentario) values (321, 196, 29, 'comentario 321', '2022-04-15 15:37:34');
insert into comentarioPublicacionPagina (comentarioPublicacionPaginaId, publicacionPaginaId, mascotaId, contenido, fechaComentario) values (322, 93, 78, 'comentario 322', '2023-12-12 13:25:42');
insert into comentarioPublicacionPagina (comentarioPublicacionPaginaId, publicacionPaginaId, mascotaId, contenido, fechaComentario) values (323, 30, 81, 'comentario 323', '2022-11-15 14:28:30');
insert into comentarioPublicacionPagina (comentarioPublicacionPaginaId, publicacionPaginaId, mascotaId, contenido, fechaComentario) values (324, 52, 90, 'comentario 324', '2022-09-03 23:22:17');
insert into comentarioPublicacionPagina (comentarioPublicacionPaginaId, publicacionPaginaId, mascotaId, contenido, fechaComentario) values (325, 136, 18, 'comentario 325', '2022-01-18 01:19:21');
insert into comentarioPublicacionPagina (comentarioPublicacionPaginaId, publicacionPaginaId, mascotaId, contenido, fechaComentario) values (326, 146, 97, 'comentario 326', '2023-05-06 21:43:55');
insert into comentarioPublicacionPagina (comentarioPublicacionPaginaId, publicacionPaginaId, mascotaId, contenido, fechaComentario) values (327, 190, 27, 'comentario 327', '2022-10-14 05:07:40');
insert into comentarioPublicacionPagina (comentarioPublicacionPaginaId, publicacionPaginaId, mascotaId, contenido, fechaComentario) values (328, 27, 24, 'comentario 328', '2022-02-28 13:17:38');
insert into comentarioPublicacionPagina (comentarioPublicacionPaginaId, publicacionPaginaId, mascotaId, contenido, fechaComentario) values (329, 194, 49, 'comentario 329', '2022-01-09 21:11:07');
insert into comentarioPublicacionPagina (comentarioPublicacionPaginaId, publicacionPaginaId, mascotaId, contenido, fechaComentario) values (330, 194, 88, 'comentario 330', '2022-09-03 19:25:15');
insert into comentarioPublicacionPagina (comentarioPublicacionPaginaId, publicacionPaginaId, mascotaId, contenido, fechaComentario) values (331, 158, 38, 'comentario 331', '2022-06-14 11:20:39');
insert into comentarioPublicacionPagina (comentarioPublicacionPaginaId, publicacionPaginaId, mascotaId, contenido, fechaComentario) values (332, 58, 56, 'comentario 332', '2023-04-20 19:01:56');
insert into comentarioPublicacionPagina (comentarioPublicacionPaginaId, publicacionPaginaId, mascotaId, contenido, fechaComentario) values (333, 126, 19, 'comentario 333', '2022-04-11 02:17:10');
insert into comentarioPublicacionPagina (comentarioPublicacionPaginaId, publicacionPaginaId, mascotaId, contenido, fechaComentario) values (334, 132, 10, 'comentario 334', '2023-03-31 15:13:26');
insert into comentarioPublicacionPagina (comentarioPublicacionPaginaId, publicacionPaginaId, mascotaId, contenido, fechaComentario) values (335, 80, 93, 'comentario 335', '2023-04-01 21:47:20');
insert into comentarioPublicacionPagina (comentarioPublicacionPaginaId, publicacionPaginaId, mascotaId, contenido, fechaComentario) values (336, 96, 30, 'comentario 336', '2022-10-17 02:01:13');
insert into comentarioPublicacionPagina (comentarioPublicacionPaginaId, publicacionPaginaId, mascotaId, contenido, fechaComentario) values (337, 91, 15, 'comentario 337', '2022-02-26 03:39:09');
insert into comentarioPublicacionPagina (comentarioPublicacionPaginaId, publicacionPaginaId, mascotaId, contenido, fechaComentario) values (338, 92, 100, 'comentario 338', '2022-10-14 08:07:01');
insert into comentarioPublicacionPagina (comentarioPublicacionPaginaId, publicacionPaginaId, mascotaId, contenido, fechaComentario) values (339, 154, 27, 'comentario 339', '2023-10-31 03:10:13');
insert into comentarioPublicacionPagina (comentarioPublicacionPaginaId, publicacionPaginaId, mascotaId, contenido, fechaComentario) values (340, 132, 19, 'comentario 340', '2023-08-18 08:18:39');
insert into comentarioPublicacionPagina (comentarioPublicacionPaginaId, publicacionPaginaId, mascotaId, contenido, fechaComentario) values (341, 101, 23, 'comentario 341', '2023-07-09 20:55:26');
insert into comentarioPublicacionPagina (comentarioPublicacionPaginaId, publicacionPaginaId, mascotaId, contenido, fechaComentario) values (342, 160, 71, 'comentario 342', '2023-05-20 11:56:51');
insert into comentarioPublicacionPagina (comentarioPublicacionPaginaId, publicacionPaginaId, mascotaId, contenido, fechaComentario) values (343, 113, 34, 'comentario 343', '2022-12-26 12:54:32');
insert into comentarioPublicacionPagina (comentarioPublicacionPaginaId, publicacionPaginaId, mascotaId, contenido, fechaComentario) values (344, 115, 7, 'comentario 344', '2022-09-04 00:14:50');
insert into comentarioPublicacionPagina (comentarioPublicacionPaginaId, publicacionPaginaId, mascotaId, contenido, fechaComentario) values (345, 125, 41, 'comentario 345', '2022-09-06 01:16:32');
insert into comentarioPublicacionPagina (comentarioPublicacionPaginaId, publicacionPaginaId, mascotaId, contenido, fechaComentario) values (346, 124, 65, 'comentario 346', '2022-03-23 06:46:23');
insert into comentarioPublicacionPagina (comentarioPublicacionPaginaId, publicacionPaginaId, mascotaId, contenido, fechaComentario) values (347, 129, 51, 'comentario 347', '2022-06-16 05:29:17');
insert into comentarioPublicacionPagina (comentarioPublicacionPaginaId, publicacionPaginaId, mascotaId, contenido, fechaComentario) values (348, 153, 40, 'comentario 348', '2023-02-28 12:27:52');
insert into comentarioPublicacionPagina (comentarioPublicacionPaginaId, publicacionPaginaId, mascotaId, contenido, fechaComentario) values (349, 130, 4, 'comentario 349', '2022-07-13 10:02:13');
insert into comentarioPublicacionPagina (comentarioPublicacionPaginaId, publicacionPaginaId, mascotaId, contenido, fechaComentario) values (350, 20, 73, 'comentario 350', '2023-09-17 19:53:08');
insert into comentarioPublicacionPagina (comentarioPublicacionPaginaId, publicacionPaginaId, mascotaId, contenido, fechaComentario) values (351, 27, 5, 'comentario 351', '2023-03-25 02:19:54');
insert into comentarioPublicacionPagina (comentarioPublicacionPaginaId, publicacionPaginaId, mascotaId, contenido, fechaComentario) values (352, 16, 39, 'comentario 352', '2022-12-16 17:26:58');
insert into comentarioPublicacionPagina (comentarioPublicacionPaginaId, publicacionPaginaId, mascotaId, contenido, fechaComentario) values (353, 68, 20, 'comentario 353', '2023-07-25 22:23:12');
insert into comentarioPublicacionPagina (comentarioPublicacionPaginaId, publicacionPaginaId, mascotaId, contenido, fechaComentario) values (354, 135, 21, 'comentario 354', '2022-08-20 13:13:30');
insert into comentarioPublicacionPagina (comentarioPublicacionPaginaId, publicacionPaginaId, mascotaId, contenido, fechaComentario) values (355, 115, 32, 'comentario 355', '2022-07-03 10:56:09');
insert into comentarioPublicacionPagina (comentarioPublicacionPaginaId, publicacionPaginaId, mascotaId, contenido, fechaComentario) values (356, 174, 60, 'comentario 356', '2023-04-29 10:20:38');
insert into comentarioPublicacionPagina (comentarioPublicacionPaginaId, publicacionPaginaId, mascotaId, contenido, fechaComentario) values (357, 43, 95, 'comentario 357', '2022-03-23 06:38:47');
insert into comentarioPublicacionPagina (comentarioPublicacionPaginaId, publicacionPaginaId, mascotaId, contenido, fechaComentario) values (358, 45, 82, 'comentario 358', '2023-03-29 15:35:08');
insert into comentarioPublicacionPagina (comentarioPublicacionPaginaId, publicacionPaginaId, mascotaId, contenido, fechaComentario) values (359, 73, 56, 'comentario 359', '2023-12-07 16:07:51');
insert into comentarioPublicacionPagina (comentarioPublicacionPaginaId, publicacionPaginaId, mascotaId, contenido, fechaComentario) values (360, 179, 47, 'comentario 360', '2023-10-28 22:09:36');
insert into comentarioPublicacionPagina (comentarioPublicacionPaginaId, publicacionPaginaId, mascotaId, contenido, fechaComentario) values (361, 173, 96, 'comentario 361', '2022-10-20 05:46:39');
insert into comentarioPublicacionPagina (comentarioPublicacionPaginaId, publicacionPaginaId, mascotaId, contenido, fechaComentario) values (362, 101, 42, 'comentario 362', '2022-05-21 11:00:16');
insert into comentarioPublicacionPagina (comentarioPublicacionPaginaId, publicacionPaginaId, mascotaId, contenido, fechaComentario) values (363, 173, 89, 'comentario 363', '2023-01-16 13:45:09');
insert into comentarioPublicacionPagina (comentarioPublicacionPaginaId, publicacionPaginaId, mascotaId, contenido, fechaComentario) values (364, 58, 16, 'comentario 364', '2023-10-31 19:33:38');
insert into comentarioPublicacionPagina (comentarioPublicacionPaginaId, publicacionPaginaId, mascotaId, contenido, fechaComentario) values (365, 97, 14, 'comentario 365', '2023-04-03 03:57:28');
insert into comentarioPublicacionPagina (comentarioPublicacionPaginaId, publicacionPaginaId, mascotaId, contenido, fechaComentario) values (366, 50, 7, 'comentario 366', '2023-12-08 23:01:04');
insert into comentarioPublicacionPagina (comentarioPublicacionPaginaId, publicacionPaginaId, mascotaId, contenido, fechaComentario) values (367, 20, 53, 'comentario 367', '2023-01-02 15:16:33');
insert into comentarioPublicacionPagina (comentarioPublicacionPaginaId, publicacionPaginaId, mascotaId, contenido, fechaComentario) values (368, 66, 6, 'comentario 368', '2022-05-19 21:44:14');
insert into comentarioPublicacionPagina (comentarioPublicacionPaginaId, publicacionPaginaId, mascotaId, contenido, fechaComentario) values (369, 40, 25, 'comentario 369', '2022-08-26 12:06:09');
insert into comentarioPublicacionPagina (comentarioPublicacionPaginaId, publicacionPaginaId, mascotaId, contenido, fechaComentario) values (370, 92, 56, 'comentario 370', '2023-08-13 04:44:58');
insert into comentarioPublicacionPagina (comentarioPublicacionPaginaId, publicacionPaginaId, mascotaId, contenido, fechaComentario) values (371, 59, 41, 'comentario 371', '2023-12-14 14:20:01');
insert into comentarioPublicacionPagina (comentarioPublicacionPaginaId, publicacionPaginaId, mascotaId, contenido, fechaComentario) values (372, 161, 32, 'comentario 372', '2022-11-30 12:55:28');
insert into comentarioPublicacionPagina (comentarioPublicacionPaginaId, publicacionPaginaId, mascotaId, contenido, fechaComentario) values (373, 16, 5, 'comentario 373', '2023-04-24 06:53:45');
insert into comentarioPublicacionPagina (comentarioPublicacionPaginaId, publicacionPaginaId, mascotaId, contenido, fechaComentario) values (374, 18, 62, 'comentario 374', '2022-06-27 09:19:56');
insert into comentarioPublicacionPagina (comentarioPublicacionPaginaId, publicacionPaginaId, mascotaId, contenido, fechaComentario) values (375, 117, 17, 'comentario 375', '2023-08-08 22:20:49');
insert into comentarioPublicacionPagina (comentarioPublicacionPaginaId, publicacionPaginaId, mascotaId, contenido, fechaComentario) values (376, 191, 57, 'comentario 376', '2022-03-06 20:18:17');
insert into comentarioPublicacionPagina (comentarioPublicacionPaginaId, publicacionPaginaId, mascotaId, contenido, fechaComentario) values (377, 101, 2, 'comentario 377', '2022-08-11 09:41:05');
insert into comentarioPublicacionPagina (comentarioPublicacionPaginaId, publicacionPaginaId, mascotaId, contenido, fechaComentario) values (378, 61, 63, 'comentario 378', '2022-05-04 03:13:06');
insert into comentarioPublicacionPagina (comentarioPublicacionPaginaId, publicacionPaginaId, mascotaId, contenido, fechaComentario) values (379, 104, 77, 'comentario 379', '2022-04-25 12:54:46');
insert into comentarioPublicacionPagina (comentarioPublicacionPaginaId, publicacionPaginaId, mascotaId, contenido, fechaComentario) values (380, 47, 2, 'comentario 380', '2023-10-07 09:15:46');
insert into comentarioPublicacionPagina (comentarioPublicacionPaginaId, publicacionPaginaId, mascotaId, contenido, fechaComentario) values (381, 146, 68, 'comentario 381', '2023-10-13 09:16:15');
insert into comentarioPublicacionPagina (comentarioPublicacionPaginaId, publicacionPaginaId, mascotaId, contenido, fechaComentario) values (382, 84, 47, 'comentario 382', '2023-07-25 14:36:24');
insert into comentarioPublicacionPagina (comentarioPublicacionPaginaId, publicacionPaginaId, mascotaId, contenido, fechaComentario) values (383, 157, 91, 'comentario 383', '2023-09-09 03:12:36');
insert into comentarioPublicacionPagina (comentarioPublicacionPaginaId, publicacionPaginaId, mascotaId, contenido, fechaComentario) values (384, 170, 57, 'comentario 384', '2023-11-07 16:24:14');
insert into comentarioPublicacionPagina (comentarioPublicacionPaginaId, publicacionPaginaId, mascotaId, contenido, fechaComentario) values (385, 50, 17, 'comentario 385', '2022-11-21 03:41:43');
insert into comentarioPublicacionPagina (comentarioPublicacionPaginaId, publicacionPaginaId, mascotaId, contenido, fechaComentario) values (386, 37, 61, 'comentario 386', '2022-08-01 07:04:23');
insert into comentarioPublicacionPagina (comentarioPublicacionPaginaId, publicacionPaginaId, mascotaId, contenido, fechaComentario) values (387, 98, 79, 'comentario 387', '2022-12-18 14:51:00');
insert into comentarioPublicacionPagina (comentarioPublicacionPaginaId, publicacionPaginaId, mascotaId, contenido, fechaComentario) values (388, 128, 85, 'comentario 388', '2023-04-27 13:31:36');
insert into comentarioPublicacionPagina (comentarioPublicacionPaginaId, publicacionPaginaId, mascotaId, contenido, fechaComentario) values (389, 9, 91, 'comentario 389', '2022-08-18 13:12:04');
insert into comentarioPublicacionPagina (comentarioPublicacionPaginaId, publicacionPaginaId, mascotaId, contenido, fechaComentario) values (390, 44, 41, 'comentario 390', '2022-11-26 07:12:22');
insert into comentarioPublicacionPagina (comentarioPublicacionPaginaId, publicacionPaginaId, mascotaId, contenido, fechaComentario) values (391, 49, 76, 'comentario 391', '2022-08-08 13:16:21');
insert into comentarioPublicacionPagina (comentarioPublicacionPaginaId, publicacionPaginaId, mascotaId, contenido, fechaComentario) values (392, 178, 78, 'comentario 392', '2023-04-14 14:18:30');
insert into comentarioPublicacionPagina (comentarioPublicacionPaginaId, publicacionPaginaId, mascotaId, contenido, fechaComentario) values (393, 119, 21, 'comentario 393', '2022-09-11 00:09:53');
insert into comentarioPublicacionPagina (comentarioPublicacionPaginaId, publicacionPaginaId, mascotaId, contenido, fechaComentario) values (394, 70, 45, 'comentario 394', '2023-10-31 03:44:22');
insert into comentarioPublicacionPagina (comentarioPublicacionPaginaId, publicacionPaginaId, mascotaId, contenido, fechaComentario) values (395, 140, 21, 'comentario 395', '2022-08-23 01:58:39');
insert into comentarioPublicacionPagina (comentarioPublicacionPaginaId, publicacionPaginaId, mascotaId, contenido, fechaComentario) values (396, 33, 66, 'comentario 396', '2022-06-01 19:49:08');
insert into comentarioPublicacionPagina (comentarioPublicacionPaginaId, publicacionPaginaId, mascotaId, contenido, fechaComentario) values (397, 133, 40, 'comentario 397', '2022-02-10 07:54:16');
insert into comentarioPublicacionPagina (comentarioPublicacionPaginaId, publicacionPaginaId, mascotaId, contenido, fechaComentario) values (398, 131, 25, 'comentario 398', '2023-09-20 15:22:52');
insert into comentarioPublicacionPagina (comentarioPublicacionPaginaId, publicacionPaginaId, mascotaId, contenido, fechaComentario) values (399, 116, 59, 'comentario 399', '2023-10-14 14:18:03');
insert into comentarioPublicacionPagina (comentarioPublicacionPaginaId, publicacionPaginaId, mascotaId, contenido, fechaComentario) values (400, 146, 53, 'comentario 400', '2022-09-21 16:40:19');
insert into comentarioPublicacionPagina (comentarioPublicacionPaginaId, publicacionPaginaId, mascotaId, contenido, fechaComentario) values (401, 53, 82, 'comentario 401', '2023-04-17 14:22:50');
insert into comentarioPublicacionPagina (comentarioPublicacionPaginaId, publicacionPaginaId, mascotaId, contenido, fechaComentario) values (402, 37, 78, 'comentario 402', '2023-12-27 13:25:24');
insert into comentarioPublicacionPagina (comentarioPublicacionPaginaId, publicacionPaginaId, mascotaId, contenido, fechaComentario) values (403, 198, 98, 'comentario 403', '2023-09-25 18:51:29');
insert into comentarioPublicacionPagina (comentarioPublicacionPaginaId, publicacionPaginaId, mascotaId, contenido, fechaComentario) values (404, 196, 23, 'comentario 404', '2022-08-13 08:21:47');
insert into comentarioPublicacionPagina (comentarioPublicacionPaginaId, publicacionPaginaId, mascotaId, contenido, fechaComentario) values (405, 149, 75, 'comentario 405', '2022-10-08 01:21:55');
insert into comentarioPublicacionPagina (comentarioPublicacionPaginaId, publicacionPaginaId, mascotaId, contenido, fechaComentario) values (406, 101, 90, 'comentario 406', '2022-01-28 12:13:48');
insert into comentarioPublicacionPagina (comentarioPublicacionPaginaId, publicacionPaginaId, mascotaId, contenido, fechaComentario) values (407, 45, 59, 'comentario 407', '2022-01-17 06:05:20');
insert into comentarioPublicacionPagina (comentarioPublicacionPaginaId, publicacionPaginaId, mascotaId, contenido, fechaComentario) values (408, 104, 47, 'comentario 408', '2022-05-31 19:30:09');
insert into comentarioPublicacionPagina (comentarioPublicacionPaginaId, publicacionPaginaId, mascotaId, contenido, fechaComentario) values (409, 93, 74, 'comentario 409', '2022-09-19 16:28:06');
insert into comentarioPublicacionPagina (comentarioPublicacionPaginaId, publicacionPaginaId, mascotaId, contenido, fechaComentario) values (410, 11, 93, 'comentario 410', '2022-11-24 16:38:28');
insert into comentarioPublicacionPagina (comentarioPublicacionPaginaId, publicacionPaginaId, mascotaId, contenido, fechaComentario) values (411, 13, 12, 'comentario 411', '2022-03-06 07:42:02');
insert into comentarioPublicacionPagina (comentarioPublicacionPaginaId, publicacionPaginaId, mascotaId, contenido, fechaComentario) values (412, 44, 54, 'comentario 412', '2022-09-04 05:32:53');
insert into comentarioPublicacionPagina (comentarioPublicacionPaginaId, publicacionPaginaId, mascotaId, contenido, fechaComentario) values (413, 27, 70, 'comentario 413', '2023-01-09 16:33:34');
insert into comentarioPublicacionPagina (comentarioPublicacionPaginaId, publicacionPaginaId, mascotaId, contenido, fechaComentario) values (414, 124, 95, 'comentario 414', '2022-05-31 16:31:17');
insert into comentarioPublicacionPagina (comentarioPublicacionPaginaId, publicacionPaginaId, mascotaId, contenido, fechaComentario) values (415, 113, 45, 'comentario 415', '2023-08-27 15:59:54');
insert into comentarioPublicacionPagina (comentarioPublicacionPaginaId, publicacionPaginaId, mascotaId, contenido, fechaComentario) values (416, 164, 52, 'comentario 416', '2022-10-31 07:47:38');
insert into comentarioPublicacionPagina (comentarioPublicacionPaginaId, publicacionPaginaId, mascotaId, contenido, fechaComentario) values (417, 49, 47, 'comentario 417', '2022-06-03 20:08:21');
insert into comentarioPublicacionPagina (comentarioPublicacionPaginaId, publicacionPaginaId, mascotaId, contenido, fechaComentario) values (418, 185, 58, 'comentario 418', '2022-08-02 22:24:28');
insert into comentarioPublicacionPagina (comentarioPublicacionPaginaId, publicacionPaginaId, mascotaId, contenido, fechaComentario) values (419, 10, 60, 'comentario 419', '2023-10-12 21:51:18');
insert into comentarioPublicacionPagina (comentarioPublicacionPaginaId, publicacionPaginaId, mascotaId, contenido, fechaComentario) values (420, 193, 9, 'comentario 420', '2022-10-19 08:48:14');
insert into comentarioPublicacionPagina (comentarioPublicacionPaginaId, publicacionPaginaId, mascotaId, contenido, fechaComentario) values (421, 152, 47, 'comentario 421', '2023-05-27 20:22:34');
insert into comentarioPublicacionPagina (comentarioPublicacionPaginaId, publicacionPaginaId, mascotaId, contenido, fechaComentario) values (422, 148, 88, 'comentario 422', '2023-04-21 20:32:00');
insert into comentarioPublicacionPagina (comentarioPublicacionPaginaId, publicacionPaginaId, mascotaId, contenido, fechaComentario) values (423, 82, 48, 'comentario 423', '2023-01-21 15:44:00');
insert into comentarioPublicacionPagina (comentarioPublicacionPaginaId, publicacionPaginaId, mascotaId, contenido, fechaComentario) values (424, 25, 22, 'comentario 424', '2022-12-30 11:40:24');
insert into comentarioPublicacionPagina (comentarioPublicacionPaginaId, publicacionPaginaId, mascotaId, contenido, fechaComentario) values (425, 69, 48, 'comentario 425', '2023-04-07 10:56:31');
insert into comentarioPublicacionPagina (comentarioPublicacionPaginaId, publicacionPaginaId, mascotaId, contenido, fechaComentario) values (426, 37, 11, 'comentario 426', '2022-11-03 07:57:21');
insert into comentarioPublicacionPagina (comentarioPublicacionPaginaId, publicacionPaginaId, mascotaId, contenido, fechaComentario) values (427, 97, 50, 'comentario 427', '2022-09-16 03:23:04');
insert into comentarioPublicacionPagina (comentarioPublicacionPaginaId, publicacionPaginaId, mascotaId, contenido, fechaComentario) values (428, 32, 23, 'comentario 428', '2023-05-16 07:40:58');
insert into comentarioPublicacionPagina (comentarioPublicacionPaginaId, publicacionPaginaId, mascotaId, contenido, fechaComentario) values (429, 147, 63, 'comentario 429', '2022-12-22 08:54:24');
insert into comentarioPublicacionPagina (comentarioPublicacionPaginaId, publicacionPaginaId, mascotaId, contenido, fechaComentario) values (430, 49, 78, 'comentario 430', '2022-02-27 20:12:34');
insert into comentarioPublicacionPagina (comentarioPublicacionPaginaId, publicacionPaginaId, mascotaId, contenido, fechaComentario) values (431, 159, 61, 'comentario 431', '2023-03-07 02:47:34');
insert into comentarioPublicacionPagina (comentarioPublicacionPaginaId, publicacionPaginaId, mascotaId, contenido, fechaComentario) values (432, 132, 7, 'comentario 432', '2022-06-13 09:42:10');
insert into comentarioPublicacionPagina (comentarioPublicacionPaginaId, publicacionPaginaId, mascotaId, contenido, fechaComentario) values (433, 37, 54, 'comentario 433', '2023-05-13 06:13:33');
insert into comentarioPublicacionPagina (comentarioPublicacionPaginaId, publicacionPaginaId, mascotaId, contenido, fechaComentario) values (434, 138, 70, 'comentario 434', '2022-04-28 23:36:50');
insert into comentarioPublicacionPagina (comentarioPublicacionPaginaId, publicacionPaginaId, mascotaId, contenido, fechaComentario) values (435, 93, 66, 'comentario 435', '2023-04-21 06:22:20');
insert into comentarioPublicacionPagina (comentarioPublicacionPaginaId, publicacionPaginaId, mascotaId, contenido, fechaComentario) values (436, 119, 98, 'comentario 436', '2022-08-12 19:11:43');
insert into comentarioPublicacionPagina (comentarioPublicacionPaginaId, publicacionPaginaId, mascotaId, contenido, fechaComentario) values (437, 29, 7, 'comentario 437', '2022-05-23 06:25:24');
insert into comentarioPublicacionPagina (comentarioPublicacionPaginaId, publicacionPaginaId, mascotaId, contenido, fechaComentario) values (438, 158, 38, 'comentario 438', '2022-11-17 02:42:33');
insert into comentarioPublicacionPagina (comentarioPublicacionPaginaId, publicacionPaginaId, mascotaId, contenido, fechaComentario) values (439, 25, 4, 'comentario 439', '2023-04-04 03:54:48');
insert into comentarioPublicacionPagina (comentarioPublicacionPaginaId, publicacionPaginaId, mascotaId, contenido, fechaComentario) values (440, 95, 94, 'comentario 440', '2022-07-21 07:21:43');
insert into comentarioPublicacionPagina (comentarioPublicacionPaginaId, publicacionPaginaId, mascotaId, contenido, fechaComentario) values (441, 2, 100, 'comentario 441', '2023-03-25 05:31:08');
insert into comentarioPublicacionPagina (comentarioPublicacionPaginaId, publicacionPaginaId, mascotaId, contenido, fechaComentario) values (442, 49, 93, 'comentario 442', '2022-12-06 07:14:55');
insert into comentarioPublicacionPagina (comentarioPublicacionPaginaId, publicacionPaginaId, mascotaId, contenido, fechaComentario) values (443, 6, 99, 'comentario 443', '2023-07-25 03:49:01');
insert into comentarioPublicacionPagina (comentarioPublicacionPaginaId, publicacionPaginaId, mascotaId, contenido, fechaComentario) values (444, 12, 7, 'comentario 444', '2023-01-26 07:28:45');
insert into comentarioPublicacionPagina (comentarioPublicacionPaginaId, publicacionPaginaId, mascotaId, contenido, fechaComentario) values (445, 72, 24, 'comentario 445', '2022-08-22 21:49:48');
insert into comentarioPublicacionPagina (comentarioPublicacionPaginaId, publicacionPaginaId, mascotaId, contenido, fechaComentario) values (446, 21, 40, 'comentario 446', '2023-04-05 08:07:26');
insert into comentarioPublicacionPagina (comentarioPublicacionPaginaId, publicacionPaginaId, mascotaId, contenido, fechaComentario) values (447, 87, 85, 'comentario 447', '2022-01-01 17:43:41');
insert into comentarioPublicacionPagina (comentarioPublicacionPaginaId, publicacionPaginaId, mascotaId, contenido, fechaComentario) values (448, 52, 40, 'comentario 448', '2022-04-28 15:41:58');
insert into comentarioPublicacionPagina (comentarioPublicacionPaginaId, publicacionPaginaId, mascotaId, contenido, fechaComentario) values (449, 116, 54, 'comentario 449', '2022-08-13 05:05:50');
insert into comentarioPublicacionPagina (comentarioPublicacionPaginaId, publicacionPaginaId, mascotaId, contenido, fechaComentario) values (450, 147, 96, 'comentario 450', '2023-04-11 03:27:12');
insert into comentarioPublicacionPagina (comentarioPublicacionPaginaId, publicacionPaginaId, mascotaId, contenido, fechaComentario) values (451, 125, 24, 'comentario 451', '2022-06-14 00:17:52');
insert into comentarioPublicacionPagina (comentarioPublicacionPaginaId, publicacionPaginaId, mascotaId, contenido, fechaComentario) values (452, 188, 65, 'comentario 452', '2023-07-18 16:33:39');
insert into comentarioPublicacionPagina (comentarioPublicacionPaginaId, publicacionPaginaId, mascotaId, contenido, fechaComentario) values (453, 24, 13, 'comentario 453', '2022-01-07 08:17:04');
insert into comentarioPublicacionPagina (comentarioPublicacionPaginaId, publicacionPaginaId, mascotaId, contenido, fechaComentario) values (454, 199, 61, 'comentario 454', '2023-12-28 12:34:55');
insert into comentarioPublicacionPagina (comentarioPublicacionPaginaId, publicacionPaginaId, mascotaId, contenido, fechaComentario) values (455, 100, 23, 'comentario 455', '2022-08-30 17:00:19');
insert into comentarioPublicacionPagina (comentarioPublicacionPaginaId, publicacionPaginaId, mascotaId, contenido, fechaComentario) values (456, 176, 64, 'comentario 456', '2023-04-09 18:54:41');
insert into comentarioPublicacionPagina (comentarioPublicacionPaginaId, publicacionPaginaId, mascotaId, contenido, fechaComentario) values (457, 88, 59, 'comentario 457', '2023-01-25 03:48:57');
insert into comentarioPublicacionPagina (comentarioPublicacionPaginaId, publicacionPaginaId, mascotaId, contenido, fechaComentario) values (458, 35, 81, 'comentario 458', '2022-02-10 21:56:17');
insert into comentarioPublicacionPagina (comentarioPublicacionPaginaId, publicacionPaginaId, mascotaId, contenido, fechaComentario) values (459, 97, 88, 'comentario 459', '2022-06-07 19:39:57');
insert into comentarioPublicacionPagina (comentarioPublicacionPaginaId, publicacionPaginaId, mascotaId, contenido, fechaComentario) values (460, 20, 24, 'comentario 460', '2022-02-22 10:54:13');
insert into comentarioPublicacionPagina (comentarioPublicacionPaginaId, publicacionPaginaId, mascotaId, contenido, fechaComentario) values (461, 80, 9, 'comentario 461', '2022-05-22 04:24:57');
insert into comentarioPublicacionPagina (comentarioPublicacionPaginaId, publicacionPaginaId, mascotaId, contenido, fechaComentario) values (462, 85, 89, 'comentario 462', '2023-10-27 23:11:30');
insert into comentarioPublicacionPagina (comentarioPublicacionPaginaId, publicacionPaginaId, mascotaId, contenido, fechaComentario) values (463, 173, 14, 'comentario 463', '2023-03-16 03:03:54');
insert into comentarioPublicacionPagina (comentarioPublicacionPaginaId, publicacionPaginaId, mascotaId, contenido, fechaComentario) values (464, 86, 89, 'comentario 464', '2022-01-27 01:07:49');
insert into comentarioPublicacionPagina (comentarioPublicacionPaginaId, publicacionPaginaId, mascotaId, contenido, fechaComentario) values (465, 68, 14, 'comentario 465', '2022-06-25 05:27:33');
insert into comentarioPublicacionPagina (comentarioPublicacionPaginaId, publicacionPaginaId, mascotaId, contenido, fechaComentario) values (466, 176, 28, 'comentario 466', '2023-11-01 14:41:40');
insert into comentarioPublicacionPagina (comentarioPublicacionPaginaId, publicacionPaginaId, mascotaId, contenido, fechaComentario) values (467, 15, 35, 'comentario 467', '2023-05-14 21:30:01');
insert into comentarioPublicacionPagina (comentarioPublicacionPaginaId, publicacionPaginaId, mascotaId, contenido, fechaComentario) values (468, 161, 15, 'comentario 468', '2022-09-07 05:38:43');
insert into comentarioPublicacionPagina (comentarioPublicacionPaginaId, publicacionPaginaId, mascotaId, contenido, fechaComentario) values (469, 170, 3, 'comentario 469', '2022-03-09 09:48:53');
insert into comentarioPublicacionPagina (comentarioPublicacionPaginaId, publicacionPaginaId, mascotaId, contenido, fechaComentario) values (470, 132, 49, 'comentario 470', '2022-09-03 07:42:19');
insert into comentarioPublicacionPagina (comentarioPublicacionPaginaId, publicacionPaginaId, mascotaId, contenido, fechaComentario) values (471, 50, 80, 'comentario 471', '2023-07-07 11:42:55');
insert into comentarioPublicacionPagina (comentarioPublicacionPaginaId, publicacionPaginaId, mascotaId, contenido, fechaComentario) values (472, 123, 36, 'comentario 472', '2023-09-16 08:27:32');
insert into comentarioPublicacionPagina (comentarioPublicacionPaginaId, publicacionPaginaId, mascotaId, contenido, fechaComentario) values (473, 186, 86, 'comentario 473', '2023-03-01 18:19:38');
insert into comentarioPublicacionPagina (comentarioPublicacionPaginaId, publicacionPaginaId, mascotaId, contenido, fechaComentario) values (474, 81, 72, 'comentario 474', '2022-05-10 16:11:32');
insert into comentarioPublicacionPagina (comentarioPublicacionPaginaId, publicacionPaginaId, mascotaId, contenido, fechaComentario) values (475, 136, 54, 'comentario 475', '2023-02-26 19:49:02');
insert into comentarioPublicacionPagina (comentarioPublicacionPaginaId, publicacionPaginaId, mascotaId, contenido, fechaComentario) values (476, 27, 81, 'comentario 476', '2023-04-24 01:45:01');
insert into comentarioPublicacionPagina (comentarioPublicacionPaginaId, publicacionPaginaId, mascotaId, contenido, fechaComentario) values (477, 151, 72, 'comentario 477', '2023-04-17 14:05:26');
insert into comentarioPublicacionPagina (comentarioPublicacionPaginaId, publicacionPaginaId, mascotaId, contenido, fechaComentario) values (478, 5, 61, 'comentario 478', '2023-07-20 19:41:25');
insert into comentarioPublicacionPagina (comentarioPublicacionPaginaId, publicacionPaginaId, mascotaId, contenido, fechaComentario) values (479, 149, 70, 'comentario 479', '2022-12-11 21:31:26');
insert into comentarioPublicacionPagina (comentarioPublicacionPaginaId, publicacionPaginaId, mascotaId, contenido, fechaComentario) values (480, 21, 72, 'comentario 480', '2023-01-04 03:44:02');
insert into comentarioPublicacionPagina (comentarioPublicacionPaginaId, publicacionPaginaId, mascotaId, contenido, fechaComentario) values (481, 93, 86, 'comentario 481', '2023-03-13 15:33:32');
insert into comentarioPublicacionPagina (comentarioPublicacionPaginaId, publicacionPaginaId, mascotaId, contenido, fechaComentario) values (482, 126, 40, 'comentario 482', '2022-09-07 00:59:35');
insert into comentarioPublicacionPagina (comentarioPublicacionPaginaId, publicacionPaginaId, mascotaId, contenido, fechaComentario) values (483, 151, 31, 'comentario 483', '2022-01-14 11:22:39');
insert into comentarioPublicacionPagina (comentarioPublicacionPaginaId, publicacionPaginaId, mascotaId, contenido, fechaComentario) values (484, 88, 16, 'comentario 484', '2023-03-11 20:58:58');
insert into comentarioPublicacionPagina (comentarioPublicacionPaginaId, publicacionPaginaId, mascotaId, contenido, fechaComentario) values (485, 61, 9, 'comentario 485', '2022-06-22 02:08:29');
insert into comentarioPublicacionPagina (comentarioPublicacionPaginaId, publicacionPaginaId, mascotaId, contenido, fechaComentario) values (486, 90, 36, 'comentario 486', '2023-04-30 09:03:04');
insert into comentarioPublicacionPagina (comentarioPublicacionPaginaId, publicacionPaginaId, mascotaId, contenido, fechaComentario) values (487, 178, 78, 'comentario 487', '2023-10-27 15:44:13');
insert into comentarioPublicacionPagina (comentarioPublicacionPaginaId, publicacionPaginaId, mascotaId, contenido, fechaComentario) values (488, 82, 35, 'comentario 488', '2022-04-15 02:30:14');
insert into comentarioPublicacionPagina (comentarioPublicacionPaginaId, publicacionPaginaId, mascotaId, contenido, fechaComentario) values (489, 51, 75, 'comentario 489', '2023-03-25 15:36:15');
insert into comentarioPublicacionPagina (comentarioPublicacionPaginaId, publicacionPaginaId, mascotaId, contenido, fechaComentario) values (490, 150, 33, 'comentario 490', '2022-02-09 13:00:49');
insert into comentarioPublicacionPagina (comentarioPublicacionPaginaId, publicacionPaginaId, mascotaId, contenido, fechaComentario) values (491, 156, 22, 'comentario 491', '2023-01-16 03:12:29');
insert into comentarioPublicacionPagina (comentarioPublicacionPaginaId, publicacionPaginaId, mascotaId, contenido, fechaComentario) values (492, 141, 62, 'comentario 492', '2023-04-14 08:22:25');
insert into comentarioPublicacionPagina (comentarioPublicacionPaginaId, publicacionPaginaId, mascotaId, contenido, fechaComentario) values (493, 46, 92, 'comentario 493', '2023-11-12 05:24:14');
insert into comentarioPublicacionPagina (comentarioPublicacionPaginaId, publicacionPaginaId, mascotaId, contenido, fechaComentario) values (494, 135, 46, 'comentario 494', '2023-08-26 05:06:13');
insert into comentarioPublicacionPagina (comentarioPublicacionPaginaId, publicacionPaginaId, mascotaId, contenido, fechaComentario) values (495, 36, 64, 'comentario 495', '2023-07-01 04:51:36');
insert into comentarioPublicacionPagina (comentarioPublicacionPaginaId, publicacionPaginaId, mascotaId, contenido, fechaComentario) values (496, 141, 96, 'comentario 496', '2022-02-26 01:26:27');
insert into comentarioPublicacionPagina (comentarioPublicacionPaginaId, publicacionPaginaId, mascotaId, contenido, fechaComentario) values (497, 47, 76, 'comentario 497', '2022-09-07 06:35:28');
insert into comentarioPublicacionPagina (comentarioPublicacionPaginaId, publicacionPaginaId, mascotaId, contenido, fechaComentario) values (498, 189, 59, 'comentario 498', '2022-10-10 01:41:59');
insert into comentarioPublicacionPagina (comentarioPublicacionPaginaId, publicacionPaginaId, mascotaId, contenido, fechaComentario) values (499, 1, 96, 'comentario 499', '2023-07-24 00:40:31');
insert into comentarioPublicacionPagina (comentarioPublicacionPaginaId, publicacionPaginaId, mascotaId, contenido, fechaComentario) values (500, 22, 29, 'comentario 500', '2023-05-21 05:12:17');

-- Datos denunciaPublicacionPagina
insert into denunciaPublicacionPagina (denunciaPublicacionPaginaId, publicacionPaginaId, mascotaId, motivo, descripcion, fechaDenuncia) values (1, 44, 1, 'Otro', 'denucnia1', '2023-06-11 00:33:50');
insert into denunciaPublicacionPagina (denunciaPublicacionPaginaId, publicacionPaginaId, mascotaId, motivo, descripcion, fechaDenuncia) values (2, 43, 2, 'Contenido inapropiado', 'denucnia2', '2023-07-07 07:39:43');
insert into denunciaPublicacionPagina (denunciaPublicacionPaginaId, publicacionPaginaId, mascotaId, motivo, descripcion, fechaDenuncia) values (3, 13, 3, 'Fraude', 'denucnia3', '2022-04-07 06:58:52');
insert into denunciaPublicacionPagina (denunciaPublicacionPaginaId, publicacionPaginaId, mascotaId, motivo, descripcion, fechaDenuncia) values (4, 28, 4, 'Maltrato animal', 'denucnia4', '2023-07-16 03:34:33');
insert into denunciaPublicacionPagina (denunciaPublicacionPaginaId, publicacionPaginaId, mascotaId, motivo, descripcion, fechaDenuncia) values (5, 48, 5, 'Fraude', 'denucnia5', '2023-03-22 02:54:01');
insert into denunciaPublicacionPagina (denunciaPublicacionPaginaId, publicacionPaginaId, mascotaId, motivo, descripcion, fechaDenuncia) values (6, 23, 6, 'Contenido inapropiado', 'denucnia6', '2022-05-17 12:47:43');
insert into denunciaPublicacionPagina (denunciaPublicacionPaginaId, publicacionPaginaId, mascotaId, motivo, descripcion, fechaDenuncia) values (7, 26, 7, 'Fraude', 'denucnia7', '2022-03-04 22:49:50');
insert into denunciaPublicacionPagina (denunciaPublicacionPaginaId, publicacionPaginaId, mascotaId, motivo, descripcion, fechaDenuncia) values (8, 41, 8, 'Fraude', 'denucnia8', '2023-08-09 13:11:05');
insert into denunciaPublicacionPagina (denunciaPublicacionPaginaId, publicacionPaginaId, mascotaId, motivo, descripcion, fechaDenuncia) values (9, 36, 9, 'Maltrato animal', 'denucnia9', '2023-05-08 19:28:01');
insert into denunciaPublicacionPagina (denunciaPublicacionPaginaId, publicacionPaginaId, mascotaId, motivo, descripcion, fechaDenuncia) values (10, 34, 10, 'Fraude', 'denucnia10', '2023-09-26 00:46:51');
insert into denunciaPublicacionPagina (denunciaPublicacionPaginaId, publicacionPaginaId, mascotaId, motivo, descripcion, fechaDenuncia) values (11, 5, 11, 'Fraude', 'denucnia11', '2023-08-24 00:23:51');
insert into denunciaPublicacionPagina (denunciaPublicacionPaginaId, publicacionPaginaId, mascotaId, motivo, descripcion, fechaDenuncia) values (12, 38, 12, 'Maltrato animal', 'denucnia12', '2022-03-29 01:07:23');
insert into denunciaPublicacionPagina (denunciaPublicacionPaginaId, publicacionPaginaId, mascotaId, motivo, descripcion, fechaDenuncia) values (13, 41, 13, 'Maltrato animal', 'denucnia13', '2023-10-15 09:13:44');
insert into denunciaPublicacionPagina (denunciaPublicacionPaginaId, publicacionPaginaId, mascotaId, motivo, descripcion, fechaDenuncia) values (14, 32, 14, 'Maltrato animal', 'denucnia14', '2023-01-17 20:47:03');
insert into denunciaPublicacionPagina (denunciaPublicacionPaginaId, publicacionPaginaId, mascotaId, motivo, descripcion, fechaDenuncia) values (15, 6, 15, 'Contenido inapropiado', 'denucnia15', '2022-06-28 07:00:44');
insert into denunciaPublicacionPagina (denunciaPublicacionPaginaId, publicacionPaginaId, mascotaId, motivo, descripcion, fechaDenuncia) values (16, 2, 16, 'Otro', 'denucnia16', '2023-10-26 22:36:48');
insert into denunciaPublicacionPagina (denunciaPublicacionPaginaId, publicacionPaginaId, mascotaId, motivo, descripcion, fechaDenuncia) values (17, 21, 17, 'Maltrato animal', 'denucnia17', '2022-04-03 08:02:03');
insert into denunciaPublicacionPagina (denunciaPublicacionPaginaId, publicacionPaginaId, mascotaId, motivo, descripcion, fechaDenuncia) values (18, 27, 18, 'Maltrato animal', 'denucnia18', '2022-03-22 05:03:31');
insert into denunciaPublicacionPagina (denunciaPublicacionPaginaId, publicacionPaginaId, mascotaId, motivo, descripcion, fechaDenuncia) values (19, 44, 19, 'Contenido inapropiado', 'denucnia19', '2023-07-17 17:51:05');
insert into denunciaPublicacionPagina (denunciaPublicacionPaginaId, publicacionPaginaId, mascotaId, motivo, descripcion, fechaDenuncia) values (20, 14, 20, 'Contenido inapropiado', 'denucnia20', '2023-05-02 02:12:59');
insert into denunciaPublicacionPagina (denunciaPublicacionPaginaId, publicacionPaginaId, mascotaId, motivo, descripcion, fechaDenuncia) values (21, 36, 21, 'Maltrato animal', 'denucnia21', '2023-01-12 09:43:38');
insert into denunciaPublicacionPagina (denunciaPublicacionPaginaId, publicacionPaginaId, mascotaId, motivo, descripcion, fechaDenuncia) values (22, 18, 22, 'Contenido inapropiado', 'denucnia22', '2023-10-26 21:41:51');
insert into denunciaPublicacionPagina (denunciaPublicacionPaginaId, publicacionPaginaId, mascotaId, motivo, descripcion, fechaDenuncia) values (23, 44, 23, 'Maltrato animal', 'denucnia23', '2022-08-03 09:05:50');
insert into denunciaPublicacionPagina (denunciaPublicacionPaginaId, publicacionPaginaId, mascotaId, motivo, descripcion, fechaDenuncia) values (24, 32, 24, 'Contenido inapropiado', 'denucnia24', '2023-06-27 14:18:49');
insert into denunciaPublicacionPagina (denunciaPublicacionPaginaId, publicacionPaginaId, mascotaId, motivo, descripcion, fechaDenuncia) values (25, 7, 25, 'Contenido inapropiado', 'denucnia25', '2022-03-27 06:15:45');
insert into denunciaPublicacionPagina (denunciaPublicacionPaginaId, publicacionPaginaId, mascotaId, motivo, descripcion, fechaDenuncia) values (26, 17, 26, 'Otro', 'denucnia26', '2022-09-26 08:59:01');
insert into denunciaPublicacionPagina (denunciaPublicacionPaginaId, publicacionPaginaId, mascotaId, motivo, descripcion, fechaDenuncia) values (27, 37, 27, 'Fraude', 'denucnia27', '2023-01-11 08:00:14');
insert into denunciaPublicacionPagina (denunciaPublicacionPaginaId, publicacionPaginaId, mascotaId, motivo, descripcion, fechaDenuncia) values (28, 18, 28, 'Otro', 'denucnia28', '2023-08-10 13:16:21');
insert into denunciaPublicacionPagina (denunciaPublicacionPaginaId, publicacionPaginaId, mascotaId, motivo, descripcion, fechaDenuncia) values (29, 15, 29, 'Otro', 'denucnia29', '2022-09-02 07:56:37');
insert into denunciaPublicacionPagina (denunciaPublicacionPaginaId, publicacionPaginaId, mascotaId, motivo, descripcion, fechaDenuncia) values (30, 13, 30, 'Fraude', 'denucnia30', '2023-11-15 02:14:11');
insert into denunciaPublicacionPagina (denunciaPublicacionPaginaId, publicacionPaginaId, mascotaId, motivo, descripcion, fechaDenuncia) values (31, 34, 31, 'Otro', 'denucnia31', '2022-04-23 09:59:54');
insert into denunciaPublicacionPagina (denunciaPublicacionPaginaId, publicacionPaginaId, mascotaId, motivo, descripcion, fechaDenuncia) values (32, 24, 32, 'Contenido inapropiado', 'denucnia32', '2022-04-04 09:17:52');
insert into denunciaPublicacionPagina (denunciaPublicacionPaginaId, publicacionPaginaId, mascotaId, motivo, descripcion, fechaDenuncia) values (33, 20, 33, 'Otro', 'denucnia33', '2022-12-25 02:32:31');
insert into denunciaPublicacionPagina (denunciaPublicacionPaginaId, publicacionPaginaId, mascotaId, motivo, descripcion, fechaDenuncia) values (34, 10, 34, 'Fraude', 'denucnia34', '2023-03-22 23:05:06');
insert into denunciaPublicacionPagina (denunciaPublicacionPaginaId, publicacionPaginaId, mascotaId, motivo, descripcion, fechaDenuncia) values (35, 15, 35, 'Maltrato animal', 'denucnia35', '2023-09-07 16:53:54');
insert into denunciaPublicacionPagina (denunciaPublicacionPaginaId, publicacionPaginaId, mascotaId, motivo, descripcion, fechaDenuncia) values (36, 31, 36, 'Otro', 'denucnia36', '2023-04-11 05:35:00');
insert into denunciaPublicacionPagina (denunciaPublicacionPaginaId, publicacionPaginaId, mascotaId, motivo, descripcion, fechaDenuncia) values (37, 50, 37, 'Otro', 'denucnia37', '2022-12-22 18:11:43');
insert into denunciaPublicacionPagina (denunciaPublicacionPaginaId, publicacionPaginaId, mascotaId, motivo, descripcion, fechaDenuncia) values (38, 28, 38, 'Maltrato animal', 'denucnia38', '2022-07-15 16:50:21');
insert into denunciaPublicacionPagina (denunciaPublicacionPaginaId, publicacionPaginaId, mascotaId, motivo, descripcion, fechaDenuncia) values (39, 1, 39, 'Contenido inapropiado', 'denucnia39', '2022-07-23 14:37:10');
insert into denunciaPublicacionPagina (denunciaPublicacionPaginaId, publicacionPaginaId, mascotaId, motivo, descripcion, fechaDenuncia) values (40, 50, 40, 'Otro', 'denucnia40', '2023-05-02 05:39:30');
insert into denunciaPublicacionPagina (denunciaPublicacionPaginaId, publicacionPaginaId, mascotaId, motivo, descripcion, fechaDenuncia) values (41, 21, 41, 'Fraude', 'denucnia41', '2022-10-17 01:50:26');
insert into denunciaPublicacionPagina (denunciaPublicacionPaginaId, publicacionPaginaId, mascotaId, motivo, descripcion, fechaDenuncia) values (42, 42, 42, 'Otro', 'denucnia42', '2023-10-30 21:55:43');
insert into denunciaPublicacionPagina (denunciaPublicacionPaginaId, publicacionPaginaId, mascotaId, motivo, descripcion, fechaDenuncia) values (43, 38, 43, 'Contenido inapropiado', 'denucnia43', '2023-07-16 18:23:55');
insert into denunciaPublicacionPagina (denunciaPublicacionPaginaId, publicacionPaginaId, mascotaId, motivo, descripcion, fechaDenuncia) values (44, 5, 44, 'Otro', 'denucnia44', '2023-10-24 23:18:51');
insert into denunciaPublicacionPagina (denunciaPublicacionPaginaId, publicacionPaginaId, mascotaId, motivo, descripcion, fechaDenuncia) values (45, 31, 45, 'Otro', 'denucnia45', '2022-03-17 08:45:38');
insert into denunciaPublicacionPagina (denunciaPublicacionPaginaId, publicacionPaginaId, mascotaId, motivo, descripcion, fechaDenuncia) values (46, 33, 46, 'Fraude', 'denucnia46', '2022-02-12 14:21:12');
insert into denunciaPublicacionPagina (denunciaPublicacionPaginaId, publicacionPaginaId, mascotaId, motivo, descripcion, fechaDenuncia) values (47, 46, 47, 'Maltrato animal', 'denucnia47', '2022-06-22 09:15:17');
insert into denunciaPublicacionPagina (denunciaPublicacionPaginaId, publicacionPaginaId, mascotaId, motivo, descripcion, fechaDenuncia) values (48, 16, 48, 'Maltrato animal', 'denucnia48', '2023-05-31 05:10:37');
insert into denunciaPublicacionPagina (denunciaPublicacionPaginaId, publicacionPaginaId, mascotaId, motivo, descripcion, fechaDenuncia) values (49, 7, 49, 'Otro', 'denucnia49', '2022-06-19 01:47:42');
insert into denunciaPublicacionPagina (denunciaPublicacionPaginaId, publicacionPaginaId, mascotaId, motivo, descripcion, fechaDenuncia) values (50, 47, 50, 'Fraude', 'denucnia50', '2022-06-07 01:47:07');
insert into denunciaPublicacionPagina (denunciaPublicacionPaginaId, publicacionPaginaId, mascotaId, motivo, descripcion, fechaDenuncia) values (51, 29, 51, 'Contenido inapropiado', 'denucnia51', '2022-10-05 05:18:26');
insert into denunciaPublicacionPagina (denunciaPublicacionPaginaId, publicacionPaginaId, mascotaId, motivo, descripcion, fechaDenuncia) values (52, 31, 52, 'Otro', 'denucnia52', '2022-11-14 14:46:22');
insert into denunciaPublicacionPagina (denunciaPublicacionPaginaId, publicacionPaginaId, mascotaId, motivo, descripcion, fechaDenuncia) values (53, 8, 53, 'Maltrato animal', 'denucnia53', '2023-01-17 18:20:16');
insert into denunciaPublicacionPagina (denunciaPublicacionPaginaId, publicacionPaginaId, mascotaId, motivo, descripcion, fechaDenuncia) values (54, 26, 54, 'Maltrato animal', 'denucnia54', '2022-11-08 22:20:23');
insert into denunciaPublicacionPagina (denunciaPublicacionPaginaId, publicacionPaginaId, mascotaId, motivo, descripcion, fechaDenuncia) values (55, 16, 55, 'Otro', 'denucnia55', '2022-06-08 05:30:15');
insert into denunciaPublicacionPagina (denunciaPublicacionPaginaId, publicacionPaginaId, mascotaId, motivo, descripcion, fechaDenuncia) values (56, 16, 56, 'Maltrato animal', 'denucnia56', '2022-05-29 00:51:12');
insert into denunciaPublicacionPagina (denunciaPublicacionPaginaId, publicacionPaginaId, mascotaId, motivo, descripcion, fechaDenuncia) values (57, 7, 57, 'Maltrato animal', 'denucnia57', '2023-12-22 23:56:18');
insert into denunciaPublicacionPagina (denunciaPublicacionPaginaId, publicacionPaginaId, mascotaId, motivo, descripcion, fechaDenuncia) values (58, 30, 58, 'Otro', 'denucnia58', '2023-06-15 01:53:14');
insert into denunciaPublicacionPagina (denunciaPublicacionPaginaId, publicacionPaginaId, mascotaId, motivo, descripcion, fechaDenuncia) values (59, 34, 59, 'Otro', 'denucnia59', '2022-05-14 23:49:48');
insert into denunciaPublicacionPagina (denunciaPublicacionPaginaId, publicacionPaginaId, mascotaId, motivo, descripcion, fechaDenuncia) values (60, 48, 60, 'Contenido inapropiado', 'denucnia60', '2023-02-11 05:18:11');
insert into denunciaPublicacionPagina (denunciaPublicacionPaginaId, publicacionPaginaId, mascotaId, motivo, descripcion, fechaDenuncia) values (61, 48, 61, 'Fraude', 'denucnia61', '2023-08-23 23:48:01');
insert into denunciaPublicacionPagina (denunciaPublicacionPaginaId, publicacionPaginaId, mascotaId, motivo, descripcion, fechaDenuncia) values (62, 50, 62, 'Fraude', 'denucnia62', '2023-03-13 15:30:16');
insert into denunciaPublicacionPagina (denunciaPublicacionPaginaId, publicacionPaginaId, mascotaId, motivo, descripcion, fechaDenuncia) values (63, 23, 63, 'Otro', 'denucnia63', '2023-11-23 18:32:47');
insert into denunciaPublicacionPagina (denunciaPublicacionPaginaId, publicacionPaginaId, mascotaId, motivo, descripcion, fechaDenuncia) values (64, 13, 64, 'Fraude', 'denucnia64', '2022-07-18 06:00:20');
insert into denunciaPublicacionPagina (denunciaPublicacionPaginaId, publicacionPaginaId, mascotaId, motivo, descripcion, fechaDenuncia) values (65, 36, 65, 'Otro', 'denucnia65', '2023-04-23 19:04:54');
insert into denunciaPublicacionPagina (denunciaPublicacionPaginaId, publicacionPaginaId, mascotaId, motivo, descripcion, fechaDenuncia) values (66, 41, 66, 'Contenido inapropiado', 'denucnia66', '2022-05-30 10:52:52');
insert into denunciaPublicacionPagina (denunciaPublicacionPaginaId, publicacionPaginaId, mascotaId, motivo, descripcion, fechaDenuncia) values (67, 27, 67, 'Fraude', 'denucnia67', '2023-02-11 10:39:19');
insert into denunciaPublicacionPagina (denunciaPublicacionPaginaId, publicacionPaginaId, mascotaId, motivo, descripcion, fechaDenuncia) values (68, 22, 68, 'Maltrato animal', 'denucnia68', '2023-05-17 17:50:59');
insert into denunciaPublicacionPagina (denunciaPublicacionPaginaId, publicacionPaginaId, mascotaId, motivo, descripcion, fechaDenuncia) values (69, 19, 69, 'Contenido inapropiado', 'denucnia69', '2023-06-05 15:36:39');
insert into denunciaPublicacionPagina (denunciaPublicacionPaginaId, publicacionPaginaId, mascotaId, motivo, descripcion, fechaDenuncia) values (70, 49, 70, 'Maltrato animal', 'denucnia70', '2023-10-31 14:40:03');
insert into denunciaPublicacionPagina (denunciaPublicacionPaginaId, publicacionPaginaId, mascotaId, motivo, descripcion, fechaDenuncia) values (71, 8, 71, 'Fraude', 'denucnia71', '2023-10-24 19:45:37');
insert into denunciaPublicacionPagina (denunciaPublicacionPaginaId, publicacionPaginaId, mascotaId, motivo, descripcion, fechaDenuncia) values (72, 46, 72, 'Fraude', 'denucnia72', '2023-12-27 06:25:44');
insert into denunciaPublicacionPagina (denunciaPublicacionPaginaId, publicacionPaginaId, mascotaId, motivo, descripcion, fechaDenuncia) values (73, 15, 73, 'Maltrato animal', 'denucnia73', '2022-04-22 05:43:02');
insert into denunciaPublicacionPagina (denunciaPublicacionPaginaId, publicacionPaginaId, mascotaId, motivo, descripcion, fechaDenuncia) values (74, 30, 74, 'Contenido inapropiado', 'denucnia74', '2022-11-15 03:11:47');
insert into denunciaPublicacionPagina (denunciaPublicacionPaginaId, publicacionPaginaId, mascotaId, motivo, descripcion, fechaDenuncia) values (75, 44, 75, 'Otro', 'denucnia75', '2023-05-11 14:25:53');
insert into denunciaPublicacionPagina (denunciaPublicacionPaginaId, publicacionPaginaId, mascotaId, motivo, descripcion, fechaDenuncia) values (76, 11, 76, 'Contenido inapropiado', 'denucnia76', '2023-10-20 16:22:07');
insert into denunciaPublicacionPagina (denunciaPublicacionPaginaId, publicacionPaginaId, mascotaId, motivo, descripcion, fechaDenuncia) values (77, 15, 77, 'Contenido inapropiado', 'denucnia77', '2023-09-14 16:13:07');
insert into denunciaPublicacionPagina (denunciaPublicacionPaginaId, publicacionPaginaId, mascotaId, motivo, descripcion, fechaDenuncia) values (78, 20, 78, 'Fraude', 'denucnia78', '2022-09-09 17:27:38');
insert into denunciaPublicacionPagina (denunciaPublicacionPaginaId, publicacionPaginaId, mascotaId, motivo, descripcion, fechaDenuncia) values (79, 2, 79, 'Maltrato animal', 'denucnia79', '2022-05-09 13:41:03');
insert into denunciaPublicacionPagina (denunciaPublicacionPaginaId, publicacionPaginaId, mascotaId, motivo, descripcion, fechaDenuncia) values (80, 30, 80, 'Maltrato animal', 'denucnia80', '2023-12-28 15:37:55');
insert into denunciaPublicacionPagina (denunciaPublicacionPaginaId, publicacionPaginaId, mascotaId, motivo, descripcion, fechaDenuncia) values (81, 9, 81, 'Maltrato animal', 'denucnia81', '2023-08-07 14:39:24');
insert into denunciaPublicacionPagina (denunciaPublicacionPaginaId, publicacionPaginaId, mascotaId, motivo, descripcion, fechaDenuncia) values (82, 41, 82, 'Otro', 'denucnia82', '2023-10-17 17:43:29');
insert into denunciaPublicacionPagina (denunciaPublicacionPaginaId, publicacionPaginaId, mascotaId, motivo, descripcion, fechaDenuncia) values (83, 24, 83, 'Contenido inapropiado', 'denucnia83', '2023-12-11 00:46:36');
insert into denunciaPublicacionPagina (denunciaPublicacionPaginaId, publicacionPaginaId, mascotaId, motivo, descripcion, fechaDenuncia) values (84, 18, 84, 'Contenido inapropiado', 'denucnia84', '2022-04-14 13:00:00');
insert into denunciaPublicacionPagina (denunciaPublicacionPaginaId, publicacionPaginaId, mascotaId, motivo, descripcion, fechaDenuncia) values (85, 4, 85, 'Fraude', 'denucnia85', '2022-06-11 03:03:16');
insert into denunciaPublicacionPagina (denunciaPublicacionPaginaId, publicacionPaginaId, mascotaId, motivo, descripcion, fechaDenuncia) values (86, 42, 86, 'Maltrato animal', 'denucnia86', '2022-09-04 18:44:29');
insert into denunciaPublicacionPagina (denunciaPublicacionPaginaId, publicacionPaginaId, mascotaId, motivo, descripcion, fechaDenuncia) values (87, 7, 87, 'Fraude', 'denucnia87', '2023-05-18 20:26:33');
insert into denunciaPublicacionPagina (denunciaPublicacionPaginaId, publicacionPaginaId, mascotaId, motivo, descripcion, fechaDenuncia) values (88, 50, 88, 'Fraude', 'denucnia88', '2022-11-22 05:42:14');
insert into denunciaPublicacionPagina (denunciaPublicacionPaginaId, publicacionPaginaId, mascotaId, motivo, descripcion, fechaDenuncia) values (89, 38, 89, 'Contenido inapropiado', 'denucnia89', '2023-07-19 13:33:58');
insert into denunciaPublicacionPagina (denunciaPublicacionPaginaId, publicacionPaginaId, mascotaId, motivo, descripcion, fechaDenuncia) values (90, 45, 90, 'Contenido inapropiado', 'denucnia90', '2022-06-03 23:25:34');
insert into denunciaPublicacionPagina (denunciaPublicacionPaginaId, publicacionPaginaId, mascotaId, motivo, descripcion, fechaDenuncia) values (91, 15, 91, 'Contenido inapropiado', 'denucnia91', '2023-03-06 14:31:18');
insert into denunciaPublicacionPagina (denunciaPublicacionPaginaId, publicacionPaginaId, mascotaId, motivo, descripcion, fechaDenuncia) values (92, 45, 92, 'Fraude', 'denucnia92', '2023-04-13 13:30:08');
insert into denunciaPublicacionPagina (denunciaPublicacionPaginaId, publicacionPaginaId, mascotaId, motivo, descripcion, fechaDenuncia) values (93, 47, 93, 'Contenido inapropiado', 'denucnia93', '2023-08-27 11:37:01');
insert into denunciaPublicacionPagina (denunciaPublicacionPaginaId, publicacionPaginaId, mascotaId, motivo, descripcion, fechaDenuncia) values (94, 50, 94, 'Maltrato animal', 'denucnia94', '2022-11-04 01:27:02');
insert into denunciaPublicacionPagina (denunciaPublicacionPaginaId, publicacionPaginaId, mascotaId, motivo, descripcion, fechaDenuncia) values (95, 10, 95, 'Contenido inapropiado', 'denucnia95', '2023-07-19 11:09:48');
insert into denunciaPublicacionPagina (denunciaPublicacionPaginaId, publicacionPaginaId, mascotaId, motivo, descripcion, fechaDenuncia) values (96, 13, 96, 'Fraude', 'denucnia96', '2023-03-06 08:37:20');
insert into denunciaPublicacionPagina (denunciaPublicacionPaginaId, publicacionPaginaId, mascotaId, motivo, descripcion, fechaDenuncia) values (97, 45, 97, 'Contenido inapropiado', 'denucnia97', '2023-03-11 15:13:59');
insert into denunciaPublicacionPagina (denunciaPublicacionPaginaId, publicacionPaginaId, mascotaId, motivo, descripcion, fechaDenuncia) values (98, 40, 98, 'Maltrato animal', 'denucnia98', '2023-01-23 22:20:01');
insert into denunciaPublicacionPagina (denunciaPublicacionPaginaId, publicacionPaginaId, mascotaId, motivo, descripcion, fechaDenuncia) values (99, 50, 99, 'Maltrato animal', 'denucnia99', '2022-10-29 21:35:34');
insert into denunciaPublicacionPagina (denunciaPublicacionPaginaId, publicacionPaginaId, mascotaId, motivo, descripcion, fechaDenuncia) values (100, 44, 100, 'Fraude', 'denucnia100', '2023-09-19 09:59:22');

-- Datos seguidorPagina
insert into seguidorPagina (seguidorPaginaId, paginaId, mascotaId) values (1, 27, 71);
insert into seguidorPagina (seguidorPaginaId, paginaId, mascotaId) values (2, 83, 41);
insert into seguidorPagina (seguidorPaginaId, paginaId, mascotaId) values (3, 16, 58);
insert into seguidorPagina (seguidorPaginaId, paginaId, mascotaId) values (4, 50, 44);
insert into seguidorPagina (seguidorPaginaId, paginaId, mascotaId) values (5, 25, 1);
insert into seguidorPagina (seguidorPaginaId, paginaId, mascotaId) values (6, 38, 56);
insert into seguidorPagina (seguidorPaginaId, paginaId, mascotaId) values (7, 37, 2);
insert into seguidorPagina (seguidorPaginaId, paginaId, mascotaId) values (8, 14, 52);
insert into seguidorPagina (seguidorPaginaId, paginaId, mascotaId) values (9, 37, 14);
insert into seguidorPagina (seguidorPaginaId, paginaId, mascotaId) values (10, 25, 45);
insert into seguidorPagina (seguidorPaginaId, paginaId, mascotaId) values (11, 90, 25);
insert into seguidorPagina (seguidorPaginaId, paginaId, mascotaId) values (12, 78, 38);
insert into seguidorPagina (seguidorPaginaId, paginaId, mascotaId) values (13, 72, 93);
insert into seguidorPagina (seguidorPaginaId, paginaId, mascotaId) values (14, 96, 27);
insert into seguidorPagina (seguidorPaginaId, paginaId, mascotaId) values (15, 17, 31);
insert into seguidorPagina (seguidorPaginaId, paginaId, mascotaId) values (16, 55, 64);
insert into seguidorPagina (seguidorPaginaId, paginaId, mascotaId) values (17, 78, 77);
insert into seguidorPagina (seguidorPaginaId, paginaId, mascotaId) values (18, 41, 51);
insert into seguidorPagina (seguidorPaginaId, paginaId, mascotaId) values (19, 13, 15);
insert into seguidorPagina (seguidorPaginaId, paginaId, mascotaId) values (20, 69, 100);
insert into seguidorPagina (seguidorPaginaId, paginaId, mascotaId) values (21, 60, 16);
insert into seguidorPagina (seguidorPaginaId, paginaId, mascotaId) values (22, 51, 29);
insert into seguidorPagina (seguidorPaginaId, paginaId, mascotaId) values (23, 48, 83);
insert into seguidorPagina (seguidorPaginaId, paginaId, mascotaId) values (24, 61, 26);
insert into seguidorPagina (seguidorPaginaId, paginaId, mascotaId) values (25, 85, 45);
insert into seguidorPagina (seguidorPaginaId, paginaId, mascotaId) values (26, 77, 58);
insert into seguidorPagina (seguidorPaginaId, paginaId, mascotaId) values (27, 98, 87);
insert into seguidorPagina (seguidorPaginaId, paginaId, mascotaId) values (28, 13, 23);
insert into seguidorPagina (seguidorPaginaId, paginaId, mascotaId) values (29, 70, 29);
insert into seguidorPagina (seguidorPaginaId, paginaId, mascotaId) values (30, 98, 20);
insert into seguidorPagina (seguidorPaginaId, paginaId, mascotaId) values (31, 14, 86);
insert into seguidorPagina (seguidorPaginaId, paginaId, mascotaId) values (32, 50, 50);
insert into seguidorPagina (seguidorPaginaId, paginaId, mascotaId) values (33, 62, 13);
insert into seguidorPagina (seguidorPaginaId, paginaId, mascotaId) values (34, 53, 59);
insert into seguidorPagina (seguidorPaginaId, paginaId, mascotaId) values (35, 74, 83);
insert into seguidorPagina (seguidorPaginaId, paginaId, mascotaId) values (36, 1, 75);
insert into seguidorPagina (seguidorPaginaId, paginaId, mascotaId) values (37, 52, 8);
insert into seguidorPagina (seguidorPaginaId, paginaId, mascotaId) values (38, 65, 8);
insert into seguidorPagina (seguidorPaginaId, paginaId, mascotaId) values (39, 28, 4);
insert into seguidorPagina (seguidorPaginaId, paginaId, mascotaId) values (40, 72, 4);
insert into seguidorPagina (seguidorPaginaId, paginaId, mascotaId) values (41, 5, 75);
insert into seguidorPagina (seguidorPaginaId, paginaId, mascotaId) values (42, 17, 35);
insert into seguidorPagina (seguidorPaginaId, paginaId, mascotaId) values (43, 95, 92);
insert into seguidorPagina (seguidorPaginaId, paginaId, mascotaId) values (44, 84, 11);
insert into seguidorPagina (seguidorPaginaId, paginaId, mascotaId) values (45, 73, 74);
insert into seguidorPagina (seguidorPaginaId, paginaId, mascotaId) values (46, 46, 5);
insert into seguidorPagina (seguidorPaginaId, paginaId, mascotaId) values (47, 20, 66);
insert into seguidorPagina (seguidorPaginaId, paginaId, mascotaId) values (48, 21, 24);
insert into seguidorPagina (seguidorPaginaId, paginaId, mascotaId) values (49, 31, 19);
insert into seguidorPagina (seguidorPaginaId, paginaId, mascotaId) values (50, 15, 46);
insert into seguidorPagina (seguidorPaginaId, paginaId, mascotaId) values (51, 12, 43);
insert into seguidorPagina (seguidorPaginaId, paginaId, mascotaId) values (52, 37, 8);
insert into seguidorPagina (seguidorPaginaId, paginaId, mascotaId) values (53, 7, 98);
insert into seguidorPagina (seguidorPaginaId, paginaId, mascotaId) values (54, 49, 11);
insert into seguidorPagina (seguidorPaginaId, paginaId, mascotaId) values (55, 58, 64);
insert into seguidorPagina (seguidorPaginaId, paginaId, mascotaId) values (56, 92, 17);
insert into seguidorPagina (seguidorPaginaId, paginaId, mascotaId) values (57, 7, 6);
insert into seguidorPagina (seguidorPaginaId, paginaId, mascotaId) values (58, 67, 79);
insert into seguidorPagina (seguidorPaginaId, paginaId, mascotaId) values (59, 57, 24);
insert into seguidorPagina (seguidorPaginaId, paginaId, mascotaId) values (60, 11, 95);
insert into seguidorPagina (seguidorPaginaId, paginaId, mascotaId) values (61, 19, 10);
insert into seguidorPagina (seguidorPaginaId, paginaId, mascotaId) values (62, 87, 32);
insert into seguidorPagina (seguidorPaginaId, paginaId, mascotaId) values (63, 81, 48);
insert into seguidorPagina (seguidorPaginaId, paginaId, mascotaId) values (64, 33, 60);
insert into seguidorPagina (seguidorPaginaId, paginaId, mascotaId) values (65, 24, 65);
insert into seguidorPagina (seguidorPaginaId, paginaId, mascotaId) values (66, 100, 100);
insert into seguidorPagina (seguidorPaginaId, paginaId, mascotaId) values (67, 30, 31);
insert into seguidorPagina (seguidorPaginaId, paginaId, mascotaId) values (68, 14, 84);
insert into seguidorPagina (seguidorPaginaId, paginaId, mascotaId) values (69, 79, 11);
insert into seguidorPagina (seguidorPaginaId, paginaId, mascotaId) values (70, 9, 73);
insert into seguidorPagina (seguidorPaginaId, paginaId, mascotaId) values (71, 80, 35);
insert into seguidorPagina (seguidorPaginaId, paginaId, mascotaId) values (72, 32, 59);
insert into seguidorPagina (seguidorPaginaId, paginaId, mascotaId) values (73, 32, 75);
insert into seguidorPagina (seguidorPaginaId, paginaId, mascotaId) values (74, 30, 6);
insert into seguidorPagina (seguidorPaginaId, paginaId, mascotaId) values (75, 99, 90);
insert into seguidorPagina (seguidorPaginaId, paginaId, mascotaId) values (76, 25, 66);
insert into seguidorPagina (seguidorPaginaId, paginaId, mascotaId) values (77, 71, 34);
insert into seguidorPagina (seguidorPaginaId, paginaId, mascotaId) values (78, 99, 82);
insert into seguidorPagina (seguidorPaginaId, paginaId, mascotaId) values (79, 50, 93);
insert into seguidorPagina (seguidorPaginaId, paginaId, mascotaId) values (80, 13, 33);
insert into seguidorPagina (seguidorPaginaId, paginaId, mascotaId) values (81, 48, 52);
insert into seguidorPagina (seguidorPaginaId, paginaId, mascotaId) values (82, 6, 97);
insert into seguidorPagina (seguidorPaginaId, paginaId, mascotaId) values (83, 30, 55);
insert into seguidorPagina (seguidorPaginaId, paginaId, mascotaId) values (84, 55, 8);
insert into seguidorPagina (seguidorPaginaId, paginaId, mascotaId) values (85, 6, 72);
insert into seguidorPagina (seguidorPaginaId, paginaId, mascotaId) values (86, 84, 58);
insert into seguidorPagina (seguidorPaginaId, paginaId, mascotaId) values (87, 61, 24);
insert into seguidorPagina (seguidorPaginaId, paginaId, mascotaId) values (88, 7, 37);
insert into seguidorPagina (seguidorPaginaId, paginaId, mascotaId) values (89, 70, 65);
insert into seguidorPagina (seguidorPaginaId, paginaId, mascotaId) values (90, 100, 62);
insert into seguidorPagina (seguidorPaginaId, paginaId, mascotaId) values (91, 89, 50);
insert into seguidorPagina (seguidorPaginaId, paginaId, mascotaId) values (92, 26, 12);
insert into seguidorPagina (seguidorPaginaId, paginaId, mascotaId) values (93, 84, 15);
insert into seguidorPagina (seguidorPaginaId, paginaId, mascotaId) values (94, 1, 39);
insert into seguidorPagina (seguidorPaginaId, paginaId, mascotaId) values (95, 85, 99);
insert into seguidorPagina (seguidorPaginaId, paginaId, mascotaId) values (96, 5, 12);
insert into seguidorPagina (seguidorPaginaId, paginaId, mascotaId) values (97, 89, 98);
insert into seguidorPagina (seguidorPaginaId, paginaId, mascotaId) values (98, 3, 5);
insert into seguidorPagina (seguidorPaginaId, paginaId, mascotaId) values (99, 80, 55);
insert into seguidorPagina (seguidorPaginaId, paginaId, mascotaId) values (100, 39, 19);
insert into seguidorPagina (seguidorPaginaId, paginaId, mascotaId) values (101, 23, 76);
insert into seguidorPagina (seguidorPaginaId, paginaId, mascotaId) values (102, 75, 82);
insert into seguidorPagina (seguidorPaginaId, paginaId, mascotaId) values (103, 32, 14);
insert into seguidorPagina (seguidorPaginaId, paginaId, mascotaId) values (104, 39, 4);
insert into seguidorPagina (seguidorPaginaId, paginaId, mascotaId) values (105, 87, 43);
insert into seguidorPagina (seguidorPaginaId, paginaId, mascotaId) values (106, 69, 15);
insert into seguidorPagina (seguidorPaginaId, paginaId, mascotaId) values (107, 45, 70);
insert into seguidorPagina (seguidorPaginaId, paginaId, mascotaId) values (108, 79, 22);
insert into seguidorPagina (seguidorPaginaId, paginaId, mascotaId) values (109, 65, 65);
insert into seguidorPagina (seguidorPaginaId, paginaId, mascotaId) values (110, 64, 57);
insert into seguidorPagina (seguidorPaginaId, paginaId, mascotaId) values (111, 30, 67);
insert into seguidorPagina (seguidorPaginaId, paginaId, mascotaId) values (112, 79, 89);
insert into seguidorPagina (seguidorPaginaId, paginaId, mascotaId) values (113, 72, 92);
insert into seguidorPagina (seguidorPaginaId, paginaId, mascotaId) values (114, 2, 46);
insert into seguidorPagina (seguidorPaginaId, paginaId, mascotaId) values (115, 68, 87);
insert into seguidorPagina (seguidorPaginaId, paginaId, mascotaId) values (116, 93, 11);
insert into seguidorPagina (seguidorPaginaId, paginaId, mascotaId) values (117, 51, 56);
insert into seguidorPagina (seguidorPaginaId, paginaId, mascotaId) values (118, 18, 52);
insert into seguidorPagina (seguidorPaginaId, paginaId, mascotaId) values (119, 30, 63);
insert into seguidorPagina (seguidorPaginaId, paginaId, mascotaId) values (120, 13, 54);
insert into seguidorPagina (seguidorPaginaId, paginaId, mascotaId) values (121, 59, 78);
insert into seguidorPagina (seguidorPaginaId, paginaId, mascotaId) values (122, 21, 23);
insert into seguidorPagina (seguidorPaginaId, paginaId, mascotaId) values (123, 34, 61);
insert into seguidorPagina (seguidorPaginaId, paginaId, mascotaId) values (124, 4, 93);
insert into seguidorPagina (seguidorPaginaId, paginaId, mascotaId) values (125, 9, 51);
insert into seguidorPagina (seguidorPaginaId, paginaId, mascotaId) values (126, 99, 51);
insert into seguidorPagina (seguidorPaginaId, paginaId, mascotaId) values (127, 1, 89);
insert into seguidorPagina (seguidorPaginaId, paginaId, mascotaId) values (128, 37, 63);
insert into seguidorPagina (seguidorPaginaId, paginaId, mascotaId) values (129, 14, 92);
insert into seguidorPagina (seguidorPaginaId, paginaId, mascotaId) values (130, 27, 59);
insert into seguidorPagina (seguidorPaginaId, paginaId, mascotaId) values (131, 19, 77);
insert into seguidorPagina (seguidorPaginaId, paginaId, mascotaId) values (132, 50, 83);
insert into seguidorPagina (seguidorPaginaId, paginaId, mascotaId) values (133, 56, 16);
insert into seguidorPagina (seguidorPaginaId, paginaId, mascotaId) values (134, 60, 96);
insert into seguidorPagina (seguidorPaginaId, paginaId, mascotaId) values (135, 32, 62);
insert into seguidorPagina (seguidorPaginaId, paginaId, mascotaId) values (136, 81, 42);
insert into seguidorPagina (seguidorPaginaId, paginaId, mascotaId) values (137, 90, 23);
insert into seguidorPagina (seguidorPaginaId, paginaId, mascotaId) values (138, 67, 31);
insert into seguidorPagina (seguidorPaginaId, paginaId, mascotaId) values (139, 29, 12);
insert into seguidorPagina (seguidorPaginaId, paginaId, mascotaId) values (140, 1, 79);
insert into seguidorPagina (seguidorPaginaId, paginaId, mascotaId) values (141, 99, 56);
insert into seguidorPagina (seguidorPaginaId, paginaId, mascotaId) values (142, 38, 45);
insert into seguidorPagina (seguidorPaginaId, paginaId, mascotaId) values (143, 64, 87);
insert into seguidorPagina (seguidorPaginaId, paginaId, mascotaId) values (144, 48, 65);
insert into seguidorPagina (seguidorPaginaId, paginaId, mascotaId) values (145, 48, 87);
insert into seguidorPagina (seguidorPaginaId, paginaId, mascotaId) values (146, 52, 86);
insert into seguidorPagina (seguidorPaginaId, paginaId, mascotaId) values (147, 36, 87);
insert into seguidorPagina (seguidorPaginaId, paginaId, mascotaId) values (148, 42, 14);
insert into seguidorPagina (seguidorPaginaId, paginaId, mascotaId) values (149, 9, 49);
insert into seguidorPagina (seguidorPaginaId, paginaId, mascotaId) values (150, 78, 43);
insert into seguidorPagina (seguidorPaginaId, paginaId, mascotaId) values (151, 46, 72);
insert into seguidorPagina (seguidorPaginaId, paginaId, mascotaId) values (152, 61, 28);
insert into seguidorPagina (seguidorPaginaId, paginaId, mascotaId) values (153, 38, 7);
insert into seguidorPagina (seguidorPaginaId, paginaId, mascotaId) values (154, 93, 39);
insert into seguidorPagina (seguidorPaginaId, paginaId, mascotaId) values (155, 58, 10);
insert into seguidorPagina (seguidorPaginaId, paginaId, mascotaId) values (156, 14, 100);
insert into seguidorPagina (seguidorPaginaId, paginaId, mascotaId) values (157, 30, 15);
insert into seguidorPagina (seguidorPaginaId, paginaId, mascotaId) values (158, 99, 46);
insert into seguidorPagina (seguidorPaginaId, paginaId, mascotaId) values (159, 71, 30);
insert into seguidorPagina (seguidorPaginaId, paginaId, mascotaId) values (160, 16, 44);
insert into seguidorPagina (seguidorPaginaId, paginaId, mascotaId) values (161, 53, 22);
insert into seguidorPagina (seguidorPaginaId, paginaId, mascotaId) values (162, 17, 19);
insert into seguidorPagina (seguidorPaginaId, paginaId, mascotaId) values (163, 17, 56);
insert into seguidorPagina (seguidorPaginaId, paginaId, mascotaId) values (164, 3, 24);
insert into seguidorPagina (seguidorPaginaId, paginaId, mascotaId) values (165, 3, 36);
insert into seguidorPagina (seguidorPaginaId, paginaId, mascotaId) values (166, 90, 51);
insert into seguidorPagina (seguidorPaginaId, paginaId, mascotaId) values (167, 74, 45);
insert into seguidorPagina (seguidorPaginaId, paginaId, mascotaId) values (168, 1, 1);
insert into seguidorPagina (seguidorPaginaId, paginaId, mascotaId) values (169, 21, 81);
insert into seguidorPagina (seguidorPaginaId, paginaId, mascotaId) values (170, 87, 97);
insert into seguidorPagina (seguidorPaginaId, paginaId, mascotaId) values (171, 38, 79);
insert into seguidorPagina (seguidorPaginaId, paginaId, mascotaId) values (172, 12, 48);
insert into seguidorPagina (seguidorPaginaId, paginaId, mascotaId) values (173, 42, 77);
insert into seguidorPagina (seguidorPaginaId, paginaId, mascotaId) values (174, 88, 40);
insert into seguidorPagina (seguidorPaginaId, paginaId, mascotaId) values (175, 2, 1);
insert into seguidorPagina (seguidorPaginaId, paginaId, mascotaId) values (176, 4, 45);
insert into seguidorPagina (seguidorPaginaId, paginaId, mascotaId) values (177, 91, 81);
insert into seguidorPagina (seguidorPaginaId, paginaId, mascotaId) values (178, 99, 89);
insert into seguidorPagina (seguidorPaginaId, paginaId, mascotaId) values (179, 60, 7);
insert into seguidorPagina (seguidorPaginaId, paginaId, mascotaId) values (180, 66, 6);
insert into seguidorPagina (seguidorPaginaId, paginaId, mascotaId) values (181, 95, 54);
insert into seguidorPagina (seguidorPaginaId, paginaId, mascotaId) values (182, 9, 24);
insert into seguidorPagina (seguidorPaginaId, paginaId, mascotaId) values (183, 17, 12);
insert into seguidorPagina (seguidorPaginaId, paginaId, mascotaId) values (184, 24, 94);
insert into seguidorPagina (seguidorPaginaId, paginaId, mascotaId) values (185, 81, 76);
insert into seguidorPagina (seguidorPaginaId, paginaId, mascotaId) values (186, 12, 12);
insert into seguidorPagina (seguidorPaginaId, paginaId, mascotaId) values (187, 7, 100);
insert into seguidorPagina (seguidorPaginaId, paginaId, mascotaId) values (188, 31, 27);
insert into seguidorPagina (seguidorPaginaId, paginaId, mascotaId) values (189, 26, 84);
insert into seguidorPagina (seguidorPaginaId, paginaId, mascotaId) values (190, 87, 93);
insert into seguidorPagina (seguidorPaginaId, paginaId, mascotaId) values (191, 22, 91);
insert into seguidorPagina (seguidorPaginaId, paginaId, mascotaId) values (192, 66, 46);
insert into seguidorPagina (seguidorPaginaId, paginaId, mascotaId) values (193, 46, 65);
insert into seguidorPagina (seguidorPaginaId, paginaId, mascotaId) values (194, 95, 32);
insert into seguidorPagina (seguidorPaginaId, paginaId, mascotaId) values (195, 26, 42);
insert into seguidorPagina (seguidorPaginaId, paginaId, mascotaId) values (196, 48, 19);
insert into seguidorPagina (seguidorPaginaId, paginaId, mascotaId) values (197, 45, 95);
insert into seguidorPagina (seguidorPaginaId, paginaId, mascotaId) values (198, 18, 88);
insert into seguidorPagina (seguidorPaginaId, paginaId, mascotaId) values (199, 72, 44);
insert into seguidorPagina (seguidorPaginaId, paginaId, mascotaId) values (200, 70, 73);
insert into seguidorPagina (seguidorPaginaId, paginaId, mascotaId) values (201, 48, 68);
insert into seguidorPagina (seguidorPaginaId, paginaId, mascotaId) values (202, 47, 91);
insert into seguidorPagina (seguidorPaginaId, paginaId, mascotaId) values (203, 38, 90);
insert into seguidorPagina (seguidorPaginaId, paginaId, mascotaId) values (204, 2, 13);
insert into seguidorPagina (seguidorPaginaId, paginaId, mascotaId) values (205, 91, 23);
insert into seguidorPagina (seguidorPaginaId, paginaId, mascotaId) values (206, 68, 76);
insert into seguidorPagina (seguidorPaginaId, paginaId, mascotaId) values (207, 24, 70);
insert into seguidorPagina (seguidorPaginaId, paginaId, mascotaId) values (208, 51, 81);
insert into seguidorPagina (seguidorPaginaId, paginaId, mascotaId) values (209, 68, 62);
insert into seguidorPagina (seguidorPaginaId, paginaId, mascotaId) values (210, 5, 80);
insert into seguidorPagina (seguidorPaginaId, paginaId, mascotaId) values (211, 8, 72);
insert into seguidorPagina (seguidorPaginaId, paginaId, mascotaId) values (212, 76, 39);
insert into seguidorPagina (seguidorPaginaId, paginaId, mascotaId) values (213, 19, 9);
insert into seguidorPagina (seguidorPaginaId, paginaId, mascotaId) values (214, 57, 79);
insert into seguidorPagina (seguidorPaginaId, paginaId, mascotaId) values (215, 42, 95);
insert into seguidorPagina (seguidorPaginaId, paginaId, mascotaId) values (216, 32, 26);
insert into seguidorPagina (seguidorPaginaId, paginaId, mascotaId) values (217, 84, 3);
insert into seguidorPagina (seguidorPaginaId, paginaId, mascotaId) values (218, 42, 84);
insert into seguidorPagina (seguidorPaginaId, paginaId, mascotaId) values (219, 65, 49);
insert into seguidorPagina (seguidorPaginaId, paginaId, mascotaId) values (220, 89, 17);
insert into seguidorPagina (seguidorPaginaId, paginaId, mascotaId) values (221, 89, 65);
insert into seguidorPagina (seguidorPaginaId, paginaId, mascotaId) values (222, 23, 62);
insert into seguidorPagina (seguidorPaginaId, paginaId, mascotaId) values (223, 39, 62);
insert into seguidorPagina (seguidorPaginaId, paginaId, mascotaId) values (224, 16, 70);
insert into seguidorPagina (seguidorPaginaId, paginaId, mascotaId) values (225, 17, 17);
insert into seguidorPagina (seguidorPaginaId, paginaId, mascotaId) values (226, 63, 95);
insert into seguidorPagina (seguidorPaginaId, paginaId, mascotaId) values (227, 94, 90);
insert into seguidorPagina (seguidorPaginaId, paginaId, mascotaId) values (228, 35, 82);
insert into seguidorPagina (seguidorPaginaId, paginaId, mascotaId) values (229, 85, 1);
insert into seguidorPagina (seguidorPaginaId, paginaId, mascotaId) values (230, 85, 34);
insert into seguidorPagina (seguidorPaginaId, paginaId, mascotaId) values (231, 75, 7);
insert into seguidorPagina (seguidorPaginaId, paginaId, mascotaId) values (232, 66, 77);
insert into seguidorPagina (seguidorPaginaId, paginaId, mascotaId) values (233, 100, 75);
insert into seguidorPagina (seguidorPaginaId, paginaId, mascotaId) values (234, 31, 82);
insert into seguidorPagina (seguidorPaginaId, paginaId, mascotaId) values (235, 42, 17);
insert into seguidorPagina (seguidorPaginaId, paginaId, mascotaId) values (236, 12, 82);
insert into seguidorPagina (seguidorPaginaId, paginaId, mascotaId) values (237, 80, 26);
insert into seguidorPagina (seguidorPaginaId, paginaId, mascotaId) values (238, 10, 100);
insert into seguidorPagina (seguidorPaginaId, paginaId, mascotaId) values (239, 42, 3);
insert into seguidorPagina (seguidorPaginaId, paginaId, mascotaId) values (240, 18, 80);
insert into seguidorPagina (seguidorPaginaId, paginaId, mascotaId) values (241, 33, 26);
insert into seguidorPagina (seguidorPaginaId, paginaId, mascotaId) values (242, 12, 29);
insert into seguidorPagina (seguidorPaginaId, paginaId, mascotaId) values (243, 67, 91);
insert into seguidorPagina (seguidorPaginaId, paginaId, mascotaId) values (244, 48, 74);
insert into seguidorPagina (seguidorPaginaId, paginaId, mascotaId) values (245, 6, 66);
insert into seguidorPagina (seguidorPaginaId, paginaId, mascotaId) values (246, 32, 30);
insert into seguidorPagina (seguidorPaginaId, paginaId, mascotaId) values (247, 88, 10);
insert into seguidorPagina (seguidorPaginaId, paginaId, mascotaId) values (248, 62, 46);
insert into seguidorPagina (seguidorPaginaId, paginaId, mascotaId) values (249, 13, 99);
insert into seguidorPagina (seguidorPaginaId, paginaId, mascotaId) values (250, 42, 15);
insert into seguidorPagina (seguidorPaginaId, paginaId, mascotaId) values (251, 66, 65);
insert into seguidorPagina (seguidorPaginaId, paginaId, mascotaId) values (252, 83, 39);
insert into seguidorPagina (seguidorPaginaId, paginaId, mascotaId) values (253, 81, 41);
insert into seguidorPagina (seguidorPaginaId, paginaId, mascotaId) values (254, 71, 2);
insert into seguidorPagina (seguidorPaginaId, paginaId, mascotaId) values (255, 96, 91);
insert into seguidorPagina (seguidorPaginaId, paginaId, mascotaId) values (256, 97, 63);
insert into seguidorPagina (seguidorPaginaId, paginaId, mascotaId) values (257, 99, 22);
insert into seguidorPagina (seguidorPaginaId, paginaId, mascotaId) values (258, 43, 20);
insert into seguidorPagina (seguidorPaginaId, paginaId, mascotaId) values (259, 8, 34);
insert into seguidorPagina (seguidorPaginaId, paginaId, mascotaId) values (260, 28, 68);
insert into seguidorPagina (seguidorPaginaId, paginaId, mascotaId) values (261, 39, 86);
insert into seguidorPagina (seguidorPaginaId, paginaId, mascotaId) values (262, 23, 6);
insert into seguidorPagina (seguidorPaginaId, paginaId, mascotaId) values (263, 21, 39);
insert into seguidorPagina (seguidorPaginaId, paginaId, mascotaId) values (264, 87, 87);
insert into seguidorPagina (seguidorPaginaId, paginaId, mascotaId) values (265, 52, 5);
insert into seguidorPagina (seguidorPaginaId, paginaId, mascotaId) values (266, 37, 79);
insert into seguidorPagina (seguidorPaginaId, paginaId, mascotaId) values (267, 78, 19);
insert into seguidorPagina (seguidorPaginaId, paginaId, mascotaId) values (268, 84, 1);
insert into seguidorPagina (seguidorPaginaId, paginaId, mascotaId) values (269, 71, 7);
insert into seguidorPagina (seguidorPaginaId, paginaId, mascotaId) values (270, 33, 49);
insert into seguidorPagina (seguidorPaginaId, paginaId, mascotaId) values (271, 14, 43);
insert into seguidorPagina (seguidorPaginaId, paginaId, mascotaId) values (272, 75, 64);
insert into seguidorPagina (seguidorPaginaId, paginaId, mascotaId) values (273, 18, 32);
insert into seguidorPagina (seguidorPaginaId, paginaId, mascotaId) values (274, 94, 17);
insert into seguidorPagina (seguidorPaginaId, paginaId, mascotaId) values (275, 48, 37);
insert into seguidorPagina (seguidorPaginaId, paginaId, mascotaId) values (276, 97, 8);
insert into seguidorPagina (seguidorPaginaId, paginaId, mascotaId) values (277, 59, 67);
insert into seguidorPagina (seguidorPaginaId, paginaId, mascotaId) values (278, 16, 98);
insert into seguidorPagina (seguidorPaginaId, paginaId, mascotaId) values (279, 81, 36);
insert into seguidorPagina (seguidorPaginaId, paginaId, mascotaId) values (280, 34, 41);
insert into seguidorPagina (seguidorPaginaId, paginaId, mascotaId) values (281, 83, 49);
insert into seguidorPagina (seguidorPaginaId, paginaId, mascotaId) values (282, 100, 80);
insert into seguidorPagina (seguidorPaginaId, paginaId, mascotaId) values (283, 6, 98);
insert into seguidorPagina (seguidorPaginaId, paginaId, mascotaId) values (284, 47, 17);
insert into seguidorPagina (seguidorPaginaId, paginaId, mascotaId) values (285, 36, 92);
insert into seguidorPagina (seguidorPaginaId, paginaId, mascotaId) values (286, 79, 80);
insert into seguidorPagina (seguidorPaginaId, paginaId, mascotaId) values (287, 53, 15);
insert into seguidorPagina (seguidorPaginaId, paginaId, mascotaId) values (288, 2, 78);
insert into seguidorPagina (seguidorPaginaId, paginaId, mascotaId) values (289, 44, 58);
insert into seguidorPagina (seguidorPaginaId, paginaId, mascotaId) values (290, 98, 14);
insert into seguidorPagina (seguidorPaginaId, paginaId, mascotaId) values (291, 16, 46);
insert into seguidorPagina (seguidorPaginaId, paginaId, mascotaId) values (292, 92, 33);
insert into seguidorPagina (seguidorPaginaId, paginaId, mascotaId) values (293, 100, 35);
insert into seguidorPagina (seguidorPaginaId, paginaId, mascotaId) values (294, 28, 18);
insert into seguidorPagina (seguidorPaginaId, paginaId, mascotaId) values (295, 64, 27);
insert into seguidorPagina (seguidorPaginaId, paginaId, mascotaId) values (296, 99, 80);
insert into seguidorPagina (seguidorPaginaId, paginaId, mascotaId) values (297, 10, 85);
insert into seguidorPagina (seguidorPaginaId, paginaId, mascotaId) values (298, 85, 43);
insert into seguidorPagina (seguidorPaginaId, paginaId, mascotaId) values (299, 29, 2);
insert into seguidorPagina (seguidorPaginaId, paginaId, mascotaId) values (300, 21, 21);

-- Datos mensajePagina
insert into mensajePagina (mensajePaginaId, paginaId, mascotaId, remitente, contenido, fechaEnvio) values (1, 41, 45, 'Pagina', 'mensaje 1', '2023-12-05 16:04:43');
insert into mensajePagina (mensajePaginaId, paginaId, mascotaId, remitente, contenido, fechaEnvio) values (2, 66, 31, 'Mascota', 'mensaje 2', '2023-09-10 00:22:28');
insert into mensajePagina (mensajePaginaId, paginaId, mascotaId, remitente, contenido, fechaEnvio) values (3, 13, 45, 'Pagina', 'mensaje 3', '2023-11-24 09:24:51');
insert into mensajePagina (mensajePaginaId, paginaId, mascotaId, remitente, contenido, fechaEnvio) values (4, 74, 87, 'Mascota', 'mensaje 4', '2022-08-21 01:09:56');
insert into mensajePagina (mensajePaginaId, paginaId, mascotaId, remitente, contenido, fechaEnvio) values (5, 34, 23, 'Mascota', 'mensaje 5', '2023-12-03 00:48:46');
insert into mensajePagina (mensajePaginaId, paginaId, mascotaId, remitente, contenido, fechaEnvio) values (6, 42, 42, 'Mascota', 'mensaje 6', '2022-12-24 20:37:36');
insert into mensajePagina (mensajePaginaId, paginaId, mascotaId, remitente, contenido, fechaEnvio) values (7, 33, 14, 'Pagina', 'mensaje 7', '2023-06-29 02:51:16');
insert into mensajePagina (mensajePaginaId, paginaId, mascotaId, remitente, contenido, fechaEnvio) values (8, 21, 11, 'Pagina', 'mensaje 8', '2022-12-21 10:58:20');
insert into mensajePagina (mensajePaginaId, paginaId, mascotaId, remitente, contenido, fechaEnvio) values (9, 79, 83, 'Mascota', 'mensaje 9', '2023-10-16 04:05:08');
insert into mensajePagina (mensajePaginaId, paginaId, mascotaId, remitente, contenido, fechaEnvio) values (10, 98, 18, 'Mascota', 'mensaje 10', '2023-08-10 07:22:45');
insert into mensajePagina (mensajePaginaId, paginaId, mascotaId, remitente, contenido, fechaEnvio) values (11, 90, 20, 'Pagina', 'mensaje 11', '2023-09-19 22:14:58');
insert into mensajePagina (mensajePaginaId, paginaId, mascotaId, remitente, contenido, fechaEnvio) values (12, 37, 12, 'Pagina', 'mensaje 12', '2022-11-07 01:59:38');
insert into mensajePagina (mensajePaginaId, paginaId, mascotaId, remitente, contenido, fechaEnvio) values (13, 75, 58, 'Mascota', 'mensaje 13', '2023-11-16 22:58:56');
insert into mensajePagina (mensajePaginaId, paginaId, mascotaId, remitente, contenido, fechaEnvio) values (14, 78, 30, 'Pagina', 'mensaje 14', '2023-02-07 22:24:43');
insert into mensajePagina (mensajePaginaId, paginaId, mascotaId, remitente, contenido, fechaEnvio) values (15, 44, 75, 'Mascota', 'mensaje 15', '2023-07-25 21:57:31');
insert into mensajePagina (mensajePaginaId, paginaId, mascotaId, remitente, contenido, fechaEnvio) values (16, 35, 43, 'Mascota', 'mensaje 16', '2022-05-28 06:56:26');
insert into mensajePagina (mensajePaginaId, paginaId, mascotaId, remitente, contenido, fechaEnvio) values (17, 77, 55, 'Pagina', 'mensaje 17', '2023-09-21 19:32:38');
insert into mensajePagina (mensajePaginaId, paginaId, mascotaId, remitente, contenido, fechaEnvio) values (18, 84, 35, 'Mascota', 'mensaje 18', '2023-07-01 15:37:43');
insert into mensajePagina (mensajePaginaId, paginaId, mascotaId, remitente, contenido, fechaEnvio) values (19, 54, 82, 'Pagina', 'mensaje 19', '2023-03-11 10:07:53');
insert into mensajePagina (mensajePaginaId, paginaId, mascotaId, remitente, contenido, fechaEnvio) values (20, 52, 89, 'Pagina', 'mensaje 20', '2023-11-18 16:58:13');
insert into mensajePagina (mensajePaginaId, paginaId, mascotaId, remitente, contenido, fechaEnvio) values (21, 75, 77, 'Pagina', 'mensaje 21', '2023-10-15 13:27:27');
insert into mensajePagina (mensajePaginaId, paginaId, mascotaId, remitente, contenido, fechaEnvio) values (22, 69, 12, 'Mascota', 'mensaje 22', '2023-02-24 08:16:35');
insert into mensajePagina (mensajePaginaId, paginaId, mascotaId, remitente, contenido, fechaEnvio) values (23, 67, 93, 'Pagina', 'mensaje 23', '2022-10-07 09:28:26');
insert into mensajePagina (mensajePaginaId, paginaId, mascotaId, remitente, contenido, fechaEnvio) values (24, 15, 57, 'Pagina', 'mensaje 24', '2022-07-06 05:11:17');
insert into mensajePagina (mensajePaginaId, paginaId, mascotaId, remitente, contenido, fechaEnvio) values (25, 38, 90, 'Pagina', 'mensaje 25', '2023-12-28 03:51:13');
insert into mensajePagina (mensajePaginaId, paginaId, mascotaId, remitente, contenido, fechaEnvio) values (26, 6, 32, 'Pagina', 'mensaje 26', '2023-05-26 15:54:04');
insert into mensajePagina (mensajePaginaId, paginaId, mascotaId, remitente, contenido, fechaEnvio) values (27, 88, 95, 'Pagina', 'mensaje 27', '2023-12-29 12:08:51');
insert into mensajePagina (mensajePaginaId, paginaId, mascotaId, remitente, contenido, fechaEnvio) values (28, 81, 3, 'Pagina', 'mensaje 28', '2022-01-21 05:20:07');
insert into mensajePagina (mensajePaginaId, paginaId, mascotaId, remitente, contenido, fechaEnvio) values (29, 17, 13, 'Pagina', 'mensaje 29', '2022-03-31 18:13:29');
insert into mensajePagina (mensajePaginaId, paginaId, mascotaId, remitente, contenido, fechaEnvio) values (30, 16, 49, 'Mascota', 'mensaje 30', '2022-03-19 04:13:35');
insert into mensajePagina (mensajePaginaId, paginaId, mascotaId, remitente, contenido, fechaEnvio) values (31, 52, 59, 'Mascota', 'mensaje 31', '2022-08-06 13:27:29');
insert into mensajePagina (mensajePaginaId, paginaId, mascotaId, remitente, contenido, fechaEnvio) values (32, 19, 97, 'Pagina', 'mensaje 32', '2022-01-06 22:33:12');
insert into mensajePagina (mensajePaginaId, paginaId, mascotaId, remitente, contenido, fechaEnvio) values (33, 90, 73, 'Pagina', 'mensaje 33', '2023-04-08 15:18:43');
insert into mensajePagina (mensajePaginaId, paginaId, mascotaId, remitente, contenido, fechaEnvio) values (34, 21, 87, 'Mascota', 'mensaje 34', '2023-11-09 05:46:23');
insert into mensajePagina (mensajePaginaId, paginaId, mascotaId, remitente, contenido, fechaEnvio) values (35, 99, 4, 'Pagina', 'mensaje 35', '2023-08-05 13:09:21');
insert into mensajePagina (mensajePaginaId, paginaId, mascotaId, remitente, contenido, fechaEnvio) values (36, 3, 96, 'Mascota', 'mensaje 36', '2023-05-13 05:46:03');
insert into mensajePagina (mensajePaginaId, paginaId, mascotaId, remitente, contenido, fechaEnvio) values (37, 57, 96, 'Mascota', 'mensaje 37', '2023-12-27 09:01:44');
insert into mensajePagina (mensajePaginaId, paginaId, mascotaId, remitente, contenido, fechaEnvio) values (38, 76, 5, 'Pagina', 'mensaje 38', '2022-06-12 18:38:39');
insert into mensajePagina (mensajePaginaId, paginaId, mascotaId, remitente, contenido, fechaEnvio) values (39, 38, 97, 'Pagina', 'mensaje 39', '2023-11-25 08:39:09');
insert into mensajePagina (mensajePaginaId, paginaId, mascotaId, remitente, contenido, fechaEnvio) values (40, 62, 57, 'Mascota', 'mensaje 40', '2023-03-16 20:59:57');
insert into mensajePagina (mensajePaginaId, paginaId, mascotaId, remitente, contenido, fechaEnvio) values (41, 22, 45, 'Mascota', 'mensaje 41', '2023-06-30 17:21:38');
insert into mensajePagina (mensajePaginaId, paginaId, mascotaId, remitente, contenido, fechaEnvio) values (42, 92, 45, 'Mascota', 'mensaje 42', '2022-12-23 10:48:31');
insert into mensajePagina (mensajePaginaId, paginaId, mascotaId, remitente, contenido, fechaEnvio) values (43, 16, 65, 'Mascota', 'mensaje 43', '2022-11-24 06:54:40');
insert into mensajePagina (mensajePaginaId, paginaId, mascotaId, remitente, contenido, fechaEnvio) values (44, 98, 59, 'Pagina', 'mensaje 44', '2023-06-09 22:14:04');
insert into mensajePagina (mensajePaginaId, paginaId, mascotaId, remitente, contenido, fechaEnvio) values (45, 100, 33, 'Mascota', 'mensaje 45', '2023-05-31 21:25:41');
insert into mensajePagina (mensajePaginaId, paginaId, mascotaId, remitente, contenido, fechaEnvio) values (46, 39, 88, 'Mascota', 'mensaje 46', '2022-08-20 09:29:04');
insert into mensajePagina (mensajePaginaId, paginaId, mascotaId, remitente, contenido, fechaEnvio) values (47, 84, 82, 'Mascota', 'mensaje 47', '2023-01-12 20:54:26');
insert into mensajePagina (mensajePaginaId, paginaId, mascotaId, remitente, contenido, fechaEnvio) values (48, 68, 15, 'Mascota', 'mensaje 48', '2022-04-17 11:48:05');
insert into mensajePagina (mensajePaginaId, paginaId, mascotaId, remitente, contenido, fechaEnvio) values (49, 18, 83, 'Pagina', 'mensaje 49', '2022-07-06 06:01:12');
insert into mensajePagina (mensajePaginaId, paginaId, mascotaId, remitente, contenido, fechaEnvio) values (50, 95, 20, 'Mascota', 'mensaje 50', '2022-02-20 23:53:27');
insert into mensajePagina (mensajePaginaId, paginaId, mascotaId, remitente, contenido, fechaEnvio) values (51, 65, 46, 'Mascota', 'mensaje 51', '2023-06-28 05:25:09');
insert into mensajePagina (mensajePaginaId, paginaId, mascotaId, remitente, contenido, fechaEnvio) values (52, 28, 14, 'Mascota', 'mensaje 52', '2023-09-23 21:54:34');
insert into mensajePagina (mensajePaginaId, paginaId, mascotaId, remitente, contenido, fechaEnvio) values (53, 83, 4, 'Mascota', 'mensaje 53', '2022-02-05 18:58:33');
insert into mensajePagina (mensajePaginaId, paginaId, mascotaId, remitente, contenido, fechaEnvio) values (54, 71, 63, 'Pagina', 'mensaje 54', '2023-06-16 17:11:58');
insert into mensajePagina (mensajePaginaId, paginaId, mascotaId, remitente, contenido, fechaEnvio) values (55, 96, 22, 'Mascota', 'mensaje 55', '2023-02-21 05:30:48');
insert into mensajePagina (mensajePaginaId, paginaId, mascotaId, remitente, contenido, fechaEnvio) values (56, 29, 50, 'Pagina', 'mensaje 56', '2023-02-14 10:27:19');
insert into mensajePagina (mensajePaginaId, paginaId, mascotaId, remitente, contenido, fechaEnvio) values (57, 1, 31, 'Mascota', 'mensaje 57', '2023-12-05 06:19:20');
insert into mensajePagina (mensajePaginaId, paginaId, mascotaId, remitente, contenido, fechaEnvio) values (58, 10, 32, 'Mascota', 'mensaje 58', '2023-06-10 14:27:57');
insert into mensajePagina (mensajePaginaId, paginaId, mascotaId, remitente, contenido, fechaEnvio) values (59, 1, 7, 'Mascota', 'mensaje 59', '2023-02-25 02:50:01');
insert into mensajePagina (mensajePaginaId, paginaId, mascotaId, remitente, contenido, fechaEnvio) values (60, 55, 29, 'Pagina', 'mensaje 60', '2022-02-18 22:24:27');
insert into mensajePagina (mensajePaginaId, paginaId, mascotaId, remitente, contenido, fechaEnvio) values (61, 3, 46, 'Mascota', 'mensaje 61', '2022-06-30 01:47:30');
insert into mensajePagina (mensajePaginaId, paginaId, mascotaId, remitente, contenido, fechaEnvio) values (62, 34, 69, 'Pagina', 'mensaje 62', '2022-04-28 00:54:03');
insert into mensajePagina (mensajePaginaId, paginaId, mascotaId, remitente, contenido, fechaEnvio) values (63, 2, 65, 'Pagina', 'mensaje 63', '2022-09-22 03:36:50');
insert into mensajePagina (mensajePaginaId, paginaId, mascotaId, remitente, contenido, fechaEnvio) values (64, 23, 32, 'Mascota', 'mensaje 64', '2023-11-10 03:36:48');
insert into mensajePagina (mensajePaginaId, paginaId, mascotaId, remitente, contenido, fechaEnvio) values (65, 85, 68, 'Mascota', 'mensaje 65', '2022-05-12 07:05:58');
insert into mensajePagina (mensajePaginaId, paginaId, mascotaId, remitente, contenido, fechaEnvio) values (66, 96, 60, 'Mascota', 'mensaje 66', '2023-05-21 12:47:48');
insert into mensajePagina (mensajePaginaId, paginaId, mascotaId, remitente, contenido, fechaEnvio) values (67, 9, 54, 'Pagina', 'mensaje 67', '2023-01-04 00:34:57');
insert into mensajePagina (mensajePaginaId, paginaId, mascotaId, remitente, contenido, fechaEnvio) values (68, 61, 97, 'Mascota', 'mensaje 68', '2022-11-13 07:24:19');
insert into mensajePagina (mensajePaginaId, paginaId, mascotaId, remitente, contenido, fechaEnvio) values (69, 26, 41, 'Mascota', 'mensaje 69', '2023-08-21 10:32:45');
insert into mensajePagina (mensajePaginaId, paginaId, mascotaId, remitente, contenido, fechaEnvio) values (70, 15, 59, 'Pagina', 'mensaje 70', '2022-01-01 02:25:20');
insert into mensajePagina (mensajePaginaId, paginaId, mascotaId, remitente, contenido, fechaEnvio) values (71, 71, 43, 'Pagina', 'mensaje 71', '2023-02-06 07:17:39');
insert into mensajePagina (mensajePaginaId, paginaId, mascotaId, remitente, contenido, fechaEnvio) values (72, 93, 78, 'Pagina', 'mensaje 72', '2022-09-08 12:48:56');
insert into mensajePagina (mensajePaginaId, paginaId, mascotaId, remitente, contenido, fechaEnvio) values (73, 61, 19, 'Mascota', 'mensaje 73', '2022-08-25 12:31:15');
insert into mensajePagina (mensajePaginaId, paginaId, mascotaId, remitente, contenido, fechaEnvio) values (74, 80, 37, 'Pagina', 'mensaje 74', '2022-08-30 04:07:55');
insert into mensajePagina (mensajePaginaId, paginaId, mascotaId, remitente, contenido, fechaEnvio) values (75, 52, 20, 'Mascota', 'mensaje 75', '2023-09-28 02:43:07');
insert into mensajePagina (mensajePaginaId, paginaId, mascotaId, remitente, contenido, fechaEnvio) values (76, 51, 30, 'Mascota', 'mensaje 76', '2022-10-04 03:30:43');
insert into mensajePagina (mensajePaginaId, paginaId, mascotaId, remitente, contenido, fechaEnvio) values (77, 19, 34, 'Pagina', 'mensaje 77', '2023-01-30 07:44:20');
insert into mensajePagina (mensajePaginaId, paginaId, mascotaId, remitente, contenido, fechaEnvio) values (78, 3, 23, 'Mascota', 'mensaje 78', '2022-09-20 11:14:59');
insert into mensajePagina (mensajePaginaId, paginaId, mascotaId, remitente, contenido, fechaEnvio) values (79, 15, 26, 'Pagina', 'mensaje 79', '2023-04-20 16:02:19');
insert into mensajePagina (mensajePaginaId, paginaId, mascotaId, remitente, contenido, fechaEnvio) values (80, 42, 30, 'Mascota', 'mensaje 80', '2022-02-02 17:48:48');
insert into mensajePagina (mensajePaginaId, paginaId, mascotaId, remitente, contenido, fechaEnvio) values (81, 25, 95, 'Mascota', 'mensaje 81', '2022-03-30 09:02:01');
insert into mensajePagina (mensajePaginaId, paginaId, mascotaId, remitente, contenido, fechaEnvio) values (82, 78, 81, 'Mascota', 'mensaje 82', '2023-09-12 09:50:13');
insert into mensajePagina (mensajePaginaId, paginaId, mascotaId, remitente, contenido, fechaEnvio) values (83, 79, 29, 'Pagina', 'mensaje 83', '2023-04-24 18:01:30');
insert into mensajePagina (mensajePaginaId, paginaId, mascotaId, remitente, contenido, fechaEnvio) values (84, 20, 8, 'Mascota', 'mensaje 84', '2022-01-04 11:23:05');
insert into mensajePagina (mensajePaginaId, paginaId, mascotaId, remitente, contenido, fechaEnvio) values (85, 91, 34, 'Pagina', 'mensaje 85', '2023-02-04 18:54:41');
insert into mensajePagina (mensajePaginaId, paginaId, mascotaId, remitente, contenido, fechaEnvio) values (86, 99, 62, 'Pagina', 'mensaje 86', '2022-09-15 04:09:28');
insert into mensajePagina (mensajePaginaId, paginaId, mascotaId, remitente, contenido, fechaEnvio) values (87, 99, 55, 'Pagina', 'mensaje 87', '2022-09-23 20:50:26');
insert into mensajePagina (mensajePaginaId, paginaId, mascotaId, remitente, contenido, fechaEnvio) values (88, 61, 61, 'Pagina', 'mensaje 88', '2022-08-18 04:21:12');
insert into mensajePagina (mensajePaginaId, paginaId, mascotaId, remitente, contenido, fechaEnvio) values (89, 26, 92, 'Pagina', 'mensaje 89', '2022-04-30 22:07:19');
insert into mensajePagina (mensajePaginaId, paginaId, mascotaId, remitente, contenido, fechaEnvio) values (90, 87, 52, 'Mascota', 'mensaje 90', '2023-10-24 22:30:27');
insert into mensajePagina (mensajePaginaId, paginaId, mascotaId, remitente, contenido, fechaEnvio) values (91, 52, 50, 'Mascota', 'mensaje 91', '2022-04-30 19:49:19');
insert into mensajePagina (mensajePaginaId, paginaId, mascotaId, remitente, contenido, fechaEnvio) values (92, 87, 77, 'Mascota', 'mensaje 92', '2022-01-09 13:03:29');
insert into mensajePagina (mensajePaginaId, paginaId, mascotaId, remitente, contenido, fechaEnvio) values (93, 23, 89, 'Pagina', 'mensaje 93', '2023-05-21 21:25:04');
insert into mensajePagina (mensajePaginaId, paginaId, mascotaId, remitente, contenido, fechaEnvio) values (94, 10, 13, 'Mascota', 'mensaje 94', '2022-09-30 23:01:30');
insert into mensajePagina (mensajePaginaId, paginaId, mascotaId, remitente, contenido, fechaEnvio) values (95, 60, 69, 'Pagina', 'mensaje 95', '2022-11-21 09:53:06');
insert into mensajePagina (mensajePaginaId, paginaId, mascotaId, remitente, contenido, fechaEnvio) values (96, 100, 11, 'Pagina', 'mensaje 96', '2023-06-30 18:02:10');
insert into mensajePagina (mensajePaginaId, paginaId, mascotaId, remitente, contenido, fechaEnvio) values (97, 66, 80, 'Mascota', 'mensaje 97', '2023-02-15 09:45:56');
insert into mensajePagina (mensajePaginaId, paginaId, mascotaId, remitente, contenido, fechaEnvio) values (98, 20, 45, 'Pagina', 'mensaje 98', '2023-04-23 15:54:29');
insert into mensajePagina (mensajePaginaId, paginaId, mascotaId, remitente, contenido, fechaEnvio) values (99, 41, 24, 'Mascota', 'mensaje 99', '2023-10-26 10:29:52');
insert into mensajePagina (mensajePaginaId, paginaId, mascotaId, remitente, contenido, fechaEnvio) values (100, 74, 20, 'Mascota', 'mensaje 100', '2022-12-20 01:50:41');
insert into mensajePagina (mensajePaginaId, paginaId, mascotaId, remitente, contenido, fechaEnvio) values (101, 50, 31, 'Pagina', 'mensaje 101', '2023-09-02 00:13:00');
insert into mensajePagina (mensajePaginaId, paginaId, mascotaId, remitente, contenido, fechaEnvio) values (102, 52, 65, 'Pagina', 'mensaje 102', '2022-08-09 22:51:24');
insert into mensajePagina (mensajePaginaId, paginaId, mascotaId, remitente, contenido, fechaEnvio) values (103, 59, 33, 'Pagina', 'mensaje 103', '2022-09-26 16:07:05');
insert into mensajePagina (mensajePaginaId, paginaId, mascotaId, remitente, contenido, fechaEnvio) values (104, 27, 4, 'Pagina', 'mensaje 104', '2022-03-17 12:58:22');
insert into mensajePagina (mensajePaginaId, paginaId, mascotaId, remitente, contenido, fechaEnvio) values (105, 54, 51, 'Mascota', 'mensaje 105', '2022-12-09 11:16:39');
insert into mensajePagina (mensajePaginaId, paginaId, mascotaId, remitente, contenido, fechaEnvio) values (106, 48, 100, 'Pagina', 'mensaje 106', '2022-07-31 10:55:53');
insert into mensajePagina (mensajePaginaId, paginaId, mascotaId, remitente, contenido, fechaEnvio) values (107, 17, 32, 'Mascota', 'mensaje 107', '2023-10-14 15:55:18');
insert into mensajePagina (mensajePaginaId, paginaId, mascotaId, remitente, contenido, fechaEnvio) values (108, 71, 22, 'Pagina', 'mensaje 108', '2022-10-08 04:53:27');
insert into mensajePagina (mensajePaginaId, paginaId, mascotaId, remitente, contenido, fechaEnvio) values (109, 41, 1, 'Pagina', 'mensaje 109', '2023-03-17 06:19:49');
insert into mensajePagina (mensajePaginaId, paginaId, mascotaId, remitente, contenido, fechaEnvio) values (110, 75, 89, 'Pagina', 'mensaje 110', '2023-09-17 16:18:22');
insert into mensajePagina (mensajePaginaId, paginaId, mascotaId, remitente, contenido, fechaEnvio) values (111, 25, 70, 'Mascota', 'mensaje 111', '2023-11-23 05:37:11');
insert into mensajePagina (mensajePaginaId, paginaId, mascotaId, remitente, contenido, fechaEnvio) values (112, 52, 21, 'Pagina', 'mensaje 112', '2022-03-19 02:30:23');
insert into mensajePagina (mensajePaginaId, paginaId, mascotaId, remitente, contenido, fechaEnvio) values (113, 43, 30, 'Mascota', 'mensaje 113', '2022-01-27 21:17:49');
insert into mensajePagina (mensajePaginaId, paginaId, mascotaId, remitente, contenido, fechaEnvio) values (114, 11, 66, 'Pagina', 'mensaje 114', '2022-05-11 08:56:27');
insert into mensajePagina (mensajePaginaId, paginaId, mascotaId, remitente, contenido, fechaEnvio) values (115, 34, 91, 'Pagina', 'mensaje 115', '2022-07-04 09:17:38');
insert into mensajePagina (mensajePaginaId, paginaId, mascotaId, remitente, contenido, fechaEnvio) values (116, 47, 50, 'Pagina', 'mensaje 116', '2022-01-17 03:52:08');
insert into mensajePagina (mensajePaginaId, paginaId, mascotaId, remitente, contenido, fechaEnvio) values (117, 35, 68, 'Pagina', 'mensaje 117', '2023-09-07 11:57:52');
insert into mensajePagina (mensajePaginaId, paginaId, mascotaId, remitente, contenido, fechaEnvio) values (118, 38, 72, 'Pagina', 'mensaje 118', '2022-06-30 23:06:38');
insert into mensajePagina (mensajePaginaId, paginaId, mascotaId, remitente, contenido, fechaEnvio) values (119, 84, 93, 'Pagina', 'mensaje 119', '2023-05-17 01:02:30');
insert into mensajePagina (mensajePaginaId, paginaId, mascotaId, remitente, contenido, fechaEnvio) values (120, 66, 65, 'Mascota', 'mensaje 120', '2023-05-15 23:18:32');
insert into mensajePagina (mensajePaginaId, paginaId, mascotaId, remitente, contenido, fechaEnvio) values (121, 91, 62, 'Pagina', 'mensaje 121', '2023-07-16 13:50:41');
insert into mensajePagina (mensajePaginaId, paginaId, mascotaId, remitente, contenido, fechaEnvio) values (122, 52, 27, 'Pagina', 'mensaje 122', '2023-03-27 08:58:16');
insert into mensajePagina (mensajePaginaId, paginaId, mascotaId, remitente, contenido, fechaEnvio) values (123, 60, 95, 'Pagina', 'mensaje 123', '2022-10-27 13:54:52');
insert into mensajePagina (mensajePaginaId, paginaId, mascotaId, remitente, contenido, fechaEnvio) values (124, 29, 76, 'Pagina', 'mensaje 124', '2022-11-28 16:00:40');
insert into mensajePagina (mensajePaginaId, paginaId, mascotaId, remitente, contenido, fechaEnvio) values (125, 61, 36, 'Pagina', 'mensaje 125', '2022-10-27 06:55:23');
insert into mensajePagina (mensajePaginaId, paginaId, mascotaId, remitente, contenido, fechaEnvio) values (126, 89, 76, 'Pagina', 'mensaje 126', '2022-02-02 06:01:54');
insert into mensajePagina (mensajePaginaId, paginaId, mascotaId, remitente, contenido, fechaEnvio) values (127, 86, 8, 'Pagina', 'mensaje 127', '2023-05-12 17:48:25');
insert into mensajePagina (mensajePaginaId, paginaId, mascotaId, remitente, contenido, fechaEnvio) values (128, 52, 92, 'Mascota', 'mensaje 128', '2023-07-03 23:38:28');
insert into mensajePagina (mensajePaginaId, paginaId, mascotaId, remitente, contenido, fechaEnvio) values (129, 34, 92, 'Mascota', 'mensaje 129', '2022-04-08 08:16:11');
insert into mensajePagina (mensajePaginaId, paginaId, mascotaId, remitente, contenido, fechaEnvio) values (130, 9, 18, 'Pagina', 'mensaje 130', '2023-09-12 07:23:01');
insert into mensajePagina (mensajePaginaId, paginaId, mascotaId, remitente, contenido, fechaEnvio) values (131, 67, 69, 'Mascota', 'mensaje 131', '2023-01-19 19:27:44');
insert into mensajePagina (mensajePaginaId, paginaId, mascotaId, remitente, contenido, fechaEnvio) values (132, 3, 58, 'Mascota', 'mensaje 132', '2022-08-10 04:40:00');
insert into mensajePagina (mensajePaginaId, paginaId, mascotaId, remitente, contenido, fechaEnvio) values (133, 83, 5, 'Mascota', 'mensaje 133', '2023-06-03 14:14:14');
insert into mensajePagina (mensajePaginaId, paginaId, mascotaId, remitente, contenido, fechaEnvio) values (134, 34, 22, 'Mascota', 'mensaje 134', '2023-05-31 09:20:13');
insert into mensajePagina (mensajePaginaId, paginaId, mascotaId, remitente, contenido, fechaEnvio) values (135, 2, 99, 'Pagina', 'mensaje 135', '2023-10-22 23:06:50');
insert into mensajePagina (mensajePaginaId, paginaId, mascotaId, remitente, contenido, fechaEnvio) values (136, 100, 26, 'Mascota', 'mensaje 136', '2023-04-13 04:23:03');
insert into mensajePagina (mensajePaginaId, paginaId, mascotaId, remitente, contenido, fechaEnvio) values (137, 28, 44, 'Mascota', 'mensaje 137', '2023-11-20 10:53:21');
insert into mensajePagina (mensajePaginaId, paginaId, mascotaId, remitente, contenido, fechaEnvio) values (138, 27, 16, 'Pagina', 'mensaje 138', '2023-10-17 06:34:55');
insert into mensajePagina (mensajePaginaId, paginaId, mascotaId, remitente, contenido, fechaEnvio) values (139, 46, 60, 'Pagina', 'mensaje 139', '2022-01-13 08:57:44');
insert into mensajePagina (mensajePaginaId, paginaId, mascotaId, remitente, contenido, fechaEnvio) values (140, 19, 45, 'Mascota', 'mensaje 140', '2022-05-04 14:24:36');
insert into mensajePagina (mensajePaginaId, paginaId, mascotaId, remitente, contenido, fechaEnvio) values (141, 29, 12, 'Mascota', 'mensaje 141', '2022-01-04 05:31:48');
insert into mensajePagina (mensajePaginaId, paginaId, mascotaId, remitente, contenido, fechaEnvio) values (142, 54, 51, 'Pagina', 'mensaje 142', '2022-09-02 21:51:36');
insert into mensajePagina (mensajePaginaId, paginaId, mascotaId, remitente, contenido, fechaEnvio) values (143, 80, 21, 'Mascota', 'mensaje 143', '2022-12-16 10:37:06');
insert into mensajePagina (mensajePaginaId, paginaId, mascotaId, remitente, contenido, fechaEnvio) values (144, 94, 91, 'Mascota', 'mensaje 144', '2023-09-04 04:48:40');
insert into mensajePagina (mensajePaginaId, paginaId, mascotaId, remitente, contenido, fechaEnvio) values (145, 22, 58, 'Pagina', 'mensaje 145', '2023-01-22 09:14:57');
insert into mensajePagina (mensajePaginaId, paginaId, mascotaId, remitente, contenido, fechaEnvio) values (146, 61, 41, 'Mascota', 'mensaje 146', '2022-05-31 17:03:29');
insert into mensajePagina (mensajePaginaId, paginaId, mascotaId, remitente, contenido, fechaEnvio) values (147, 23, 82, 'Mascota', 'mensaje 147', '2022-02-14 21:21:02');
insert into mensajePagina (mensajePaginaId, paginaId, mascotaId, remitente, contenido, fechaEnvio) values (148, 2, 13, 'Pagina', 'mensaje 148', '2022-04-30 21:48:03');
insert into mensajePagina (mensajePaginaId, paginaId, mascotaId, remitente, contenido, fechaEnvio) values (149, 39, 81, 'Mascota', 'mensaje 149', '2023-03-01 00:25:47');
insert into mensajePagina (mensajePaginaId, paginaId, mascotaId, remitente, contenido, fechaEnvio) values (150, 46, 13, 'Pagina', 'mensaje 150', '2023-12-21 05:25:34');
insert into mensajePagina (mensajePaginaId, paginaId, mascotaId, remitente, contenido, fechaEnvio) values (151, 65, 72, 'Mascota', 'mensaje 151', '2022-10-07 20:29:03');
insert into mensajePagina (mensajePaginaId, paginaId, mascotaId, remitente, contenido, fechaEnvio) values (152, 67, 3, 'Pagina', 'mensaje 152', '2023-09-07 03:51:09');
insert into mensajePagina (mensajePaginaId, paginaId, mascotaId, remitente, contenido, fechaEnvio) values (153, 95, 69, 'Pagina', 'mensaje 153', '2022-01-01 14:24:44');
insert into mensajePagina (mensajePaginaId, paginaId, mascotaId, remitente, contenido, fechaEnvio) values (154, 57, 15, 'Pagina', 'mensaje 154', '2023-06-04 13:17:21');
insert into mensajePagina (mensajePaginaId, paginaId, mascotaId, remitente, contenido, fechaEnvio) values (155, 57, 68, 'Mascota', 'mensaje 155', '2022-09-23 15:42:38');
insert into mensajePagina (mensajePaginaId, paginaId, mascotaId, remitente, contenido, fechaEnvio) values (156, 70, 55, 'Mascota', 'mensaje 156', '2022-09-27 17:54:53');
insert into mensajePagina (mensajePaginaId, paginaId, mascotaId, remitente, contenido, fechaEnvio) values (157, 27, 30, 'Pagina', 'mensaje 157', '2022-06-22 11:44:57');
insert into mensajePagina (mensajePaginaId, paginaId, mascotaId, remitente, contenido, fechaEnvio) values (158, 7, 54, 'Pagina', 'mensaje 158', '2022-05-18 20:58:16');
insert into mensajePagina (mensajePaginaId, paginaId, mascotaId, remitente, contenido, fechaEnvio) values (159, 36, 58, 'Mascota', 'mensaje 159', '2022-08-23 12:44:31');
insert into mensajePagina (mensajePaginaId, paginaId, mascotaId, remitente, contenido, fechaEnvio) values (160, 32, 21, 'Pagina', 'mensaje 160', '2022-01-10 07:14:44');
insert into mensajePagina (mensajePaginaId, paginaId, mascotaId, remitente, contenido, fechaEnvio) values (161, 25, 94, 'Mascota', 'mensaje 161', '2022-05-27 09:01:14');
insert into mensajePagina (mensajePaginaId, paginaId, mascotaId, remitente, contenido, fechaEnvio) values (162, 3, 46, 'Pagina', 'mensaje 162', '2023-06-15 21:20:10');
insert into mensajePagina (mensajePaginaId, paginaId, mascotaId, remitente, contenido, fechaEnvio) values (163, 96, 23, 'Pagina', 'mensaje 163', '2023-07-08 22:56:09');
insert into mensajePagina (mensajePaginaId, paginaId, mascotaId, remitente, contenido, fechaEnvio) values (164, 41, 95, 'Mascota', 'mensaje 164', '2022-02-19 03:51:03');
insert into mensajePagina (mensajePaginaId, paginaId, mascotaId, remitente, contenido, fechaEnvio) values (165, 62, 47, 'Pagina', 'mensaje 165', '2023-09-21 18:05:11');
insert into mensajePagina (mensajePaginaId, paginaId, mascotaId, remitente, contenido, fechaEnvio) values (166, 38, 29, 'Mascota', 'mensaje 166', '2023-11-03 19:28:26');
insert into mensajePagina (mensajePaginaId, paginaId, mascotaId, remitente, contenido, fechaEnvio) values (167, 54, 43, 'Pagina', 'mensaje 167', '2022-05-13 15:03:55');
insert into mensajePagina (mensajePaginaId, paginaId, mascotaId, remitente, contenido, fechaEnvio) values (168, 33, 61, 'Pagina', 'mensaje 168', '2022-09-18 08:15:12');
insert into mensajePagina (mensajePaginaId, paginaId, mascotaId, remitente, contenido, fechaEnvio) values (169, 90, 82, 'Mascota', 'mensaje 169', '2023-07-04 12:24:52');
insert into mensajePagina (mensajePaginaId, paginaId, mascotaId, remitente, contenido, fechaEnvio) values (170, 34, 53, 'Mascota', 'mensaje 170', '2022-04-26 00:54:54');
insert into mensajePagina (mensajePaginaId, paginaId, mascotaId, remitente, contenido, fechaEnvio) values (171, 10, 40, 'Pagina', 'mensaje 171', '2022-02-24 07:27:09');
insert into mensajePagina (mensajePaginaId, paginaId, mascotaId, remitente, contenido, fechaEnvio) values (172, 79, 60, 'Pagina', 'mensaje 172', '2023-08-26 06:08:15');
insert into mensajePagina (mensajePaginaId, paginaId, mascotaId, remitente, contenido, fechaEnvio) values (173, 70, 50, 'Pagina', 'mensaje 173', '2023-06-11 09:11:32');
insert into mensajePagina (mensajePaginaId, paginaId, mascotaId, remitente, contenido, fechaEnvio) values (174, 60, 97, 'Pagina', 'mensaje 174', '2022-01-02 07:00:54');
insert into mensajePagina (mensajePaginaId, paginaId, mascotaId, remitente, contenido, fechaEnvio) values (175, 34, 98, 'Mascota', 'mensaje 175', '2023-07-06 22:40:15');
insert into mensajePagina (mensajePaginaId, paginaId, mascotaId, remitente, contenido, fechaEnvio) values (176, 37, 44, 'Pagina', 'mensaje 176', '2022-06-22 03:11:26');
insert into mensajePagina (mensajePaginaId, paginaId, mascotaId, remitente, contenido, fechaEnvio) values (177, 70, 60, 'Mascota', 'mensaje 177', '2022-08-13 04:33:26');
insert into mensajePagina (mensajePaginaId, paginaId, mascotaId, remitente, contenido, fechaEnvio) values (178, 63, 65, 'Mascota', 'mensaje 178', '2022-05-07 14:45:13');
insert into mensajePagina (mensajePaginaId, paginaId, mascotaId, remitente, contenido, fechaEnvio) values (179, 50, 58, 'Mascota', 'mensaje 179', '2022-07-03 16:06:59');
insert into mensajePagina (mensajePaginaId, paginaId, mascotaId, remitente, contenido, fechaEnvio) values (180, 79, 46, 'Pagina', 'mensaje 180', '2022-04-23 09:38:13');
insert into mensajePagina (mensajePaginaId, paginaId, mascotaId, remitente, contenido, fechaEnvio) values (181, 98, 54, 'Mascota', 'mensaje 181', '2022-12-15 00:16:34');
insert into mensajePagina (mensajePaginaId, paginaId, mascotaId, remitente, contenido, fechaEnvio) values (182, 76, 4, 'Pagina', 'mensaje 182', '2023-11-20 10:09:38');
insert into mensajePagina (mensajePaginaId, paginaId, mascotaId, remitente, contenido, fechaEnvio) values (183, 19, 59, 'Mascota', 'mensaje 183', '2023-02-03 19:58:59');
insert into mensajePagina (mensajePaginaId, paginaId, mascotaId, remitente, contenido, fechaEnvio) values (184, 28, 56, 'Pagina', 'mensaje 184', '2022-09-19 02:51:50');
insert into mensajePagina (mensajePaginaId, paginaId, mascotaId, remitente, contenido, fechaEnvio) values (185, 26, 23, 'Mascota', 'mensaje 185', '2023-04-22 03:58:22');
insert into mensajePagina (mensajePaginaId, paginaId, mascotaId, remitente, contenido, fechaEnvio) values (186, 20, 26, 'Mascota', 'mensaje 186', '2022-07-26 12:03:25');
insert into mensajePagina (mensajePaginaId, paginaId, mascotaId, remitente, contenido, fechaEnvio) values (187, 26, 4, 'Pagina', 'mensaje 187', '2022-07-05 08:38:31');
insert into mensajePagina (mensajePaginaId, paginaId, mascotaId, remitente, contenido, fechaEnvio) values (188, 38, 47, 'Pagina', 'mensaje 188', '2023-02-16 17:24:56');
insert into mensajePagina (mensajePaginaId, paginaId, mascotaId, remitente, contenido, fechaEnvio) values (189, 80, 87, 'Mascota', 'mensaje 189', '2022-08-07 20:59:20');
insert into mensajePagina (mensajePaginaId, paginaId, mascotaId, remitente, contenido, fechaEnvio) values (190, 79, 62, 'Mascota', 'mensaje 190', '2023-03-28 00:02:01');
insert into mensajePagina (mensajePaginaId, paginaId, mascotaId, remitente, contenido, fechaEnvio) values (191, 17, 62, 'Pagina', 'mensaje 191', '2023-09-24 06:58:04');
insert into mensajePagina (mensajePaginaId, paginaId, mascotaId, remitente, contenido, fechaEnvio) values (192, 35, 65, 'Mascota', 'mensaje 192', '2023-02-23 05:40:11');
insert into mensajePagina (mensajePaginaId, paginaId, mascotaId, remitente, contenido, fechaEnvio) values (193, 43, 38, 'Pagina', 'mensaje 193', '2022-09-19 03:13:54');
insert into mensajePagina (mensajePaginaId, paginaId, mascotaId, remitente, contenido, fechaEnvio) values (194, 48, 91, 'Pagina', 'mensaje 194', '2022-11-04 22:53:24');
insert into mensajePagina (mensajePaginaId, paginaId, mascotaId, remitente, contenido, fechaEnvio) values (195, 94, 49, 'Mascota', 'mensaje 195', '2022-05-18 13:45:25');
insert into mensajePagina (mensajePaginaId, paginaId, mascotaId, remitente, contenido, fechaEnvio) values (196, 18, 27, 'Mascota', 'mensaje 196', '2023-09-24 14:34:07');
insert into mensajePagina (mensajePaginaId, paginaId, mascotaId, remitente, contenido, fechaEnvio) values (197, 9, 86, 'Mascota', 'mensaje 197', '2022-11-14 16:55:39');
insert into mensajePagina (mensajePaginaId, paginaId, mascotaId, remitente, contenido, fechaEnvio) values (198, 77, 73, 'Mascota', 'mensaje 198', '2022-02-14 12:38:26');
insert into mensajePagina (mensajePaginaId, paginaId, mascotaId, remitente, contenido, fechaEnvio) values (199, 46, 61, 'Pagina', 'mensaje 199', '2023-08-29 06:43:05');
insert into mensajePagina (mensajePaginaId, paginaId, mascotaId, remitente, contenido, fechaEnvio) values (200, 12, 47, 'Mascota', 'mensaje 200', '2022-12-19 08:14:04');

-- Datos evento
insert into evento (eventoId, nombre, descripcion, fechaInicio, fechaFin, privacidad, ciudadId, mascotaId) values (1, 'evento1', 'descripcion evento 1', '2022-08-03 12:54:35', '2023-06-01 04:07:33', 'Amigos', 22, 97);
insert into evento (eventoId, nombre, descripcion, fechaInicio, fechaFin, privacidad, ciudadId, mascotaId) values (2, 'evento2', 'descripcion evento 2', '2022-01-13 09:06:11', '2023-07-02 17:48:19', 'Amigos', 43, 83);
insert into evento (eventoId, nombre, descripcion, fechaInicio, fechaFin, privacidad, ciudadId, mascotaId) values (3, 'evento3', 'descripcion evento 3', '2022-08-10 21:37:32', '2023-07-12 21:03:05', 'Privado', 34, 22);
insert into evento (eventoId, nombre, descripcion, fechaInicio, fechaFin, privacidad, ciudadId, mascotaId) values (4, 'evento4', 'descripcion evento 4', '2022-12-28 21:02:03', '2023-10-04 14:36:04', 'Privado', 3, 69);
insert into evento (eventoId, nombre, descripcion, fechaInicio, fechaFin, privacidad, ciudadId, mascotaId) values (5, 'evento5', 'descripcion evento 5', '2022-08-11 21:27:24', '2023-09-24 19:08:36', 'Privado', 34, 5);
insert into evento (eventoId, nombre, descripcion, fechaInicio, fechaFin, privacidad, ciudadId, mascotaId) values (6, 'evento6', 'descripcion evento 6', '2022-12-13 17:45:34', '2023-09-16 07:16:10', 'Privado', 43, 9);
insert into evento (eventoId, nombre, descripcion, fechaInicio, fechaFin, privacidad, ciudadId, mascotaId) values (7, 'evento7', 'descripcion evento 7', '2022-11-27 17:18:25', '2023-01-12 05:32:12', 'Amigos', 23, 17);
insert into evento (eventoId, nombre, descripcion, fechaInicio, fechaFin, privacidad, ciudadId, mascotaId) values (8, 'evento8', 'descripcion evento 8', '2022-06-27 03:52:31', '2023-03-05 03:29:27', 'Privado', 32, 2);
insert into evento (eventoId, nombre, descripcion, fechaInicio, fechaFin, privacidad, ciudadId, mascotaId) values (9, 'evento9', 'descripcion evento 9', '2022-01-28 03:34:38', '2023-07-08 00:38:22', 'Privado', 17, 97);
insert into evento (eventoId, nombre, descripcion, fechaInicio, fechaFin, privacidad, ciudadId, mascotaId) values (10, 'evento10', 'descripcion evento 10', '2022-08-31 01:49:28', '2023-08-11 21:18:11', 'Amigos', 22, 50);
insert into evento (eventoId, nombre, descripcion, fechaInicio, fechaFin, privacidad, ciudadId, mascotaId) values (11, 'evento11', 'descripcion evento 11', '2022-07-27 19:24:17', '2023-06-16 16:02:05', 'Amigos', 16, 24);
insert into evento (eventoId, nombre, descripcion, fechaInicio, fechaFin, privacidad, ciudadId, mascotaId) values (12, 'evento12', 'descripcion evento 12', '2022-12-10 14:38:56', '2023-01-17 08:35:35', 'Publico', 43, 2);
insert into evento (eventoId, nombre, descripcion, fechaInicio, fechaFin, privacidad, ciudadId, mascotaId) values (13, 'evento13', 'descripcion evento 13', '2022-03-18 04:10:53', '2023-06-28 15:15:15', 'Amigos', 14, 34);
insert into evento (eventoId, nombre, descripcion, fechaInicio, fechaFin, privacidad, ciudadId, mascotaId) values (14, 'evento14', 'descripcion evento 14', '2022-01-23 01:16:34', '2023-08-04 16:56:05', 'Publico', 13, 67);
insert into evento (eventoId, nombre, descripcion, fechaInicio, fechaFin, privacidad, ciudadId, mascotaId) values (15, 'evento15', 'descripcion evento 15', '2022-11-14 13:39:50', '2023-02-14 20:17:36', 'Privado', 18, 73);
insert into evento (eventoId, nombre, descripcion, fechaInicio, fechaFin, privacidad, ciudadId, mascotaId) values (16, 'evento16', 'descripcion evento 16', '2022-03-28 23:13:13', '2023-01-14 03:42:54', 'Privado', 18, 8);
insert into evento (eventoId, nombre, descripcion, fechaInicio, fechaFin, privacidad, ciudadId, mascotaId) values (17, 'evento17', 'descripcion evento 17', '2022-03-01 04:48:26', '2023-05-21 19:28:45', 'Publico', 7, 71);
insert into evento (eventoId, nombre, descripcion, fechaInicio, fechaFin, privacidad, ciudadId, mascotaId) values (18, 'evento18', 'descripcion evento 18', '2022-09-08 04:18:32', '2023-02-05 02:14:48', 'Publico', 15, 83);
insert into evento (eventoId, nombre, descripcion, fechaInicio, fechaFin, privacidad, ciudadId, mascotaId) values (19, 'evento19', 'descripcion evento 19', '2022-10-21 18:09:01', '2023-04-14 08:51:38', 'Amigos', 40, 49);
insert into evento (eventoId, nombre, descripcion, fechaInicio, fechaFin, privacidad, ciudadId, mascotaId) values (20, 'evento20', 'descripcion evento 20', '2022-04-07 21:10:57', '2023-03-16 07:47:34', 'Publico', 27, 40);
insert into evento (eventoId, nombre, descripcion, fechaInicio, fechaFin, privacidad, ciudadId, mascotaId) values (21, 'evento21', 'descripcion evento 21', '2022-06-28 15:54:44', '2023-08-07 07:49:58', 'Privado', 25, 35);
insert into evento (eventoId, nombre, descripcion, fechaInicio, fechaFin, privacidad, ciudadId, mascotaId) values (22, 'evento22', 'descripcion evento 22', '2022-08-15 07:33:44', '2023-09-02 08:10:38', 'Publico', 18, 79);
insert into evento (eventoId, nombre, descripcion, fechaInicio, fechaFin, privacidad, ciudadId, mascotaId) values (23, 'evento23', 'descripcion evento 23', '2022-12-24 17:21:42', '2023-03-18 23:42:07', 'Amigos', 27, 78);
insert into evento (eventoId, nombre, descripcion, fechaInicio, fechaFin, privacidad, ciudadId, mascotaId) values (24, 'evento24', 'descripcion evento 24', '2022-12-12 21:03:12', '2023-05-07 17:31:18', 'Privado', 46, 84);
insert into evento (eventoId, nombre, descripcion, fechaInicio, fechaFin, privacidad, ciudadId, mascotaId) values (25, 'evento25', 'descripcion evento 25', '2022-12-08 11:15:33', '2023-11-04 17:28:05', 'Amigos', 19, 91);
insert into evento (eventoId, nombre, descripcion, fechaInicio, fechaFin, privacidad, ciudadId, mascotaId) values (26, 'evento26', 'descripcion evento 26', '2022-08-25 17:09:20', '2023-09-15 05:21:09', 'Privado', 47, 4);
insert into evento (eventoId, nombre, descripcion, fechaInicio, fechaFin, privacidad, ciudadId, mascotaId) values (27, 'evento27', 'descripcion evento 27', '2022-02-16 19:42:10', '2023-08-15 23:07:23', 'Publico', 19, 85);
insert into evento (eventoId, nombre, descripcion, fechaInicio, fechaFin, privacidad, ciudadId, mascotaId) values (28, 'evento28', 'descripcion evento 28', '2022-06-10 20:56:47', '2023-02-05 11:14:24', 'Amigos', 21, 51);
insert into evento (eventoId, nombre, descripcion, fechaInicio, fechaFin, privacidad, ciudadId, mascotaId) values (29, 'evento29', 'descripcion evento 29', '2022-11-12 10:01:13', '2023-04-25 17:22:26', 'Amigos', 23, 70);
insert into evento (eventoId, nombre, descripcion, fechaInicio, fechaFin, privacidad, ciudadId, mascotaId) values (30, 'evento30', 'descripcion evento 30', '2022-05-11 18:25:13', '2023-05-27 22:17:33', 'Publico', 22, 57);
insert into evento (eventoId, nombre, descripcion, fechaInicio, fechaFin, privacidad, ciudadId, mascotaId) values (31, 'evento31', 'descripcion evento 31', '2022-08-02 10:41:21', '2023-08-11 13:52:49', 'Publico', 10, 86);
insert into evento (eventoId, nombre, descripcion, fechaInicio, fechaFin, privacidad, ciudadId, mascotaId) values (32, 'evento32', 'descripcion evento 32', '2022-09-27 06:00:47', '2023-02-14 16:03:35', 'Amigos', 10, 86);
insert into evento (eventoId, nombre, descripcion, fechaInicio, fechaFin, privacidad, ciudadId, mascotaId) values (33, 'evento33', 'descripcion evento 33', '2022-06-30 09:33:06', '2023-02-06 00:03:32', 'Publico', 24, 71);
insert into evento (eventoId, nombre, descripcion, fechaInicio, fechaFin, privacidad, ciudadId, mascotaId) values (34, 'evento34', 'descripcion evento 34', '2022-04-22 06:51:29', '2023-12-13 10:54:54', 'Amigos', 45, 66);
insert into evento (eventoId, nombre, descripcion, fechaInicio, fechaFin, privacidad, ciudadId, mascotaId) values (35, 'evento35', 'descripcion evento 35', '2022-10-01 16:14:18', '2023-05-13 17:57:16', 'Amigos', 43, 36);
insert into evento (eventoId, nombre, descripcion, fechaInicio, fechaFin, privacidad, ciudadId, mascotaId) values (36, 'evento36', 'descripcion evento 36', '2022-10-06 11:13:05', '2023-02-23 07:45:51', 'Publico', 33, 93);
insert into evento (eventoId, nombre, descripcion, fechaInicio, fechaFin, privacidad, ciudadId, mascotaId) values (37, 'evento37', 'descripcion evento 37', '2022-01-04 15:27:49', '2023-10-01 07:57:30', 'Publico', 17, 36);
insert into evento (eventoId, nombre, descripcion, fechaInicio, fechaFin, privacidad, ciudadId, mascotaId) values (38, 'evento38', 'descripcion evento 38', '2022-01-07 13:11:29', '2023-06-30 11:37:57', 'Publico', 9, 39);
insert into evento (eventoId, nombre, descripcion, fechaInicio, fechaFin, privacidad, ciudadId, mascotaId) values (39, 'evento39', 'descripcion evento 39', '2022-02-08 22:45:03', '2023-04-09 10:25:12', 'Publico', 38, 30);
insert into evento (eventoId, nombre, descripcion, fechaInicio, fechaFin, privacidad, ciudadId, mascotaId) values (40, 'evento40', 'descripcion evento 40', '2022-07-06 03:46:37', '2023-01-19 22:49:44', 'Amigos', 18, 98);
insert into evento (eventoId, nombre, descripcion, fechaInicio, fechaFin, privacidad, ciudadId, mascotaId) values (41, 'evento41', 'descripcion evento 41', '2022-08-11 02:32:14', '2023-01-02 11:39:30', 'Amigos', 28, 22);
insert into evento (eventoId, nombre, descripcion, fechaInicio, fechaFin, privacidad, ciudadId, mascotaId) values (42, 'evento42', 'descripcion evento 42', '2022-03-31 18:05:33', '2023-02-19 06:55:05', 'Amigos', 47, 58);
insert into evento (eventoId, nombre, descripcion, fechaInicio, fechaFin, privacidad, ciudadId, mascotaId) values (43, 'evento43', 'descripcion evento 43', '2022-01-27 10:49:08', '2023-04-14 18:20:02', 'Amigos', 24, 74);
insert into evento (eventoId, nombre, descripcion, fechaInicio, fechaFin, privacidad, ciudadId, mascotaId) values (44, 'evento44', 'descripcion evento 44', '2022-09-05 17:06:59', '2023-08-12 00:43:27', 'Publico', 38, 61);
insert into evento (eventoId, nombre, descripcion, fechaInicio, fechaFin, privacidad, ciudadId, mascotaId) values (45, 'evento45', 'descripcion evento 45', '2022-09-16 02:13:40', '2023-11-09 15:31:13', 'Amigos', 33, 2);
insert into evento (eventoId, nombre, descripcion, fechaInicio, fechaFin, privacidad, ciudadId, mascotaId) values (46, 'evento46', 'descripcion evento 46', '2022-12-27 22:40:21', '2023-07-01 01:57:36', 'Privado', 34, 40);
insert into evento (eventoId, nombre, descripcion, fechaInicio, fechaFin, privacidad, ciudadId, mascotaId) values (47, 'evento47', 'descripcion evento 47', '2022-09-05 13:28:31', '2023-08-15 07:16:33', 'Privado', 6, 44);
insert into evento (eventoId, nombre, descripcion, fechaInicio, fechaFin, privacidad, ciudadId, mascotaId) values (48, 'evento48', 'descripcion evento 48', '2022-08-24 00:52:36', '2023-12-16 16:51:15', 'Publico', 40, 42);
insert into evento (eventoId, nombre, descripcion, fechaInicio, fechaFin, privacidad, ciudadId, mascotaId) values (49, 'evento49', 'descripcion evento 49', '2022-01-19 17:26:16', '2023-11-04 20:14:17', 'Amigos', 18, 4);
insert into evento (eventoId, nombre, descripcion, fechaInicio, fechaFin, privacidad, ciudadId, mascotaId) values (50, 'evento50', 'descripcion evento 50', '2022-03-15 08:13:25', '2023-09-24 06:35:45', 'Privado', 28, 88);
insert into evento (eventoId, nombre, descripcion, fechaInicio, fechaFin, privacidad, ciudadId, mascotaId) values (51, 'evento51', 'descripcion evento 51', '2022-01-25 05:55:29', '2023-08-11 11:55:20', 'Publico', 46, 62);
insert into evento (eventoId, nombre, descripcion, fechaInicio, fechaFin, privacidad, ciudadId, mascotaId) values (52, 'evento52', 'descripcion evento 52', '2022-10-15 19:42:00', '2023-03-24 18:33:55', 'Publico', 8, 82);
insert into evento (eventoId, nombre, descripcion, fechaInicio, fechaFin, privacidad, ciudadId, mascotaId) values (53, 'evento53', 'descripcion evento 53', '2022-11-08 19:09:17', '2023-09-16 13:37:07', 'Publico', 16, 73);
insert into evento (eventoId, nombre, descripcion, fechaInicio, fechaFin, privacidad, ciudadId, mascotaId) values (54, 'evento54', 'descripcion evento 54', '2022-07-16 15:35:28', '2023-05-03 05:03:31', 'Privado', 15, 25);
insert into evento (eventoId, nombre, descripcion, fechaInicio, fechaFin, privacidad, ciudadId, mascotaId) values (55, 'evento55', 'descripcion evento 55', '2022-05-09 00:23:01', '2023-01-24 07:21:59', 'Amigos', 50, 8);
insert into evento (eventoId, nombre, descripcion, fechaInicio, fechaFin, privacidad, ciudadId, mascotaId) values (56, 'evento56', 'descripcion evento 56', '2022-04-16 10:23:44', '2023-10-20 17:18:25', 'Publico', 17, 28);
insert into evento (eventoId, nombre, descripcion, fechaInicio, fechaFin, privacidad, ciudadId, mascotaId) values (57, 'evento57', 'descripcion evento 57', '2022-06-13 09:51:54', '2023-12-05 18:58:34', 'Publico', 36, 96);
insert into evento (eventoId, nombre, descripcion, fechaInicio, fechaFin, privacidad, ciudadId, mascotaId) values (58, 'evento58', 'descripcion evento 58', '2022-02-21 00:55:38', '2023-10-10 23:08:25', 'Publico', 32, 93);
insert into evento (eventoId, nombre, descripcion, fechaInicio, fechaFin, privacidad, ciudadId, mascotaId) values (59, 'evento59', 'descripcion evento 59', '2022-04-23 18:59:49', '2023-10-22 23:46:50', 'Publico', 39, 67);
insert into evento (eventoId, nombre, descripcion, fechaInicio, fechaFin, privacidad, ciudadId, mascotaId) values (60, 'evento60', 'descripcion evento 60', '2022-01-10 08:36:46', '2023-12-08 23:48:03', 'Publico', 33, 46);
insert into evento (eventoId, nombre, descripcion, fechaInicio, fechaFin, privacidad, ciudadId, mascotaId) values (61, 'evento61', 'descripcion evento 61', '2022-06-17 09:24:51', '2023-07-25 18:14:15', 'Publico', 29, 7);
insert into evento (eventoId, nombre, descripcion, fechaInicio, fechaFin, privacidad, ciudadId, mascotaId) values (62, 'evento62', 'descripcion evento 62', '2022-02-17 11:58:57', '2023-02-27 09:42:58', 'Amigos', 15, 90);
insert into evento (eventoId, nombre, descripcion, fechaInicio, fechaFin, privacidad, ciudadId, mascotaId) values (63, 'evento63', 'descripcion evento 63', '2022-02-20 21:02:11', '2023-11-18 00:02:16', 'Amigos', 16, 32);
insert into evento (eventoId, nombre, descripcion, fechaInicio, fechaFin, privacidad, ciudadId, mascotaId) values (64, 'evento64', 'descripcion evento 64', '2022-12-16 05:24:40', '2023-06-06 23:46:10', 'Privado', 37, 12);
insert into evento (eventoId, nombre, descripcion, fechaInicio, fechaFin, privacidad, ciudadId, mascotaId) values (65, 'evento65', 'descripcion evento 65', '2022-02-26 07:58:34', '2023-02-23 16:10:39', 'Publico', 50, 32);
insert into evento (eventoId, nombre, descripcion, fechaInicio, fechaFin, privacidad, ciudadId, mascotaId) values (66, 'evento66', 'descripcion evento 66', '2022-01-31 17:30:31', '2023-02-20 20:17:54', 'Publico', 36, 51);
insert into evento (eventoId, nombre, descripcion, fechaInicio, fechaFin, privacidad, ciudadId, mascotaId) values (67, 'evento67', 'descripcion evento 67', '2022-05-27 05:14:14', '2023-12-14 05:56:27', 'Privado', 22, 82);
insert into evento (eventoId, nombre, descripcion, fechaInicio, fechaFin, privacidad, ciudadId, mascotaId) values (68, 'evento68', 'descripcion evento 68', '2022-05-21 14:26:50', '2023-01-20 07:52:54', 'Publico', 27, 84);
insert into evento (eventoId, nombre, descripcion, fechaInicio, fechaFin, privacidad, ciudadId, mascotaId) values (69, 'evento69', 'descripcion evento 69', '2022-12-12 21:22:39', '2023-09-28 15:32:33', 'Amigos', 13, 84);
insert into evento (eventoId, nombre, descripcion, fechaInicio, fechaFin, privacidad, ciudadId, mascotaId) values (70, 'evento70', 'descripcion evento 70', '2022-06-29 21:13:32', '2023-03-14 22:18:45', 'Amigos', 16, 69);
insert into evento (eventoId, nombre, descripcion, fechaInicio, fechaFin, privacidad, ciudadId, mascotaId) values (71, 'evento71', 'descripcion evento 71', '2022-10-24 09:54:10', '2023-11-18 06:32:26', 'Publico', 12, 21);
insert into evento (eventoId, nombre, descripcion, fechaInicio, fechaFin, privacidad, ciudadId, mascotaId) values (72, 'evento72', 'descripcion evento 72', '2022-07-08 10:38:38', '2023-03-09 15:52:25', 'Publico', 33, 66);
insert into evento (eventoId, nombre, descripcion, fechaInicio, fechaFin, privacidad, ciudadId, mascotaId) values (73, 'evento73', 'descripcion evento 73', '2022-06-05 22:26:34', '2023-06-04 14:55:41', 'Amigos', 7, 26);
insert into evento (eventoId, nombre, descripcion, fechaInicio, fechaFin, privacidad, ciudadId, mascotaId) values (74, 'evento74', 'descripcion evento 74', '2022-03-08 13:41:32', '2023-03-11 21:16:22', 'Amigos', 30, 96);
insert into evento (eventoId, nombre, descripcion, fechaInicio, fechaFin, privacidad, ciudadId, mascotaId) values (75, 'evento75', 'descripcion evento 75', '2022-03-17 14:46:32', '2023-05-07 16:19:51', 'Publico', 11, 2);
insert into evento (eventoId, nombre, descripcion, fechaInicio, fechaFin, privacidad, ciudadId, mascotaId) values (76, 'evento76', 'descripcion evento 76', '2022-03-20 15:31:11', '2023-09-29 23:07:12', 'Amigos', 23, 35);
insert into evento (eventoId, nombre, descripcion, fechaInicio, fechaFin, privacidad, ciudadId, mascotaId) values (77, 'evento77', 'descripcion evento 77', '2022-07-02 12:11:15', '2023-09-20 19:13:08', 'Privado', 1, 6);
insert into evento (eventoId, nombre, descripcion, fechaInicio, fechaFin, privacidad, ciudadId, mascotaId) values (78, 'evento78', 'descripcion evento 78', '2022-08-25 13:47:58', '2023-08-10 15:32:19', 'Publico', 44, 21);
insert into evento (eventoId, nombre, descripcion, fechaInicio, fechaFin, privacidad, ciudadId, mascotaId) values (79, 'evento79', 'descripcion evento 79', '2022-07-01 10:39:45', '2023-06-11 02:26:38', 'Amigos', 25, 10);
insert into evento (eventoId, nombre, descripcion, fechaInicio, fechaFin, privacidad, ciudadId, mascotaId) values (80, 'evento80', 'descripcion evento 80', '2022-09-27 19:02:29', '2023-07-03 09:25:16', 'Amigos', 39, 79);
insert into evento (eventoId, nombre, descripcion, fechaInicio, fechaFin, privacidad, ciudadId, mascotaId) values (81, 'evento81', 'descripcion evento 81', '2022-03-23 19:37:07', '2023-07-20 13:21:59', 'Publico', 27, 19);
insert into evento (eventoId, nombre, descripcion, fechaInicio, fechaFin, privacidad, ciudadId, mascotaId) values (82, 'evento82', 'descripcion evento 82', '2022-06-28 01:27:58', '2023-11-09 08:16:33', 'Privado', 42, 58);
insert into evento (eventoId, nombre, descripcion, fechaInicio, fechaFin, privacidad, ciudadId, mascotaId) values (83, 'evento83', 'descripcion evento 83', '2022-12-19 01:28:06', '2023-03-06 20:36:14', 'Publico', 19, 57);
insert into evento (eventoId, nombre, descripcion, fechaInicio, fechaFin, privacidad, ciudadId, mascotaId) values (84, 'evento84', 'descripcion evento 84', '2022-06-14 18:02:35', '2023-08-22 21:20:32', 'Privado', 31, 19);
insert into evento (eventoId, nombre, descripcion, fechaInicio, fechaFin, privacidad, ciudadId, mascotaId) values (85, 'evento85', 'descripcion evento 85', '2022-05-01 03:48:39', '2023-02-04 09:15:54', 'Amigos', 13, 94);
insert into evento (eventoId, nombre, descripcion, fechaInicio, fechaFin, privacidad, ciudadId, mascotaId) values (86, 'evento86', 'descripcion evento 86', '2022-10-13 07:48:16', '2023-11-13 21:29:43', 'Amigos', 24, 26);
insert into evento (eventoId, nombre, descripcion, fechaInicio, fechaFin, privacidad, ciudadId, mascotaId) values (87, 'evento87', 'descripcion evento 87', '2022-02-13 06:02:19', '2023-10-21 14:25:16', 'Amigos', 46, 52);
insert into evento (eventoId, nombre, descripcion, fechaInicio, fechaFin, privacidad, ciudadId, mascotaId) values (88, 'evento88', 'descripcion evento 88', '2022-09-28 09:37:11', '2023-10-31 20:53:16', 'Amigos', 11, 93);
insert into evento (eventoId, nombre, descripcion, fechaInicio, fechaFin, privacidad, ciudadId, mascotaId) values (89, 'evento89', 'descripcion evento 89', '2022-11-16 14:12:24', '2023-08-27 05:42:55', 'Amigos', 18, 53);
insert into evento (eventoId, nombre, descripcion, fechaInicio, fechaFin, privacidad, ciudadId, mascotaId) values (90, 'evento90', 'descripcion evento 90', '2022-02-27 18:36:29', '2023-05-11 12:40:48', 'Publico', 38, 100);
insert into evento (eventoId, nombre, descripcion, fechaInicio, fechaFin, privacidad, ciudadId, mascotaId) values (91, 'evento91', 'descripcion evento 91', '2022-09-28 04:13:12', '2023-05-14 12:54:41', 'Amigos', 14, 11);
insert into evento (eventoId, nombre, descripcion, fechaInicio, fechaFin, privacidad, ciudadId, mascotaId) values (92, 'evento92', 'descripcion evento 92', '2022-03-06 23:35:20', '2023-12-14 01:37:52', 'Publico', 31, 41);
insert into evento (eventoId, nombre, descripcion, fechaInicio, fechaFin, privacidad, ciudadId, mascotaId) values (93, 'evento93', 'descripcion evento 93', '2022-11-25 06:49:50', '2023-03-06 06:46:27', 'Amigos', 39, 10);
insert into evento (eventoId, nombre, descripcion, fechaInicio, fechaFin, privacidad, ciudadId, mascotaId) values (94, 'evento94', 'descripcion evento 94', '2022-04-14 08:46:00', '2023-01-25 19:29:37', 'Amigos', 48, 63);
insert into evento (eventoId, nombre, descripcion, fechaInicio, fechaFin, privacidad, ciudadId, mascotaId) values (95, 'evento95', 'descripcion evento 95', '2022-01-29 16:51:17', '2023-05-17 12:22:50', 'Publico', 1, 43);
insert into evento (eventoId, nombre, descripcion, fechaInicio, fechaFin, privacidad, ciudadId, mascotaId) values (96, 'evento96', 'descripcion evento 96', '2022-12-10 00:33:51', '2023-05-04 13:30:00', 'Amigos', 13, 70);
insert into evento (eventoId, nombre, descripcion, fechaInicio, fechaFin, privacidad, ciudadId, mascotaId) values (97, 'evento97', 'descripcion evento 97', '2022-07-10 08:55:07', '2023-11-21 13:46:14', 'Privado', 37, 80);
insert into evento (eventoId, nombre, descripcion, fechaInicio, fechaFin, privacidad, ciudadId, mascotaId) values (98, 'evento98', 'descripcion evento 98', '2022-12-07 18:56:33', '2023-10-15 00:11:27', 'Publico', 35, 25);
insert into evento (eventoId, nombre, descripcion, fechaInicio, fechaFin, privacidad, ciudadId, mascotaId) values (99, 'evento99', 'descripcion evento 99', '2022-04-13 23:13:42', '2023-01-14 01:22:12', 'Publico', 5, 17);
insert into evento (eventoId, nombre, descripcion, fechaInicio, fechaFin, privacidad, ciudadId, mascotaId) values (100, 'evento100', 'descripcion evento 100', '2022-05-15 17:02:55', '2023-02-20 12:52:02', 'Privado', 4, 97);
insert into evento (eventoId, nombre, descripcion, fechaInicio, fechaFin, privacidad, ciudadId, mascotaId) values (101, 'evento101', 'descripcion evento 101', '2022-05-09 05:22:22', '2023-08-22 13:26:16', 'Amigos', 48, 66);
insert into evento (eventoId, nombre, descripcion, fechaInicio, fechaFin, privacidad, ciudadId, mascotaId) values (102, 'evento102', 'descripcion evento 102', '2022-03-27 14:42:54', '2023-10-10 04:18:19', 'Amigos', 46, 59);
insert into evento (eventoId, nombre, descripcion, fechaInicio, fechaFin, privacidad, ciudadId, mascotaId) values (103, 'evento103', 'descripcion evento 103', '2022-01-02 22:16:09', '2023-06-25 07:48:20', 'Publico', 37, 5);
insert into evento (eventoId, nombre, descripcion, fechaInicio, fechaFin, privacidad, ciudadId, mascotaId) values (104, 'evento104', 'descripcion evento 104', '2022-05-23 10:30:47', '2023-06-10 10:32:37', 'Amigos', 17, 61);
insert into evento (eventoId, nombre, descripcion, fechaInicio, fechaFin, privacidad, ciudadId, mascotaId) values (105, 'evento105', 'descripcion evento 105', '2022-08-13 13:15:48', '2023-11-10 22:05:28', 'Amigos', 6, 97);
insert into evento (eventoId, nombre, descripcion, fechaInicio, fechaFin, privacidad, ciudadId, mascotaId) values (106, 'evento106', 'descripcion evento 106', '2022-07-19 04:43:28', '2023-02-01 23:01:48', 'Amigos', 19, 62);
insert into evento (eventoId, nombre, descripcion, fechaInicio, fechaFin, privacidad, ciudadId, mascotaId) values (107, 'evento107', 'descripcion evento 107', '2022-09-06 17:09:37', '2023-04-03 22:35:52', 'Privado', 27, 67);
insert into evento (eventoId, nombre, descripcion, fechaInicio, fechaFin, privacidad, ciudadId, mascotaId) values (108, 'evento108', 'descripcion evento 108', '2022-09-29 07:13:54', '2023-01-12 04:22:05', 'Publico', 47, 82);
insert into evento (eventoId, nombre, descripcion, fechaInicio, fechaFin, privacidad, ciudadId, mascotaId) values (109, 'evento109', 'descripcion evento 109', '2022-04-03 04:52:57', '2023-11-10 02:12:03', 'Privado', 47, 68);
insert into evento (eventoId, nombre, descripcion, fechaInicio, fechaFin, privacidad, ciudadId, mascotaId) values (110, 'evento110', 'descripcion evento 110', '2022-08-04 21:09:30', '2023-03-18 20:27:51', 'Publico', 50, 46);
insert into evento (eventoId, nombre, descripcion, fechaInicio, fechaFin, privacidad, ciudadId, mascotaId) values (111, 'evento111', 'descripcion evento 111', '2022-12-29 19:08:31', '2023-09-13 00:18:06', 'Privado', 29, 92);
insert into evento (eventoId, nombre, descripcion, fechaInicio, fechaFin, privacidad, ciudadId, mascotaId) values (112, 'evento112', 'descripcion evento 112', '2022-09-06 05:20:43', '2023-05-27 15:17:26', 'Privado', 18, 40);
insert into evento (eventoId, nombre, descripcion, fechaInicio, fechaFin, privacidad, ciudadId, mascotaId) values (113, 'evento113', 'descripcion evento 113', '2022-01-08 00:43:43', '2023-04-20 11:03:16', 'Amigos', 47, 6);
insert into evento (eventoId, nombre, descripcion, fechaInicio, fechaFin, privacidad, ciudadId, mascotaId) values (114, 'evento114', 'descripcion evento 114', '2022-06-22 14:02:33', '2023-04-18 09:47:25', 'Publico', 30, 49);
insert into evento (eventoId, nombre, descripcion, fechaInicio, fechaFin, privacidad, ciudadId, mascotaId) values (115, 'evento115', 'descripcion evento 115', '2022-08-01 03:17:21', '2023-07-18 13:21:09', 'Amigos', 22, 58);
insert into evento (eventoId, nombre, descripcion, fechaInicio, fechaFin, privacidad, ciudadId, mascotaId) values (116, 'evento116', 'descripcion evento 116', '2022-11-02 22:02:01', '2023-12-28 07:30:25', 'Amigos', 23, 26);
insert into evento (eventoId, nombre, descripcion, fechaInicio, fechaFin, privacidad, ciudadId, mascotaId) values (117, 'evento117', 'descripcion evento 117', '2022-08-28 02:42:58', '2023-09-18 16:11:08', 'Publico', 49, 10);
insert into evento (eventoId, nombre, descripcion, fechaInicio, fechaFin, privacidad, ciudadId, mascotaId) values (118, 'evento118', 'descripcion evento 118', '2022-12-06 15:01:41', '2023-07-29 22:14:31', 'Privado', 19, 7);
insert into evento (eventoId, nombre, descripcion, fechaInicio, fechaFin, privacidad, ciudadId, mascotaId) values (119, 'evento119', 'descripcion evento 119', '2022-01-08 20:07:44', '2023-03-08 06:31:29', 'Publico', 30, 32);
insert into evento (eventoId, nombre, descripcion, fechaInicio, fechaFin, privacidad, ciudadId, mascotaId) values (120, 'evento120', 'descripcion evento 120', '2022-10-19 22:00:34', '2023-03-13 20:37:30', 'Publico', 4, 13);
insert into evento (eventoId, nombre, descripcion, fechaInicio, fechaFin, privacidad, ciudadId, mascotaId) values (121, 'evento121', 'descripcion evento 121', '2022-05-19 08:28:48', '2023-12-20 07:18:55', 'Publico', 16, 34);
insert into evento (eventoId, nombre, descripcion, fechaInicio, fechaFin, privacidad, ciudadId, mascotaId) values (122, 'evento122', 'descripcion evento 122', '2022-08-31 20:25:47', '2023-10-09 22:35:08', 'Publico', 4, 77);
insert into evento (eventoId, nombre, descripcion, fechaInicio, fechaFin, privacidad, ciudadId, mascotaId) values (123, 'evento123', 'descripcion evento 123', '2022-05-16 13:48:55', '2023-09-05 11:01:59', 'Privado', 9, 24);
insert into evento (eventoId, nombre, descripcion, fechaInicio, fechaFin, privacidad, ciudadId, mascotaId) values (124, 'evento124', 'descripcion evento 124', '2022-01-04 04:00:48', '2023-06-09 14:24:16', 'Amigos', 47, 39);
insert into evento (eventoId, nombre, descripcion, fechaInicio, fechaFin, privacidad, ciudadId, mascotaId) values (125, 'evento125', 'descripcion evento 125', '2022-12-15 15:33:41', '2023-08-21 06:35:23', 'Amigos', 7, 74);
insert into evento (eventoId, nombre, descripcion, fechaInicio, fechaFin, privacidad, ciudadId, mascotaId) values (126, 'evento126', 'descripcion evento 126', '2022-11-24 22:13:00', '2023-08-28 19:29:33', 'Privado', 24, 15);
insert into evento (eventoId, nombre, descripcion, fechaInicio, fechaFin, privacidad, ciudadId, mascotaId) values (127, 'evento127', 'descripcion evento 127', '2022-04-14 07:11:34', '2023-12-22 05:33:56', 'Amigos', 17, 60);
insert into evento (eventoId, nombre, descripcion, fechaInicio, fechaFin, privacidad, ciudadId, mascotaId) values (128, 'evento128', 'descripcion evento 128', '2022-10-02 02:40:14', '2023-03-27 11:20:12', 'Amigos', 14, 23);
insert into evento (eventoId, nombre, descripcion, fechaInicio, fechaFin, privacidad, ciudadId, mascotaId) values (129, 'evento129', 'descripcion evento 129', '2022-04-04 05:46:43', '2023-02-07 22:31:30', 'Publico', 34, 54);
insert into evento (eventoId, nombre, descripcion, fechaInicio, fechaFin, privacidad, ciudadId, mascotaId) values (130, 'evento130', 'descripcion evento 130', '2022-08-14 08:53:02', '2023-06-18 12:51:32', 'Publico', 4, 13);
insert into evento (eventoId, nombre, descripcion, fechaInicio, fechaFin, privacidad, ciudadId, mascotaId) values (131, 'evento131', 'descripcion evento 131', '2022-09-05 13:48:43', '2023-04-11 04:13:29', 'Privado', 6, 61);
insert into evento (eventoId, nombre, descripcion, fechaInicio, fechaFin, privacidad, ciudadId, mascotaId) values (132, 'evento132', 'descripcion evento 132', '2022-05-26 15:25:57', '2023-05-22 08:33:16', 'Privado', 17, 89);
insert into evento (eventoId, nombre, descripcion, fechaInicio, fechaFin, privacidad, ciudadId, mascotaId) values (133, 'evento133', 'descripcion evento 133', '2022-11-20 07:12:09', '2023-05-06 17:38:55', 'Amigos', 37, 82);
insert into evento (eventoId, nombre, descripcion, fechaInicio, fechaFin, privacidad, ciudadId, mascotaId) values (134, 'evento134', 'descripcion evento 134', '2022-07-19 16:32:36', '2023-01-20 18:51:03', 'Privado', 10, 99);
insert into evento (eventoId, nombre, descripcion, fechaInicio, fechaFin, privacidad, ciudadId, mascotaId) values (135, 'evento135', 'descripcion evento 135', '2022-11-27 09:08:16', '2023-08-07 06:19:40', 'Amigos', 42, 44);
insert into evento (eventoId, nombre, descripcion, fechaInicio, fechaFin, privacidad, ciudadId, mascotaId) values (136, 'evento136', 'descripcion evento 136', '2022-04-20 16:21:32', '2023-08-01 01:30:25', 'Privado', 31, 8);
insert into evento (eventoId, nombre, descripcion, fechaInicio, fechaFin, privacidad, ciudadId, mascotaId) values (137, 'evento137', 'descripcion evento 137', '2022-10-02 16:56:44', '2023-09-27 21:15:59', 'Publico', 32, 78);
insert into evento (eventoId, nombre, descripcion, fechaInicio, fechaFin, privacidad, ciudadId, mascotaId) values (138, 'evento138', 'descripcion evento 138', '2022-09-27 14:08:28', '2023-08-10 19:02:30', 'Privado', 29, 90);
insert into evento (eventoId, nombre, descripcion, fechaInicio, fechaFin, privacidad, ciudadId, mascotaId) values (139, 'evento139', 'descripcion evento 139', '2022-06-29 02:53:37', '2023-05-01 22:14:10', 'Amigos', 28, 32);
insert into evento (eventoId, nombre, descripcion, fechaInicio, fechaFin, privacidad, ciudadId, mascotaId) values (140, 'evento140', 'descripcion evento 140', '2022-12-14 10:09:55', '2023-01-03 23:55:52', 'Publico', 5, 45);
insert into evento (eventoId, nombre, descripcion, fechaInicio, fechaFin, privacidad, ciudadId, mascotaId) values (141, 'evento141', 'descripcion evento 141', '2022-09-17 02:34:08', '2023-08-07 13:27:05', 'Amigos', 41, 28);
insert into evento (eventoId, nombre, descripcion, fechaInicio, fechaFin, privacidad, ciudadId, mascotaId) values (142, 'evento142', 'descripcion evento 142', '2022-05-08 01:08:02', '2023-01-18 12:51:40', 'Privado', 49, 32);
insert into evento (eventoId, nombre, descripcion, fechaInicio, fechaFin, privacidad, ciudadId, mascotaId) values (143, 'evento143', 'descripcion evento 143', '2022-08-06 20:53:21', '2023-11-20 00:36:28', 'Publico', 35, 25);
insert into evento (eventoId, nombre, descripcion, fechaInicio, fechaFin, privacidad, ciudadId, mascotaId) values (144, 'evento144', 'descripcion evento 144', '2022-07-24 04:31:32', '2023-10-16 22:28:56', 'Amigos', 38, 53);
insert into evento (eventoId, nombre, descripcion, fechaInicio, fechaFin, privacidad, ciudadId, mascotaId) values (145, 'evento145', 'descripcion evento 145', '2022-03-26 22:33:44', '2023-07-28 09:38:01', 'Privado', 18, 87);
insert into evento (eventoId, nombre, descripcion, fechaInicio, fechaFin, privacidad, ciudadId, mascotaId) values (146, 'evento146', 'descripcion evento 146', '2022-04-17 04:24:06', '2023-07-22 01:39:50', 'Amigos', 3, 32);
insert into evento (eventoId, nombre, descripcion, fechaInicio, fechaFin, privacidad, ciudadId, mascotaId) values (147, 'evento147', 'descripcion evento 147', '2022-05-17 16:10:17', '2023-09-01 06:50:55', 'Amigos', 2, 73);
insert into evento (eventoId, nombre, descripcion, fechaInicio, fechaFin, privacidad, ciudadId, mascotaId) values (148, 'evento148', 'descripcion evento 148', '2022-06-02 19:53:46', '2023-02-24 12:48:53', 'Privado', 46, 56);
insert into evento (eventoId, nombre, descripcion, fechaInicio, fechaFin, privacidad, ciudadId, mascotaId) values (149, 'evento149', 'descripcion evento 149', '2022-11-25 20:34:59', '2023-11-08 17:30:16', 'Publico', 25, 72);
insert into evento (eventoId, nombre, descripcion, fechaInicio, fechaFin, privacidad, ciudadId, mascotaId) values (150, 'evento150', 'descripcion evento 150', '2022-07-14 13:47:38', '2023-09-13 20:20:48', 'Privado', 39, 39);
insert into evento (eventoId, nombre, descripcion, fechaInicio, fechaFin, privacidad, ciudadId, mascotaId) values (151, 'evento151', 'descripcion evento 151', '2022-03-12 22:12:30', '2023-08-26 22:37:38', 'Publico', 17, 58);
insert into evento (eventoId, nombre, descripcion, fechaInicio, fechaFin, privacidad, ciudadId, mascotaId) values (152, 'evento152', 'descripcion evento 152', '2022-10-28 22:57:50', '2023-05-22 09:25:17', 'Privado', 23, 43);
insert into evento (eventoId, nombre, descripcion, fechaInicio, fechaFin, privacidad, ciudadId, mascotaId) values (153, 'evento153', 'descripcion evento 153', '2022-12-10 07:42:28', '2023-05-06 15:13:07', 'Privado', 4, 8);
insert into evento (eventoId, nombre, descripcion, fechaInicio, fechaFin, privacidad, ciudadId, mascotaId) values (154, 'evento154', 'descripcion evento 154', '2022-02-21 21:06:39', '2023-07-17 08:36:29', 'Privado', 2, 26);
insert into evento (eventoId, nombre, descripcion, fechaInicio, fechaFin, privacidad, ciudadId, mascotaId) values (155, 'evento155', 'descripcion evento 155', '2022-04-14 15:31:05', '2023-03-28 06:32:24', 'Publico', 5, 40);
insert into evento (eventoId, nombre, descripcion, fechaInicio, fechaFin, privacidad, ciudadId, mascotaId) values (156, 'evento156', 'descripcion evento 156', '2022-07-21 14:42:23', '2023-10-11 06:08:44', 'Amigos', 34, 86);
insert into evento (eventoId, nombre, descripcion, fechaInicio, fechaFin, privacidad, ciudadId, mascotaId) values (157, 'evento157', 'descripcion evento 157', '2022-08-22 05:08:47', '2023-02-07 11:44:48', 'Privado', 44, 69);
insert into evento (eventoId, nombre, descripcion, fechaInicio, fechaFin, privacidad, ciudadId, mascotaId) values (158, 'evento158', 'descripcion evento 158', '2022-11-14 15:22:29', '2023-11-19 03:32:45', 'Publico', 33, 70);
insert into evento (eventoId, nombre, descripcion, fechaInicio, fechaFin, privacidad, ciudadId, mascotaId) values (159, 'evento159', 'descripcion evento 159', '2022-10-31 15:10:58', '2023-10-27 00:42:08', 'Privado', 44, 67);
insert into evento (eventoId, nombre, descripcion, fechaInicio, fechaFin, privacidad, ciudadId, mascotaId) values (160, 'evento160', 'descripcion evento 160', '2022-06-11 04:41:11', '2023-03-02 14:02:35', 'Publico', 34, 20);
insert into evento (eventoId, nombre, descripcion, fechaInicio, fechaFin, privacidad, ciudadId, mascotaId) values (161, 'evento161', 'descripcion evento 161', '2022-03-05 10:11:08', '2023-05-03 07:42:47', 'Privado', 1, 11);
insert into evento (eventoId, nombre, descripcion, fechaInicio, fechaFin, privacidad, ciudadId, mascotaId) values (162, 'evento162', 'descripcion evento 162', '2022-10-25 12:53:26', '2023-05-09 08:49:03', 'Privado', 40, 92);
insert into evento (eventoId, nombre, descripcion, fechaInicio, fechaFin, privacidad, ciudadId, mascotaId) values (163, 'evento163', 'descripcion evento 163', '2022-02-27 06:28:27', '2023-08-09 06:11:50', 'Publico', 32, 87);
insert into evento (eventoId, nombre, descripcion, fechaInicio, fechaFin, privacidad, ciudadId, mascotaId) values (164, 'evento164', 'descripcion evento 164', '2022-04-28 05:10:08', '2023-12-09 03:36:23', 'Amigos', 5, 97);
insert into evento (eventoId, nombre, descripcion, fechaInicio, fechaFin, privacidad, ciudadId, mascotaId) values (165, 'evento165', 'descripcion evento 165', '2022-05-02 15:50:35', '2023-07-18 13:05:39', 'Amigos', 7, 27);
insert into evento (eventoId, nombre, descripcion, fechaInicio, fechaFin, privacidad, ciudadId, mascotaId) values (166, 'evento166', 'descripcion evento 166', '2022-06-14 17:47:55', '2023-12-29 09:56:44', 'Amigos', 6, 65);
insert into evento (eventoId, nombre, descripcion, fechaInicio, fechaFin, privacidad, ciudadId, mascotaId) values (167, 'evento167', 'descripcion evento 167', '2022-09-03 01:53:01', '2023-06-20 04:27:32', 'Publico', 37, 78);
insert into evento (eventoId, nombre, descripcion, fechaInicio, fechaFin, privacidad, ciudadId, mascotaId) values (168, 'evento168', 'descripcion evento 168', '2022-05-14 23:56:35', '2023-06-18 23:21:44', 'Amigos', 22, 25);
insert into evento (eventoId, nombre, descripcion, fechaInicio, fechaFin, privacidad, ciudadId, mascotaId) values (169, 'evento169', 'descripcion evento 169', '2022-08-16 11:42:16', '2023-03-04 21:21:49', 'Amigos', 8, 69);
insert into evento (eventoId, nombre, descripcion, fechaInicio, fechaFin, privacidad, ciudadId, mascotaId) values (170, 'evento170', 'descripcion evento 170', '2022-09-26 15:43:41', '2023-12-20 20:30:05', 'Amigos', 25, 54);
insert into evento (eventoId, nombre, descripcion, fechaInicio, fechaFin, privacidad, ciudadId, mascotaId) values (171, 'evento171', 'descripcion evento 171', '2022-10-27 19:17:38', '2023-05-11 13:28:08', 'Amigos', 11, 88);
insert into evento (eventoId, nombre, descripcion, fechaInicio, fechaFin, privacidad, ciudadId, mascotaId) values (172, 'evento172', 'descripcion evento 172', '2022-07-19 15:53:15', '2023-06-16 01:32:42', 'Publico', 47, 24);
insert into evento (eventoId, nombre, descripcion, fechaInicio, fechaFin, privacidad, ciudadId, mascotaId) values (173, 'evento173', 'descripcion evento 173', '2022-11-20 21:09:08', '2023-06-25 00:27:51', 'Amigos', 19, 33);
insert into evento (eventoId, nombre, descripcion, fechaInicio, fechaFin, privacidad, ciudadId, mascotaId) values (174, 'evento174', 'descripcion evento 174', '2022-09-11 01:58:59', '2023-03-24 18:32:50', 'Amigos', 43, 49);
insert into evento (eventoId, nombre, descripcion, fechaInicio, fechaFin, privacidad, ciudadId, mascotaId) values (175, 'evento175', 'descripcion evento 175', '2022-04-09 11:34:45', '2023-10-15 10:07:57', 'Privado', 29, 71);
insert into evento (eventoId, nombre, descripcion, fechaInicio, fechaFin, privacidad, ciudadId, mascotaId) values (176, 'evento176', 'descripcion evento 176', '2022-03-13 06:45:05', '2023-11-23 11:21:32', 'Amigos', 45, 71);
insert into evento (eventoId, nombre, descripcion, fechaInicio, fechaFin, privacidad, ciudadId, mascotaId) values (177, 'evento177', 'descripcion evento 177', '2022-07-19 18:11:19', '2023-12-26 04:49:33', 'Amigos', 3, 81);
insert into evento (eventoId, nombre, descripcion, fechaInicio, fechaFin, privacidad, ciudadId, mascotaId) values (178, 'evento178', 'descripcion evento 178', '2022-04-01 09:52:30', '2023-07-29 18:19:51', 'Privado', 30, 84);
insert into evento (eventoId, nombre, descripcion, fechaInicio, fechaFin, privacidad, ciudadId, mascotaId) values (179, 'evento179', 'descripcion evento 179', '2022-11-18 11:57:20', '2023-10-23 23:15:27', 'Amigos', 34, 82);
insert into evento (eventoId, nombre, descripcion, fechaInicio, fechaFin, privacidad, ciudadId, mascotaId) values (180, 'evento180', 'descripcion evento 180', '2022-01-02 23:23:35', '2023-03-18 22:28:16', 'Amigos', 50, 86);
insert into evento (eventoId, nombre, descripcion, fechaInicio, fechaFin, privacidad, ciudadId, mascotaId) values (181, 'evento181', 'descripcion evento 181', '2022-10-06 09:08:38', '2023-08-30 06:44:35', 'Privado', 5, 23);
insert into evento (eventoId, nombre, descripcion, fechaInicio, fechaFin, privacidad, ciudadId, mascotaId) values (182, 'evento182', 'descripcion evento 182', '2022-12-04 22:31:18', '2023-11-14 01:29:12', 'Publico', 7, 80);
insert into evento (eventoId, nombre, descripcion, fechaInicio, fechaFin, privacidad, ciudadId, mascotaId) values (183, 'evento183', 'descripcion evento 183', '2022-11-15 10:57:31', '2023-01-17 07:33:17', 'Publico', 47, 95);
insert into evento (eventoId, nombre, descripcion, fechaInicio, fechaFin, privacidad, ciudadId, mascotaId) values (184, 'evento184', 'descripcion evento 184', '2022-05-28 07:57:39', '2023-01-16 19:02:52', 'Amigos', 42, 81);
insert into evento (eventoId, nombre, descripcion, fechaInicio, fechaFin, privacidad, ciudadId, mascotaId) values (185, 'evento185', 'descripcion evento 185', '2022-08-31 12:58:46', '2023-07-01 18:11:55', 'Amigos', 11, 14);
insert into evento (eventoId, nombre, descripcion, fechaInicio, fechaFin, privacidad, ciudadId, mascotaId) values (186, 'evento186', 'descripcion evento 186', '2022-02-06 20:23:28', '2023-10-13 19:40:30', 'Publico', 24, 36);
insert into evento (eventoId, nombre, descripcion, fechaInicio, fechaFin, privacidad, ciudadId, mascotaId) values (187, 'evento187', 'descripcion evento 187', '2022-07-26 02:47:47', '2023-01-18 10:39:30', 'Amigos', 31, 81);
insert into evento (eventoId, nombre, descripcion, fechaInicio, fechaFin, privacidad, ciudadId, mascotaId) values (188, 'evento188', 'descripcion evento 188', '2022-12-11 11:26:01', '2023-08-17 02:48:49', 'Publico', 9, 9);
insert into evento (eventoId, nombre, descripcion, fechaInicio, fechaFin, privacidad, ciudadId, mascotaId) values (189, 'evento189', 'descripcion evento 189', '2022-07-16 20:33:49', '2023-05-29 06:59:44', 'Privado', 47, 51);
insert into evento (eventoId, nombre, descripcion, fechaInicio, fechaFin, privacidad, ciudadId, mascotaId) values (190, 'evento190', 'descripcion evento 190', '2022-12-08 20:24:53', '2023-04-11 19:38:37', 'Privado', 27, 71);
insert into evento (eventoId, nombre, descripcion, fechaInicio, fechaFin, privacidad, ciudadId, mascotaId) values (191, 'evento191', 'descripcion evento 191', '2022-01-09 19:08:37', '2023-12-12 23:57:12', 'Privado', 25, 86);
insert into evento (eventoId, nombre, descripcion, fechaInicio, fechaFin, privacidad, ciudadId, mascotaId) values (192, 'evento192', 'descripcion evento 192', '2022-05-19 19:15:24', '2023-07-19 23:21:11', 'Privado', 43, 67);
insert into evento (eventoId, nombre, descripcion, fechaInicio, fechaFin, privacidad, ciudadId, mascotaId) values (193, 'evento193', 'descripcion evento 193', '2022-06-11 08:45:14', '2023-09-10 06:32:10', 'Amigos', 36, 58);
insert into evento (eventoId, nombre, descripcion, fechaInicio, fechaFin, privacidad, ciudadId, mascotaId) values (194, 'evento194', 'descripcion evento 194', '2022-06-22 06:11:17', '2023-11-17 09:01:31', 'Privado', 41, 80);
insert into evento (eventoId, nombre, descripcion, fechaInicio, fechaFin, privacidad, ciudadId, mascotaId) values (195, 'evento195', 'descripcion evento 195', '2022-01-18 10:22:15', '2023-06-29 01:12:10', 'Publico', 6, 42);
insert into evento (eventoId, nombre, descripcion, fechaInicio, fechaFin, privacidad, ciudadId, mascotaId) values (196, 'evento196', 'descripcion evento 196', '2022-07-08 12:42:18', '2023-05-28 02:22:12', 'Privado', 43, 46);
insert into evento (eventoId, nombre, descripcion, fechaInicio, fechaFin, privacidad, ciudadId, mascotaId) values (197, 'evento197', 'descripcion evento 197', '2022-10-21 06:06:44', '2023-02-11 01:17:38', 'Amigos', 17, 39);
insert into evento (eventoId, nombre, descripcion, fechaInicio, fechaFin, privacidad, ciudadId, mascotaId) values (198, 'evento198', 'descripcion evento 198', '2022-10-05 07:47:18', '2023-08-11 19:39:02', 'Amigos', 35, 38);
insert into evento (eventoId, nombre, descripcion, fechaInicio, fechaFin, privacidad, ciudadId, mascotaId) values (199, 'evento199', 'descripcion evento 199', '2022-09-07 09:10:26', '2023-09-26 15:51:13', 'Publico', 49, 73);
insert into evento (eventoId, nombre, descripcion, fechaInicio, fechaFin, privacidad, ciudadId, mascotaId) values (200, 'evento200', 'descripcion evento 200', '2022-04-09 16:13:26', '2023-06-21 12:34:38', 'Privado', 42, 59);
insert into evento (eventoId, nombre, descripcion, fechaInicio, fechaFin, privacidad, ciudadId, mascotaId) values (201, 'evento201', 'descripcion evento 201', '2022-12-16 03:52:11', '2023-06-18 09:48:21', 'Privado', 29, 5);
insert into evento (eventoId, nombre, descripcion, fechaInicio, fechaFin, privacidad, ciudadId, mascotaId) values (202, 'evento202', 'descripcion evento 202', '2022-01-07 17:57:25', '2023-04-06 05:58:36', 'Publico', 49, 96);
insert into evento (eventoId, nombre, descripcion, fechaInicio, fechaFin, privacidad, ciudadId, mascotaId) values (203, 'evento203', 'descripcion evento 203', '2022-05-17 18:34:37', '2023-11-14 16:18:56', 'Amigos', 18, 5);
insert into evento (eventoId, nombre, descripcion, fechaInicio, fechaFin, privacidad, ciudadId, mascotaId) values (204, 'evento204', 'descripcion evento 204', '2022-07-23 00:02:30', '2023-11-18 03:55:17', 'Amigos', 30, 38);
insert into evento (eventoId, nombre, descripcion, fechaInicio, fechaFin, privacidad, ciudadId, mascotaId) values (205, 'evento205', 'descripcion evento 205', '2022-03-16 03:53:09', '2023-09-24 14:48:36', 'Publico', 36, 15);
insert into evento (eventoId, nombre, descripcion, fechaInicio, fechaFin, privacidad, ciudadId, mascotaId) values (206, 'evento206', 'descripcion evento 206', '2022-03-28 10:55:34', '2023-06-02 17:17:27', 'Publico', 8, 46);
insert into evento (eventoId, nombre, descripcion, fechaInicio, fechaFin, privacidad, ciudadId, mascotaId) values (207, 'evento207', 'descripcion evento 207', '2022-05-15 09:12:25', '2023-03-06 17:44:08', 'Amigos', 40, 4);
insert into evento (eventoId, nombre, descripcion, fechaInicio, fechaFin, privacidad, ciudadId, mascotaId) values (208, 'evento208', 'descripcion evento 208', '2022-06-01 09:35:16', '2023-02-23 18:01:51', 'Publico', 47, 1);
insert into evento (eventoId, nombre, descripcion, fechaInicio, fechaFin, privacidad, ciudadId, mascotaId) values (209, 'evento209', 'descripcion evento 209', '2022-03-25 13:05:55', '2023-11-23 22:37:09', 'Publico', 6, 57);
insert into evento (eventoId, nombre, descripcion, fechaInicio, fechaFin, privacidad, ciudadId, mascotaId) values (210, 'evento210', 'descripcion evento 210', '2022-06-10 04:54:58', '2023-02-02 04:28:07', 'Amigos', 27, 2);
insert into evento (eventoId, nombre, descripcion, fechaInicio, fechaFin, privacidad, ciudadId, mascotaId) values (211, 'evento211', 'descripcion evento 211', '2022-05-27 09:49:57', '2023-12-10 10:51:21', 'Amigos', 25, 21);
insert into evento (eventoId, nombre, descripcion, fechaInicio, fechaFin, privacidad, ciudadId, mascotaId) values (212, 'evento212', 'descripcion evento 212', '2022-02-15 11:16:54', '2023-07-06 03:04:50', 'Privado', 47, 46);
insert into evento (eventoId, nombre, descripcion, fechaInicio, fechaFin, privacidad, ciudadId, mascotaId) values (213, 'evento213', 'descripcion evento 213', '2022-05-07 05:33:49', '2023-10-04 08:32:24', 'Privado', 15, 74);
insert into evento (eventoId, nombre, descripcion, fechaInicio, fechaFin, privacidad, ciudadId, mascotaId) values (214, 'evento214', 'descripcion evento 214', '2022-06-13 05:06:13', '2023-10-02 12:24:09', 'Publico', 8, 93);
insert into evento (eventoId, nombre, descripcion, fechaInicio, fechaFin, privacidad, ciudadId, mascotaId) values (215, 'evento215', 'descripcion evento 215', '2022-03-31 04:52:45', '2023-05-29 18:23:59', 'Privado', 16, 55);
insert into evento (eventoId, nombre, descripcion, fechaInicio, fechaFin, privacidad, ciudadId, mascotaId) values (216, 'evento216', 'descripcion evento 216', '2022-10-17 13:35:36', '2023-12-28 17:12:56', 'Privado', 8, 56);
insert into evento (eventoId, nombre, descripcion, fechaInicio, fechaFin, privacidad, ciudadId, mascotaId) values (217, 'evento217', 'descripcion evento 217', '2022-04-30 15:23:20', '2023-04-08 11:57:54', 'Privado', 3, 2);
insert into evento (eventoId, nombre, descripcion, fechaInicio, fechaFin, privacidad, ciudadId, mascotaId) values (218, 'evento218', 'descripcion evento 218', '2022-12-24 16:22:50', '2023-02-13 19:25:07', 'Amigos', 49, 64);
insert into evento (eventoId, nombre, descripcion, fechaInicio, fechaFin, privacidad, ciudadId, mascotaId) values (219, 'evento219', 'descripcion evento 219', '2022-03-26 14:53:54', '2023-07-31 13:40:29', 'Privado', 27, 61);
insert into evento (eventoId, nombre, descripcion, fechaInicio, fechaFin, privacidad, ciudadId, mascotaId) values (220, 'evento220', 'descripcion evento 220', '2022-06-08 23:52:01', '2023-01-08 08:21:05', 'Publico', 45, 18);
insert into evento (eventoId, nombre, descripcion, fechaInicio, fechaFin, privacidad, ciudadId, mascotaId) values (221, 'evento221', 'descripcion evento 221', '2022-10-26 07:01:17', '2023-02-08 23:56:16', 'Amigos', 7, 45);
insert into evento (eventoId, nombre, descripcion, fechaInicio, fechaFin, privacidad, ciudadId, mascotaId) values (222, 'evento222', 'descripcion evento 222', '2022-03-25 08:20:42', '2023-06-30 20:58:30', 'Publico', 50, 91);
insert into evento (eventoId, nombre, descripcion, fechaInicio, fechaFin, privacidad, ciudadId, mascotaId) values (223, 'evento223', 'descripcion evento 223', '2022-10-05 09:22:23', '2023-08-14 18:00:37', 'Amigos', 24, 64);
insert into evento (eventoId, nombre, descripcion, fechaInicio, fechaFin, privacidad, ciudadId, mascotaId) values (224, 'evento224', 'descripcion evento 224', '2022-01-18 22:43:16', '2023-11-19 19:47:37', 'Publico', 19, 62);
insert into evento (eventoId, nombre, descripcion, fechaInicio, fechaFin, privacidad, ciudadId, mascotaId) values (225, 'evento225', 'descripcion evento 225', '2022-02-26 02:35:04', '2023-09-04 21:59:39', 'Privado', 19, 63);
insert into evento (eventoId, nombre, descripcion, fechaInicio, fechaFin, privacidad, ciudadId, mascotaId) values (226, 'evento226', 'descripcion evento 226', '2022-06-14 14:02:12', '2023-02-26 02:08:04', 'Amigos', 44, 50);
insert into evento (eventoId, nombre, descripcion, fechaInicio, fechaFin, privacidad, ciudadId, mascotaId) values (227, 'evento227', 'descripcion evento 227', '2022-10-22 18:32:14', '2023-01-10 08:31:59', 'Privado', 37, 5);
insert into evento (eventoId, nombre, descripcion, fechaInicio, fechaFin, privacidad, ciudadId, mascotaId) values (228, 'evento228', 'descripcion evento 228', '2022-11-11 06:06:58', '2023-06-30 13:14:27', 'Privado', 18, 13);
insert into evento (eventoId, nombre, descripcion, fechaInicio, fechaFin, privacidad, ciudadId, mascotaId) values (229, 'evento229', 'descripcion evento 229', '2022-04-11 12:31:26', '2023-02-13 22:59:14', 'Amigos', 14, 97);
insert into evento (eventoId, nombre, descripcion, fechaInicio, fechaFin, privacidad, ciudadId, mascotaId) values (230, 'evento230', 'descripcion evento 230', '2022-07-19 02:47:41', '2023-03-23 20:14:18', 'Publico', 38, 21);
insert into evento (eventoId, nombre, descripcion, fechaInicio, fechaFin, privacidad, ciudadId, mascotaId) values (231, 'evento231', 'descripcion evento 231', '2022-05-02 22:07:57', '2023-04-25 01:11:33', 'Publico', 21, 21);
insert into evento (eventoId, nombre, descripcion, fechaInicio, fechaFin, privacidad, ciudadId, mascotaId) values (232, 'evento232', 'descripcion evento 232', '2022-02-01 14:52:08', '2023-07-04 23:30:13', 'Privado', 45, 73);
insert into evento (eventoId, nombre, descripcion, fechaInicio, fechaFin, privacidad, ciudadId, mascotaId) values (233, 'evento233', 'descripcion evento 233', '2022-11-16 09:00:58', '2023-01-08 15:11:58', 'Privado', 4, 56);
insert into evento (eventoId, nombre, descripcion, fechaInicio, fechaFin, privacidad, ciudadId, mascotaId) values (234, 'evento234', 'descripcion evento 234', '2022-08-02 23:42:24', '2023-05-31 07:50:39', 'Amigos', 39, 97);
insert into evento (eventoId, nombre, descripcion, fechaInicio, fechaFin, privacidad, ciudadId, mascotaId) values (235, 'evento235', 'descripcion evento 235', '2022-06-12 01:07:14', '2023-03-11 08:32:57', 'Amigos', 45, 34);
insert into evento (eventoId, nombre, descripcion, fechaInicio, fechaFin, privacidad, ciudadId, mascotaId) values (236, 'evento236', 'descripcion evento 236', '2022-04-22 21:25:03', '2023-10-25 15:16:01', 'Privado', 16, 7);
insert into evento (eventoId, nombre, descripcion, fechaInicio, fechaFin, privacidad, ciudadId, mascotaId) values (237, 'evento237', 'descripcion evento 237', '2022-06-05 23:57:24', '2023-02-24 08:39:23', 'Publico', 1, 45);
insert into evento (eventoId, nombre, descripcion, fechaInicio, fechaFin, privacidad, ciudadId, mascotaId) values (238, 'evento238', 'descripcion evento 238', '2022-12-24 21:02:17', '2023-08-06 23:28:51', 'Privado', 33, 92);
insert into evento (eventoId, nombre, descripcion, fechaInicio, fechaFin, privacidad, ciudadId, mascotaId) values (239, 'evento239', 'descripcion evento 239', '2022-03-16 08:15:36', '2023-06-11 07:00:28', 'Privado', 46, 33);
insert into evento (eventoId, nombre, descripcion, fechaInicio, fechaFin, privacidad, ciudadId, mascotaId) values (240, 'evento240', 'descripcion evento 240', '2022-05-15 13:52:37', '2023-02-20 10:10:44', 'Publico', 26, 4);
insert into evento (eventoId, nombre, descripcion, fechaInicio, fechaFin, privacidad, ciudadId, mascotaId) values (241, 'evento241', 'descripcion evento 241', '2022-11-09 22:34:51', '2023-07-05 03:22:37', 'Publico', 50, 54);
insert into evento (eventoId, nombre, descripcion, fechaInicio, fechaFin, privacidad, ciudadId, mascotaId) values (242, 'evento242', 'descripcion evento 242', '2022-03-25 20:54:52', '2023-10-28 23:05:03', 'Amigos', 7, 94);
insert into evento (eventoId, nombre, descripcion, fechaInicio, fechaFin, privacidad, ciudadId, mascotaId) values (243, 'evento243', 'descripcion evento 243', '2022-05-15 17:29:53', '2023-08-01 22:35:03', 'Amigos', 44, 44);
insert into evento (eventoId, nombre, descripcion, fechaInicio, fechaFin, privacidad, ciudadId, mascotaId) values (244, 'evento244', 'descripcion evento 244', '2022-03-14 21:38:12', '2023-08-03 10:31:05', 'Privado', 31, 20);
insert into evento (eventoId, nombre, descripcion, fechaInicio, fechaFin, privacidad, ciudadId, mascotaId) values (245, 'evento245', 'descripcion evento 245', '2022-10-28 10:54:07', '2023-08-18 10:33:37', 'Amigos', 41, 66);
insert into evento (eventoId, nombre, descripcion, fechaInicio, fechaFin, privacidad, ciudadId, mascotaId) values (246, 'evento246', 'descripcion evento 246', '2022-12-03 18:20:32', '2023-05-24 03:48:17', 'Privado', 29, 15);
insert into evento (eventoId, nombre, descripcion, fechaInicio, fechaFin, privacidad, ciudadId, mascotaId) values (247, 'evento247', 'descripcion evento 247', '2022-12-05 12:54:33', '2023-01-06 09:55:45', 'Privado', 7, 19);
insert into evento (eventoId, nombre, descripcion, fechaInicio, fechaFin, privacidad, ciudadId, mascotaId) values (248, 'evento248', 'descripcion evento 248', '2022-02-09 00:20:28', '2023-03-20 20:54:48', 'Publico', 18, 57);
insert into evento (eventoId, nombre, descripcion, fechaInicio, fechaFin, privacidad, ciudadId, mascotaId) values (249, 'evento249', 'descripcion evento 249', '2022-03-30 13:52:00', '2023-07-01 03:11:35', 'Amigos', 48, 26);
insert into evento (eventoId, nombre, descripcion, fechaInicio, fechaFin, privacidad, ciudadId, mascotaId) values (250, 'evento250', 'descripcion evento 250', '2022-11-17 23:25:55', '2023-08-09 13:11:45', 'Publico', 42, 48);
insert into evento (eventoId, nombre, descripcion, fechaInicio, fechaFin, privacidad, ciudadId, mascotaId) values (251, 'evento251', 'descripcion evento 251', '2022-01-02 18:53:01', '2023-08-15 13:40:28', 'Amigos', 49, 21);
insert into evento (eventoId, nombre, descripcion, fechaInicio, fechaFin, privacidad, ciudadId, mascotaId) values (252, 'evento252', 'descripcion evento 252', '2022-05-04 18:05:16', '2023-10-16 04:29:12', 'Privado', 10, 62);
insert into evento (eventoId, nombre, descripcion, fechaInicio, fechaFin, privacidad, ciudadId, mascotaId) values (253, 'evento253', 'descripcion evento 253', '2022-01-22 22:01:12', '2023-10-06 08:14:41', 'Publico', 50, 13);
insert into evento (eventoId, nombre, descripcion, fechaInicio, fechaFin, privacidad, ciudadId, mascotaId) values (254, 'evento254', 'descripcion evento 254', '2022-04-27 14:25:00', '2023-02-18 11:42:10', 'Amigos', 4, 42);
insert into evento (eventoId, nombre, descripcion, fechaInicio, fechaFin, privacidad, ciudadId, mascotaId) values (255, 'evento255', 'descripcion evento 255', '2022-12-26 05:11:12', '2023-03-10 07:49:33', 'Amigos', 6, 59);
insert into evento (eventoId, nombre, descripcion, fechaInicio, fechaFin, privacidad, ciudadId, mascotaId) values (256, 'evento256', 'descripcion evento 256', '2022-11-16 02:42:55', '2023-05-11 22:43:11', 'Amigos', 44, 85);
insert into evento (eventoId, nombre, descripcion, fechaInicio, fechaFin, privacidad, ciudadId, mascotaId) values (257, 'evento257', 'descripcion evento 257', '2022-05-03 22:16:34', '2023-01-30 19:04:10', 'Amigos', 2, 9);
insert into evento (eventoId, nombre, descripcion, fechaInicio, fechaFin, privacidad, ciudadId, mascotaId) values (258, 'evento258', 'descripcion evento 258', '2022-08-31 11:06:19', '2023-11-07 19:44:07', 'Privado', 24, 23);
insert into evento (eventoId, nombre, descripcion, fechaInicio, fechaFin, privacidad, ciudadId, mascotaId) values (259, 'evento259', 'descripcion evento 259', '2022-06-05 18:23:31', '2023-11-20 04:45:13', 'Privado', 28, 3);
insert into evento (eventoId, nombre, descripcion, fechaInicio, fechaFin, privacidad, ciudadId, mascotaId) values (260, 'evento260', 'descripcion evento 260', '2022-11-12 08:27:37', '2023-07-04 19:56:34', 'Publico', 30, 2);
insert into evento (eventoId, nombre, descripcion, fechaInicio, fechaFin, privacidad, ciudadId, mascotaId) values (261, 'evento261', 'descripcion evento 261', '2022-11-11 11:01:32', '2023-11-28 15:44:47', 'Publico', 3, 86);
insert into evento (eventoId, nombre, descripcion, fechaInicio, fechaFin, privacidad, ciudadId, mascotaId) values (262, 'evento262', 'descripcion evento 262', '2022-06-22 07:35:18', '2023-08-28 03:58:57', 'Privado', 6, 8);
insert into evento (eventoId, nombre, descripcion, fechaInicio, fechaFin, privacidad, ciudadId, mascotaId) values (263, 'evento263', 'descripcion evento 263', '2022-04-12 22:50:35', '2023-06-21 13:52:33', 'Publico', 7, 24);
insert into evento (eventoId, nombre, descripcion, fechaInicio, fechaFin, privacidad, ciudadId, mascotaId) values (264, 'evento264', 'descripcion evento 264', '2022-11-12 17:35:47', '2023-03-10 05:44:13', 'Amigos', 37, 98);
insert into evento (eventoId, nombre, descripcion, fechaInicio, fechaFin, privacidad, ciudadId, mascotaId) values (265, 'evento265', 'descripcion evento 265', '2022-10-03 03:06:04', '2023-10-21 07:27:15', 'Amigos', 31, 48);
insert into evento (eventoId, nombre, descripcion, fechaInicio, fechaFin, privacidad, ciudadId, mascotaId) values (266, 'evento266', 'descripcion evento 266', '2022-05-08 17:25:33', '2023-05-11 06:15:10', 'Amigos', 31, 33);
insert into evento (eventoId, nombre, descripcion, fechaInicio, fechaFin, privacidad, ciudadId, mascotaId) values (267, 'evento267', 'descripcion evento 267', '2022-01-04 21:27:47', '2023-05-29 17:44:24', 'Privado', 43, 50);
insert into evento (eventoId, nombre, descripcion, fechaInicio, fechaFin, privacidad, ciudadId, mascotaId) values (268, 'evento268', 'descripcion evento 268', '2022-09-21 09:39:47', '2023-10-06 16:33:15', 'Publico', 34, 13);
insert into evento (eventoId, nombre, descripcion, fechaInicio, fechaFin, privacidad, ciudadId, mascotaId) values (269, 'evento269', 'descripcion evento 269', '2022-05-20 17:51:54', '2023-03-19 09:07:33', 'Privado', 26, 61);
insert into evento (eventoId, nombre, descripcion, fechaInicio, fechaFin, privacidad, ciudadId, mascotaId) values (270, 'evento270', 'descripcion evento 270', '2022-03-29 07:42:49', '2023-01-28 06:23:19', 'Privado', 22, 1);
insert into evento (eventoId, nombre, descripcion, fechaInicio, fechaFin, privacidad, ciudadId, mascotaId) values (271, 'evento271', 'descripcion evento 271', '2022-06-10 18:25:16', '2023-11-14 12:44:30', 'Publico', 19, 23);
insert into evento (eventoId, nombre, descripcion, fechaInicio, fechaFin, privacidad, ciudadId, mascotaId) values (272, 'evento272', 'descripcion evento 272', '2022-03-27 04:14:52', '2023-09-22 08:06:08', 'Amigos', 37, 35);
insert into evento (eventoId, nombre, descripcion, fechaInicio, fechaFin, privacidad, ciudadId, mascotaId) values (273, 'evento273', 'descripcion evento 273', '2022-05-17 13:43:04', '2023-06-05 16:14:22', 'Amigos', 5, 78);
insert into evento (eventoId, nombre, descripcion, fechaInicio, fechaFin, privacidad, ciudadId, mascotaId) values (274, 'evento274', 'descripcion evento 274', '2022-01-25 00:23:28', '2023-08-12 07:40:46', 'Amigos', 36, 33);
insert into evento (eventoId, nombre, descripcion, fechaInicio, fechaFin, privacidad, ciudadId, mascotaId) values (275, 'evento275', 'descripcion evento 275', '2022-12-15 08:27:59', '2023-09-24 02:54:14', 'Publico', 18, 71);
insert into evento (eventoId, nombre, descripcion, fechaInicio, fechaFin, privacidad, ciudadId, mascotaId) values (276, 'evento276', 'descripcion evento 276', '2022-02-27 20:02:31', '2023-12-28 00:42:15', 'Amigos', 33, 71);
insert into evento (eventoId, nombre, descripcion, fechaInicio, fechaFin, privacidad, ciudadId, mascotaId) values (277, 'evento277', 'descripcion evento 277', '2022-11-02 15:08:18', '2023-04-05 16:07:59', 'Privado', 49, 57);
insert into evento (eventoId, nombre, descripcion, fechaInicio, fechaFin, privacidad, ciudadId, mascotaId) values (278, 'evento278', 'descripcion evento 278', '2022-10-06 03:38:50', '2023-07-22 07:12:57', 'Privado', 9, 47);
insert into evento (eventoId, nombre, descripcion, fechaInicio, fechaFin, privacidad, ciudadId, mascotaId) values (279, 'evento279', 'descripcion evento 279', '2022-11-02 06:39:18', '2023-09-14 10:30:42', 'Publico', 39, 73);
insert into evento (eventoId, nombre, descripcion, fechaInicio, fechaFin, privacidad, ciudadId, mascotaId) values (280, 'evento280', 'descripcion evento 280', '2022-11-05 14:33:26', '2023-07-01 00:49:46', 'Privado', 38, 83);
insert into evento (eventoId, nombre, descripcion, fechaInicio, fechaFin, privacidad, ciudadId, mascotaId) values (281, 'evento281', 'descripcion evento 281', '2022-02-01 13:47:59', '2023-02-13 07:37:34', 'Privado', 22, 4);
insert into evento (eventoId, nombre, descripcion, fechaInicio, fechaFin, privacidad, ciudadId, mascotaId) values (282, 'evento282', 'descripcion evento 282', '2022-03-27 06:00:43', '2023-05-16 04:47:34', 'Privado', 19, 58);
insert into evento (eventoId, nombre, descripcion, fechaInicio, fechaFin, privacidad, ciudadId, mascotaId) values (283, 'evento283', 'descripcion evento 283', '2022-09-03 12:04:00', '2023-02-09 05:19:28', 'Publico', 20, 89);
insert into evento (eventoId, nombre, descripcion, fechaInicio, fechaFin, privacidad, ciudadId, mascotaId) values (284, 'evento284', 'descripcion evento 284', '2022-03-06 01:48:37', '2023-11-27 17:45:06', 'Publico', 31, 74);
insert into evento (eventoId, nombre, descripcion, fechaInicio, fechaFin, privacidad, ciudadId, mascotaId) values (285, 'evento285', 'descripcion evento 285', '2022-10-30 10:56:38', '2023-11-24 19:54:09', 'Amigos', 1, 53);
insert into evento (eventoId, nombre, descripcion, fechaInicio, fechaFin, privacidad, ciudadId, mascotaId) values (286, 'evento286', 'descripcion evento 286', '2022-07-20 07:59:02', '2023-06-07 08:26:32', 'Privado', 26, 23);
insert into evento (eventoId, nombre, descripcion, fechaInicio, fechaFin, privacidad, ciudadId, mascotaId) values (287, 'evento287', 'descripcion evento 287', '2022-08-01 00:44:06', '2023-08-13 08:21:07', 'Amigos', 1, 9);
insert into evento (eventoId, nombre, descripcion, fechaInicio, fechaFin, privacidad, ciudadId, mascotaId) values (288, 'evento288', 'descripcion evento 288', '2022-04-14 11:14:10', '2023-06-30 00:25:31', 'Publico', 5, 96);
insert into evento (eventoId, nombre, descripcion, fechaInicio, fechaFin, privacidad, ciudadId, mascotaId) values (289, 'evento289', 'descripcion evento 289', '2022-04-03 15:50:55', '2023-03-29 08:13:26', 'Privado', 28, 85);
insert into evento (eventoId, nombre, descripcion, fechaInicio, fechaFin, privacidad, ciudadId, mascotaId) values (290, 'evento290', 'descripcion evento 290', '2022-07-08 15:38:08', '2023-06-12 15:09:48', 'Publico', 33, 47);
insert into evento (eventoId, nombre, descripcion, fechaInicio, fechaFin, privacidad, ciudadId, mascotaId) values (291, 'evento291', 'descripcion evento 291', '2022-06-15 01:30:29', '2023-04-20 02:52:53', 'Amigos', 33, 5);
insert into evento (eventoId, nombre, descripcion, fechaInicio, fechaFin, privacidad, ciudadId, mascotaId) values (292, 'evento292', 'descripcion evento 292', '2022-03-12 21:57:52', '2023-11-04 18:28:22', 'Privado', 49, 20);
insert into evento (eventoId, nombre, descripcion, fechaInicio, fechaFin, privacidad, ciudadId, mascotaId) values (293, 'evento293', 'descripcion evento 293', '2022-02-03 09:34:28', '2023-07-01 05:33:12', 'Privado', 18, 32);
insert into evento (eventoId, nombre, descripcion, fechaInicio, fechaFin, privacidad, ciudadId, mascotaId) values (294, 'evento294', 'descripcion evento 294', '2022-05-27 13:38:03', '2023-05-29 16:49:18', 'Amigos', 21, 18);
insert into evento (eventoId, nombre, descripcion, fechaInicio, fechaFin, privacidad, ciudadId, mascotaId) values (295, 'evento295', 'descripcion evento 295', '2022-02-25 15:06:27', '2023-05-06 04:06:55', 'Privado', 33, 69);
insert into evento (eventoId, nombre, descripcion, fechaInicio, fechaFin, privacidad, ciudadId, mascotaId) values (296, 'evento296', 'descripcion evento 296', '2022-03-03 16:03:39', '2023-02-16 09:13:14', 'Publico', 38, 69);
insert into evento (eventoId, nombre, descripcion, fechaInicio, fechaFin, privacidad, ciudadId, mascotaId) values (297, 'evento297', 'descripcion evento 297', '2022-07-20 16:34:14', '2023-12-17 16:35:48', 'Privado', 27, 63);
insert into evento (eventoId, nombre, descripcion, fechaInicio, fechaFin, privacidad, ciudadId, mascotaId) values (298, 'evento298', 'descripcion evento 298', '2022-04-04 09:08:22', '2023-06-26 16:36:49', 'Publico', 22, 46);
insert into evento (eventoId, nombre, descripcion, fechaInicio, fechaFin, privacidad, ciudadId, mascotaId) values (299, 'evento299', 'descripcion evento 299', '2022-02-22 20:46:19', '2023-10-22 03:35:56', 'Amigos', 45, 83);
insert into evento (eventoId, nombre, descripcion, fechaInicio, fechaFin, privacidad, ciudadId, mascotaId) values (300, 'evento300', 'descripcion evento 300', '2022-03-06 06:59:01', '2023-04-25 19:23:00', 'Publico', 48, 26);

-- Datos asistenciaEvento
insert into asistenciaEvento (asistenciaEventoId, estado, mascotaId, eventoId) values (1, 'Asistire', 70, 261);
insert into asistenciaEvento (asistenciaEventoId, estado, mascotaId, eventoId) values (2, 'Tal vez asista', 14, 178);
insert into asistenciaEvento (asistenciaEventoId, estado, mascotaId, eventoId) values (3, 'No asistire', 67, 72);
insert into asistenciaEvento (asistenciaEventoId, estado, mascotaId, eventoId) values (4, 'No asistire', 59, 161);
insert into asistenciaEvento (asistenciaEventoId, estado, mascotaId, eventoId) values (5, 'No asistire', 39, 115);
insert into asistenciaEvento (asistenciaEventoId, estado, mascotaId, eventoId) values (6, 'No asistire', 98, 181);
insert into asistenciaEvento (asistenciaEventoId, estado, mascotaId, eventoId) values (7, 'Tal vez asista', 10, 287);
insert into asistenciaEvento (asistenciaEventoId, estado, mascotaId, eventoId) values (8, 'No asistire', 16, 157);
insert into asistenciaEvento (asistenciaEventoId, estado, mascotaId, eventoId) values (9, 'No asistire', 81, 262);
insert into asistenciaEvento (asistenciaEventoId, estado, mascotaId, eventoId) values (10, 'Asistire', 87, 219);
insert into asistenciaEvento (asistenciaEventoId, estado, mascotaId, eventoId) values (11, 'Asistire', 74, 14);
insert into asistenciaEvento (asistenciaEventoId, estado, mascotaId, eventoId) values (12, 'No asistire', 19, 131);
insert into asistenciaEvento (asistenciaEventoId, estado, mascotaId, eventoId) values (13, 'Asistire', 30, 151);
insert into asistenciaEvento (asistenciaEventoId, estado, mascotaId, eventoId) values (14, 'No asistire', 48, 208);
insert into asistenciaEvento (asistenciaEventoId, estado, mascotaId, eventoId) values (15, 'Tal vez asista', 30, 25);
insert into asistenciaEvento (asistenciaEventoId, estado, mascotaId, eventoId) values (16, 'Tal vez asista', 97, 266);
insert into asistenciaEvento (asistenciaEventoId, estado, mascotaId, eventoId) values (17, 'No asistire', 8, 122);
insert into asistenciaEvento (asistenciaEventoId, estado, mascotaId, eventoId) values (18, 'Tal vez asista', 36, 254);
insert into asistenciaEvento (asistenciaEventoId, estado, mascotaId, eventoId) values (19, 'No asistire', 10, 293);
insert into asistenciaEvento (asistenciaEventoId, estado, mascotaId, eventoId) values (20, 'Tal vez asista', 86, 292);
insert into asistenciaEvento (asistenciaEventoId, estado, mascotaId, eventoId) values (21, 'Asistire', 74, 258);
insert into asistenciaEvento (asistenciaEventoId, estado, mascotaId, eventoId) values (22, 'No asistire', 73, 294);
insert into asistenciaEvento (asistenciaEventoId, estado, mascotaId, eventoId) values (23, 'No asistire', 63, 103);
insert into asistenciaEvento (asistenciaEventoId, estado, mascotaId, eventoId) values (24, 'Tal vez asista', 48, 205);
insert into asistenciaEvento (asistenciaEventoId, estado, mascotaId, eventoId) values (25, 'No asistire', 66, 173);
insert into asistenciaEvento (asistenciaEventoId, estado, mascotaId, eventoId) values (26, 'Tal vez asista', 66, 52);
insert into asistenciaEvento (asistenciaEventoId, estado, mascotaId, eventoId) values (27, 'Tal vez asista', 47, 172);
insert into asistenciaEvento (asistenciaEventoId, estado, mascotaId, eventoId) values (28, 'Asistire', 81, 232);
insert into asistenciaEvento (asistenciaEventoId, estado, mascotaId, eventoId) values (29, 'No asistire', 30, 73);
insert into asistenciaEvento (asistenciaEventoId, estado, mascotaId, eventoId) values (30, 'No asistire', 26, 74);
insert into asistenciaEvento (asistenciaEventoId, estado, mascotaId, eventoId) values (31, 'Tal vez asista', 53, 55);
insert into asistenciaEvento (asistenciaEventoId, estado, mascotaId, eventoId) values (32, 'No asistire', 91, 139);
insert into asistenciaEvento (asistenciaEventoId, estado, mascotaId, eventoId) values (33, 'Asistire', 70, 93);
insert into asistenciaEvento (asistenciaEventoId, estado, mascotaId, eventoId) values (34, 'Tal vez asista', 92, 223);
insert into asistenciaEvento (asistenciaEventoId, estado, mascotaId, eventoId) values (35, 'Asistire', 51, 15);
insert into asistenciaEvento (asistenciaEventoId, estado, mascotaId, eventoId) values (36, 'Asistire', 76, 135);
insert into asistenciaEvento (asistenciaEventoId, estado, mascotaId, eventoId) values (37, 'Asistire', 39, 108);
insert into asistenciaEvento (asistenciaEventoId, estado, mascotaId, eventoId) values (38, 'Asistire', 7, 53);
insert into asistenciaEvento (asistenciaEventoId, estado, mascotaId, eventoId) values (39, 'Asistire', 30, 109);
insert into asistenciaEvento (asistenciaEventoId, estado, mascotaId, eventoId) values (40, 'Tal vez asista', 89, 59);
insert into asistenciaEvento (asistenciaEventoId, estado, mascotaId, eventoId) values (41, 'No asistire', 26, 290);
insert into asistenciaEvento (asistenciaEventoId, estado, mascotaId, eventoId) values (42, 'Tal vez asista', 30, 204);
insert into asistenciaEvento (asistenciaEventoId, estado, mascotaId, eventoId) values (43, 'No asistire', 26, 77);
insert into asistenciaEvento (asistenciaEventoId, estado, mascotaId, eventoId) values (44, 'Tal vez asista', 57, 240);
insert into asistenciaEvento (asistenciaEventoId, estado, mascotaId, eventoId) values (45, 'No asistire', 2, 56);
insert into asistenciaEvento (asistenciaEventoId, estado, mascotaId, eventoId) values (46, 'Tal vez asista', 66, 202);
insert into asistenciaEvento (asistenciaEventoId, estado, mascotaId, eventoId) values (47, 'No asistire', 91, 206);
insert into asistenciaEvento (asistenciaEventoId, estado, mascotaId, eventoId) values (48, 'No asistire', 14, 293);
insert into asistenciaEvento (asistenciaEventoId, estado, mascotaId, eventoId) values (49, 'Asistire', 10, 166);
insert into asistenciaEvento (asistenciaEventoId, estado, mascotaId, eventoId) values (50, 'Tal vez asista', 52, 171);
insert into asistenciaEvento (asistenciaEventoId, estado, mascotaId, eventoId) values (51, 'Tal vez asista', 51, 3);
insert into asistenciaEvento (asistenciaEventoId, estado, mascotaId, eventoId) values (52, 'Tal vez asista', 75, 286);
insert into asistenciaEvento (asistenciaEventoId, estado, mascotaId, eventoId) values (53, 'Tal vez asista', 9, 21);
insert into asistenciaEvento (asistenciaEventoId, estado, mascotaId, eventoId) values (54, 'Asistire', 3, 54);
insert into asistenciaEvento (asistenciaEventoId, estado, mascotaId, eventoId) values (55, 'Tal vez asista', 64, 258);
insert into asistenciaEvento (asistenciaEventoId, estado, mascotaId, eventoId) values (56, 'Asistire', 22, 5);
insert into asistenciaEvento (asistenciaEventoId, estado, mascotaId, eventoId) values (57, 'No asistire', 88, 253);
insert into asistenciaEvento (asistenciaEventoId, estado, mascotaId, eventoId) values (58, 'Asistire', 52, 200);
insert into asistenciaEvento (asistenciaEventoId, estado, mascotaId, eventoId) values (59, 'No asistire', 52, 249);
insert into asistenciaEvento (asistenciaEventoId, estado, mascotaId, eventoId) values (60, 'No asistire', 4, 39);
insert into asistenciaEvento (asistenciaEventoId, estado, mascotaId, eventoId) values (61, 'Asistire', 8, 165);
insert into asistenciaEvento (asistenciaEventoId, estado, mascotaId, eventoId) values (62, 'No asistire', 93, 96);
insert into asistenciaEvento (asistenciaEventoId, estado, mascotaId, eventoId) values (63, 'Asistire', 8, 294);
insert into asistenciaEvento (asistenciaEventoId, estado, mascotaId, eventoId) values (64, 'Tal vez asista', 81, 12);
insert into asistenciaEvento (asistenciaEventoId, estado, mascotaId, eventoId) values (65, 'Asistire', 78, 75);
insert into asistenciaEvento (asistenciaEventoId, estado, mascotaId, eventoId) values (66, 'No asistire', 12, 54);
insert into asistenciaEvento (asistenciaEventoId, estado, mascotaId, eventoId) values (67, 'Tal vez asista', 60, 300);
insert into asistenciaEvento (asistenciaEventoId, estado, mascotaId, eventoId) values (68, 'No asistire', 50, 109);
insert into asistenciaEvento (asistenciaEventoId, estado, mascotaId, eventoId) values (69, 'Tal vez asista', 16, 197);
insert into asistenciaEvento (asistenciaEventoId, estado, mascotaId, eventoId) values (70, 'No asistire', 15, 218);
insert into asistenciaEvento (asistenciaEventoId, estado, mascotaId, eventoId) values (71, 'Tal vez asista', 99, 208);
insert into asistenciaEvento (asistenciaEventoId, estado, mascotaId, eventoId) values (72, 'No asistire', 18, 69);
insert into asistenciaEvento (asistenciaEventoId, estado, mascotaId, eventoId) values (73, 'No asistire', 1, 204);
insert into asistenciaEvento (asistenciaEventoId, estado, mascotaId, eventoId) values (74, 'No asistire', 61, 232);
insert into asistenciaEvento (asistenciaEventoId, estado, mascotaId, eventoId) values (75, 'Tal vez asista', 78, 48);
insert into asistenciaEvento (asistenciaEventoId, estado, mascotaId, eventoId) values (76, 'Asistire', 100, 150);
insert into asistenciaEvento (asistenciaEventoId, estado, mascotaId, eventoId) values (77, 'Tal vez asista', 98, 194);
insert into asistenciaEvento (asistenciaEventoId, estado, mascotaId, eventoId) values (78, 'Asistire', 32, 183);
insert into asistenciaEvento (asistenciaEventoId, estado, mascotaId, eventoId) values (79, 'Asistire', 9, 190);
insert into asistenciaEvento (asistenciaEventoId, estado, mascotaId, eventoId) values (80, 'No asistire', 70, 81);
insert into asistenciaEvento (asistenciaEventoId, estado, mascotaId, eventoId) values (81, 'Asistire', 66, 51);
insert into asistenciaEvento (asistenciaEventoId, estado, mascotaId, eventoId) values (82, 'Tal vez asista', 49, 51);
insert into asistenciaEvento (asistenciaEventoId, estado, mascotaId, eventoId) values (83, 'Tal vez asista', 48, 138);
insert into asistenciaEvento (asistenciaEventoId, estado, mascotaId, eventoId) values (84, 'No asistire', 26, 59);
insert into asistenciaEvento (asistenciaEventoId, estado, mascotaId, eventoId) values (85, 'Tal vez asista', 99, 177);
insert into asistenciaEvento (asistenciaEventoId, estado, mascotaId, eventoId) values (86, 'No asistire', 12, 192);
insert into asistenciaEvento (asistenciaEventoId, estado, mascotaId, eventoId) values (87, 'Asistire', 19, 140);
insert into asistenciaEvento (asistenciaEventoId, estado, mascotaId, eventoId) values (88, 'Asistire', 26, 294);
insert into asistenciaEvento (asistenciaEventoId, estado, mascotaId, eventoId) values (89, 'No asistire', 83, 243);
insert into asistenciaEvento (asistenciaEventoId, estado, mascotaId, eventoId) values (90, 'No asistire', 63, 162);
insert into asistenciaEvento (asistenciaEventoId, estado, mascotaId, eventoId) values (91, 'Asistire', 14, 131);
insert into asistenciaEvento (asistenciaEventoId, estado, mascotaId, eventoId) values (92, 'No asistire', 92, 66);
insert into asistenciaEvento (asistenciaEventoId, estado, mascotaId, eventoId) values (93, 'Asistire', 60, 67);
insert into asistenciaEvento (asistenciaEventoId, estado, mascotaId, eventoId) values (94, 'No asistire', 84, 281);
insert into asistenciaEvento (asistenciaEventoId, estado, mascotaId, eventoId) values (95, 'Tal vez asista', 14, 236);
insert into asistenciaEvento (asistenciaEventoId, estado, mascotaId, eventoId) values (96, 'No asistire', 93, 173);
insert into asistenciaEvento (asistenciaEventoId, estado, mascotaId, eventoId) values (97, 'Tal vez asista', 5, 226);
insert into asistenciaEvento (asistenciaEventoId, estado, mascotaId, eventoId) values (98, 'Tal vez asista', 22, 84);
insert into asistenciaEvento (asistenciaEventoId, estado, mascotaId, eventoId) values (99, 'Asistire', 96, 1);
insert into asistenciaEvento (asistenciaEventoId, estado, mascotaId, eventoId) values (100, 'Tal vez asista', 19, 93);
insert into asistenciaEvento (asistenciaEventoId, estado, mascotaId, eventoId) values (101, 'Asistire', 6, 278);
insert into asistenciaEvento (asistenciaEventoId, estado, mascotaId, eventoId) values (102, 'No asistire', 81, 6);
insert into asistenciaEvento (asistenciaEventoId, estado, mascotaId, eventoId) values (103, 'Asistire', 47, 2);
insert into asistenciaEvento (asistenciaEventoId, estado, mascotaId, eventoId) values (104, 'Tal vez asista', 10, 275);
insert into asistenciaEvento (asistenciaEventoId, estado, mascotaId, eventoId) values (105, 'Tal vez asista', 15, 160);
insert into asistenciaEvento (asistenciaEventoId, estado, mascotaId, eventoId) values (106, 'No asistire', 67, 158);
insert into asistenciaEvento (asistenciaEventoId, estado, mascotaId, eventoId) values (107, 'Asistire', 26, 147);
insert into asistenciaEvento (asistenciaEventoId, estado, mascotaId, eventoId) values (108, 'Asistire', 89, 98);
insert into asistenciaEvento (asistenciaEventoId, estado, mascotaId, eventoId) values (109, 'No asistire', 12, 296);
insert into asistenciaEvento (asistenciaEventoId, estado, mascotaId, eventoId) values (110, 'No asistire', 11, 222);
insert into asistenciaEvento (asistenciaEventoId, estado, mascotaId, eventoId) values (111, 'Asistire', 95, 9);
insert into asistenciaEvento (asistenciaEventoId, estado, mascotaId, eventoId) values (112, 'Asistire', 47, 211);
insert into asistenciaEvento (asistenciaEventoId, estado, mascotaId, eventoId) values (113, 'Tal vez asista', 50, 249);
insert into asistenciaEvento (asistenciaEventoId, estado, mascotaId, eventoId) values (114, 'Asistire', 99, 11);
insert into asistenciaEvento (asistenciaEventoId, estado, mascotaId, eventoId) values (115, 'No asistire', 72, 249);
insert into asistenciaEvento (asistenciaEventoId, estado, mascotaId, eventoId) values (116, 'Asistire', 68, 128);
insert into asistenciaEvento (asistenciaEventoId, estado, mascotaId, eventoId) values (117, 'Tal vez asista', 74, 55);
insert into asistenciaEvento (asistenciaEventoId, estado, mascotaId, eventoId) values (118, 'Tal vez asista', 24, 128);
insert into asistenciaEvento (asistenciaEventoId, estado, mascotaId, eventoId) values (119, 'Asistire', 73, 227);
insert into asistenciaEvento (asistenciaEventoId, estado, mascotaId, eventoId) values (120, 'Tal vez asista', 98, 89);
insert into asistenciaEvento (asistenciaEventoId, estado, mascotaId, eventoId) values (121, 'Asistire', 84, 76);
insert into asistenciaEvento (asistenciaEventoId, estado, mascotaId, eventoId) values (122, 'Asistire', 54, 72);
insert into asistenciaEvento (asistenciaEventoId, estado, mascotaId, eventoId) values (123, 'No asistire', 39, 184);
insert into asistenciaEvento (asistenciaEventoId, estado, mascotaId, eventoId) values (124, 'Asistire', 45, 287);
insert into asistenciaEvento (asistenciaEventoId, estado, mascotaId, eventoId) values (125, 'Tal vez asista', 58, 1);
insert into asistenciaEvento (asistenciaEventoId, estado, mascotaId, eventoId) values (126, 'No asistire', 60, 29);
insert into asistenciaEvento (asistenciaEventoId, estado, mascotaId, eventoId) values (127, 'No asistire', 31, 151);
insert into asistenciaEvento (asistenciaEventoId, estado, mascotaId, eventoId) values (128, 'Tal vez asista', 86, 297);
insert into asistenciaEvento (asistenciaEventoId, estado, mascotaId, eventoId) values (129, 'No asistire', 96, 143);
insert into asistenciaEvento (asistenciaEventoId, estado, mascotaId, eventoId) values (130, 'Asistire', 49, 248);
insert into asistenciaEvento (asistenciaEventoId, estado, mascotaId, eventoId) values (131, 'No asistire', 48, 242);
insert into asistenciaEvento (asistenciaEventoId, estado, mascotaId, eventoId) values (132, 'Tal vez asista', 32, 271);
insert into asistenciaEvento (asistenciaEventoId, estado, mascotaId, eventoId) values (133, 'Asistire', 58, 289);
insert into asistenciaEvento (asistenciaEventoId, estado, mascotaId, eventoId) values (134, 'Asistire', 77, 196);
insert into asistenciaEvento (asistenciaEventoId, estado, mascotaId, eventoId) values (135, 'Asistire', 100, 2);
insert into asistenciaEvento (asistenciaEventoId, estado, mascotaId, eventoId) values (136, 'No asistire', 21, 56);
insert into asistenciaEvento (asistenciaEventoId, estado, mascotaId, eventoId) values (137, 'Tal vez asista', 56, 157);
insert into asistenciaEvento (asistenciaEventoId, estado, mascotaId, eventoId) values (138, 'Tal vez asista', 48, 128);
insert into asistenciaEvento (asistenciaEventoId, estado, mascotaId, eventoId) values (139, 'Tal vez asista', 3, 204);
insert into asistenciaEvento (asistenciaEventoId, estado, mascotaId, eventoId) values (140, 'Asistire', 1, 14);
insert into asistenciaEvento (asistenciaEventoId, estado, mascotaId, eventoId) values (141, 'No asistire', 25, 32);
insert into asistenciaEvento (asistenciaEventoId, estado, mascotaId, eventoId) values (142, 'Asistire', 31, 117);
insert into asistenciaEvento (asistenciaEventoId, estado, mascotaId, eventoId) values (143, 'No asistire', 62, 137);
insert into asistenciaEvento (asistenciaEventoId, estado, mascotaId, eventoId) values (144, 'Asistire', 75, 122);
insert into asistenciaEvento (asistenciaEventoId, estado, mascotaId, eventoId) values (145, 'Tal vez asista', 67, 70);
insert into asistenciaEvento (asistenciaEventoId, estado, mascotaId, eventoId) values (146, 'Tal vez asista', 98, 260);
insert into asistenciaEvento (asistenciaEventoId, estado, mascotaId, eventoId) values (147, 'No asistire', 78, 152);
insert into asistenciaEvento (asistenciaEventoId, estado, mascotaId, eventoId) values (148, 'Tal vez asista', 83, 23);
insert into asistenciaEvento (asistenciaEventoId, estado, mascotaId, eventoId) values (149, 'Asistire', 10, 77);
insert into asistenciaEvento (asistenciaEventoId, estado, mascotaId, eventoId) values (150, 'No asistire', 40, 44);
insert into asistenciaEvento (asistenciaEventoId, estado, mascotaId, eventoId) values (151, 'No asistire', 10, 57);
insert into asistenciaEvento (asistenciaEventoId, estado, mascotaId, eventoId) values (152, 'Tal vez asista', 41, 293);
insert into asistenciaEvento (asistenciaEventoId, estado, mascotaId, eventoId) values (153, 'Asistire', 20, 217);
insert into asistenciaEvento (asistenciaEventoId, estado, mascotaId, eventoId) values (154, 'No asistire', 29, 150);
insert into asistenciaEvento (asistenciaEventoId, estado, mascotaId, eventoId) values (155, 'Tal vez asista', 11, 35);
insert into asistenciaEvento (asistenciaEventoId, estado, mascotaId, eventoId) values (156, 'Tal vez asista', 87, 148);
insert into asistenciaEvento (asistenciaEventoId, estado, mascotaId, eventoId) values (157, 'No asistire', 38, 216);
insert into asistenciaEvento (asistenciaEventoId, estado, mascotaId, eventoId) values (158, 'Tal vez asista', 82, 136);
insert into asistenciaEvento (asistenciaEventoId, estado, mascotaId, eventoId) values (159, 'No asistire', 99, 110);
insert into asistenciaEvento (asistenciaEventoId, estado, mascotaId, eventoId) values (160, 'Tal vez asista', 44, 296);
insert into asistenciaEvento (asistenciaEventoId, estado, mascotaId, eventoId) values (161, 'Tal vez asista', 8, 56);
insert into asistenciaEvento (asistenciaEventoId, estado, mascotaId, eventoId) values (162, 'Tal vez asista', 38, 177);
insert into asistenciaEvento (asistenciaEventoId, estado, mascotaId, eventoId) values (163, 'Asistire', 97, 45);
insert into asistenciaEvento (asistenciaEventoId, estado, mascotaId, eventoId) values (164, 'Tal vez asista', 66, 296);
insert into asistenciaEvento (asistenciaEventoId, estado, mascotaId, eventoId) values (165, 'No asistire', 63, 10);
insert into asistenciaEvento (asistenciaEventoId, estado, mascotaId, eventoId) values (166, 'Asistire', 1, 224);
insert into asistenciaEvento (asistenciaEventoId, estado, mascotaId, eventoId) values (167, 'Tal vez asista', 72, 194);
insert into asistenciaEvento (asistenciaEventoId, estado, mascotaId, eventoId) values (168, 'No asistire', 99, 144);
insert into asistenciaEvento (asistenciaEventoId, estado, mascotaId, eventoId) values (169, 'Asistire', 78, 141);
insert into asistenciaEvento (asistenciaEventoId, estado, mascotaId, eventoId) values (170, 'Tal vez asista', 32, 182);
insert into asistenciaEvento (asistenciaEventoId, estado, mascotaId, eventoId) values (171, 'Tal vez asista', 2, 132);
insert into asistenciaEvento (asistenciaEventoId, estado, mascotaId, eventoId) values (172, 'Tal vez asista', 11, 66);
insert into asistenciaEvento (asistenciaEventoId, estado, mascotaId, eventoId) values (173, 'No asistire', 41, 64);
insert into asistenciaEvento (asistenciaEventoId, estado, mascotaId, eventoId) values (174, 'Tal vez asista', 82, 287);
insert into asistenciaEvento (asistenciaEventoId, estado, mascotaId, eventoId) values (175, 'Tal vez asista', 90, 276);
insert into asistenciaEvento (asistenciaEventoId, estado, mascotaId, eventoId) values (176, 'Tal vez asista', 79, 133);
insert into asistenciaEvento (asistenciaEventoId, estado, mascotaId, eventoId) values (177, 'No asistire', 51, 154);
insert into asistenciaEvento (asistenciaEventoId, estado, mascotaId, eventoId) values (178, 'Asistire', 3, 213);
insert into asistenciaEvento (asistenciaEventoId, estado, mascotaId, eventoId) values (179, 'Tal vez asista', 56, 262);
insert into asistenciaEvento (asistenciaEventoId, estado, mascotaId, eventoId) values (180, 'No asistire', 31, 74);
insert into asistenciaEvento (asistenciaEventoId, estado, mascotaId, eventoId) values (181, 'Tal vez asista', 94, 121);
insert into asistenciaEvento (asistenciaEventoId, estado, mascotaId, eventoId) values (182, 'Asistire', 77, 184);
insert into asistenciaEvento (asistenciaEventoId, estado, mascotaId, eventoId) values (183, 'Tal vez asista', 14, 112);
insert into asistenciaEvento (asistenciaEventoId, estado, mascotaId, eventoId) values (184, 'Tal vez asista', 6, 188);
insert into asistenciaEvento (asistenciaEventoId, estado, mascotaId, eventoId) values (185, 'Asistire', 98, 21);
insert into asistenciaEvento (asistenciaEventoId, estado, mascotaId, eventoId) values (186, 'No asistire', 13, 208);
insert into asistenciaEvento (asistenciaEventoId, estado, mascotaId, eventoId) values (187, 'Tal vez asista', 18, 218);
insert into asistenciaEvento (asistenciaEventoId, estado, mascotaId, eventoId) values (188, 'Tal vez asista', 12, 154);
insert into asistenciaEvento (asistenciaEventoId, estado, mascotaId, eventoId) values (189, 'Asistire', 40, 283);
insert into asistenciaEvento (asistenciaEventoId, estado, mascotaId, eventoId) values (190, 'No asistire', 53, 286);
insert into asistenciaEvento (asistenciaEventoId, estado, mascotaId, eventoId) values (191, 'Tal vez asista', 27, 296);
insert into asistenciaEvento (asistenciaEventoId, estado, mascotaId, eventoId) values (192, 'Tal vez asista', 77, 226);
insert into asistenciaEvento (asistenciaEventoId, estado, mascotaId, eventoId) values (193, 'Asistire', 32, 174);
insert into asistenciaEvento (asistenciaEventoId, estado, mascotaId, eventoId) values (194, 'No asistire', 1, 211);
insert into asistenciaEvento (asistenciaEventoId, estado, mascotaId, eventoId) values (195, 'Tal vez asista', 95, 159);
insert into asistenciaEvento (asistenciaEventoId, estado, mascotaId, eventoId) values (196, 'Asistire', 63, 37);
insert into asistenciaEvento (asistenciaEventoId, estado, mascotaId, eventoId) values (197, 'Tal vez asista', 41, 35);
insert into asistenciaEvento (asistenciaEventoId, estado, mascotaId, eventoId) values (198, 'Asistire', 73, 274);
insert into asistenciaEvento (asistenciaEventoId, estado, mascotaId, eventoId) values (199, 'Tal vez asista', 23, 133);
insert into asistenciaEvento (asistenciaEventoId, estado, mascotaId, eventoId) values (200, 'Asistire', 28, 135);
insert into asistenciaEvento (asistenciaEventoId, estado, mascotaId, eventoId) values (201, 'Tal vez asista', 85, 153);
insert into asistenciaEvento (asistenciaEventoId, estado, mascotaId, eventoId) values (202, 'Tal vez asista', 63, 254);
insert into asistenciaEvento (asistenciaEventoId, estado, mascotaId, eventoId) values (203, 'Asistire', 53, 144);
insert into asistenciaEvento (asistenciaEventoId, estado, mascotaId, eventoId) values (204, 'No asistire', 44, 241);
insert into asistenciaEvento (asistenciaEventoId, estado, mascotaId, eventoId) values (205, 'No asistire', 44, 34);
insert into asistenciaEvento (asistenciaEventoId, estado, mascotaId, eventoId) values (206, 'Tal vez asista', 20, 270);
insert into asistenciaEvento (asistenciaEventoId, estado, mascotaId, eventoId) values (207, 'Asistire', 70, 232);
insert into asistenciaEvento (asistenciaEventoId, estado, mascotaId, eventoId) values (208, 'Tal vez asista', 40, 220);
insert into asistenciaEvento (asistenciaEventoId, estado, mascotaId, eventoId) values (209, 'No asistire', 72, 15);
insert into asistenciaEvento (asistenciaEventoId, estado, mascotaId, eventoId) values (210, 'Asistire', 53, 47);
insert into asistenciaEvento (asistenciaEventoId, estado, mascotaId, eventoId) values (211, 'Tal vez asista', 60, 220);
insert into asistenciaEvento (asistenciaEventoId, estado, mascotaId, eventoId) values (212, 'Tal vez asista', 98, 234);
insert into asistenciaEvento (asistenciaEventoId, estado, mascotaId, eventoId) values (213, 'Asistire', 25, 156);
insert into asistenciaEvento (asistenciaEventoId, estado, mascotaId, eventoId) values (214, 'Asistire', 37, 129);
insert into asistenciaEvento (asistenciaEventoId, estado, mascotaId, eventoId) values (215, 'No asistire', 14, 120);
insert into asistenciaEvento (asistenciaEventoId, estado, mascotaId, eventoId) values (216, 'No asistire', 77, 6);
insert into asistenciaEvento (asistenciaEventoId, estado, mascotaId, eventoId) values (217, 'Asistire', 40, 7);
insert into asistenciaEvento (asistenciaEventoId, estado, mascotaId, eventoId) values (218, 'Asistire', 52, 175);
insert into asistenciaEvento (asistenciaEventoId, estado, mascotaId, eventoId) values (219, 'Asistire', 54, 15);
insert into asistenciaEvento (asistenciaEventoId, estado, mascotaId, eventoId) values (220, 'Asistire', 12, 255);
insert into asistenciaEvento (asistenciaEventoId, estado, mascotaId, eventoId) values (221, 'Tal vez asista', 37, 201);
insert into asistenciaEvento (asistenciaEventoId, estado, mascotaId, eventoId) values (222, 'Asistire', 49, 83);
insert into asistenciaEvento (asistenciaEventoId, estado, mascotaId, eventoId) values (223, 'No asistire', 48, 17);
insert into asistenciaEvento (asistenciaEventoId, estado, mascotaId, eventoId) values (224, 'No asistire', 20, 259);
insert into asistenciaEvento (asistenciaEventoId, estado, mascotaId, eventoId) values (225, 'Tal vez asista', 6, 91);
insert into asistenciaEvento (asistenciaEventoId, estado, mascotaId, eventoId) values (226, 'Tal vez asista', 46, 231);
insert into asistenciaEvento (asistenciaEventoId, estado, mascotaId, eventoId) values (227, 'No asistire', 16, 231);
insert into asistenciaEvento (asistenciaEventoId, estado, mascotaId, eventoId) values (228, 'Tal vez asista', 70, 220);
insert into asistenciaEvento (asistenciaEventoId, estado, mascotaId, eventoId) values (229, 'No asistire', 99, 56);
insert into asistenciaEvento (asistenciaEventoId, estado, mascotaId, eventoId) values (230, 'Asistire', 17, 52);
insert into asistenciaEvento (asistenciaEventoId, estado, mascotaId, eventoId) values (231, 'Tal vez asista', 77, 199);
insert into asistenciaEvento (asistenciaEventoId, estado, mascotaId, eventoId) values (232, 'Asistire', 28, 167);
insert into asistenciaEvento (asistenciaEventoId, estado, mascotaId, eventoId) values (233, 'Asistire', 46, 120);
insert into asistenciaEvento (asistenciaEventoId, estado, mascotaId, eventoId) values (234, 'Asistire', 43, 9);
insert into asistenciaEvento (asistenciaEventoId, estado, mascotaId, eventoId) values (235, 'Asistire', 33, 221);
insert into asistenciaEvento (asistenciaEventoId, estado, mascotaId, eventoId) values (236, 'Tal vez asista', 7, 283);
insert into asistenciaEvento (asistenciaEventoId, estado, mascotaId, eventoId) values (237, 'Tal vez asista', 55, 183);
insert into asistenciaEvento (asistenciaEventoId, estado, mascotaId, eventoId) values (238, 'No asistire', 68, 174);
insert into asistenciaEvento (asistenciaEventoId, estado, mascotaId, eventoId) values (239, 'Asistire', 47, 282);
insert into asistenciaEvento (asistenciaEventoId, estado, mascotaId, eventoId) values (240, 'Asistire', 32, 101);
insert into asistenciaEvento (asistenciaEventoId, estado, mascotaId, eventoId) values (241, 'Tal vez asista', 84, 21);
insert into asistenciaEvento (asistenciaEventoId, estado, mascotaId, eventoId) values (242, 'Tal vez asista', 53, 235);
insert into asistenciaEvento (asistenciaEventoId, estado, mascotaId, eventoId) values (243, 'No asistire', 6, 68);
insert into asistenciaEvento (asistenciaEventoId, estado, mascotaId, eventoId) values (244, 'Tal vez asista', 93, 107);
insert into asistenciaEvento (asistenciaEventoId, estado, mascotaId, eventoId) values (245, 'Tal vez asista', 94, 128);
insert into asistenciaEvento (asistenciaEventoId, estado, mascotaId, eventoId) values (246, 'Tal vez asista', 17, 217);
insert into asistenciaEvento (asistenciaEventoId, estado, mascotaId, eventoId) values (247, 'Tal vez asista', 2, 59);
insert into asistenciaEvento (asistenciaEventoId, estado, mascotaId, eventoId) values (248, 'Tal vez asista', 10, 24);
insert into asistenciaEvento (asistenciaEventoId, estado, mascotaId, eventoId) values (249, 'No asistire', 87, 208);
insert into asistenciaEvento (asistenciaEventoId, estado, mascotaId, eventoId) values (250, 'Tal vez asista', 6, 101);
insert into asistenciaEvento (asistenciaEventoId, estado, mascotaId, eventoId) values (251, 'Tal vez asista', 76, 124);
insert into asistenciaEvento (asistenciaEventoId, estado, mascotaId, eventoId) values (252, 'Tal vez asista', 92, 34);
insert into asistenciaEvento (asistenciaEventoId, estado, mascotaId, eventoId) values (253, 'No asistire', 99, 254);
insert into asistenciaEvento (asistenciaEventoId, estado, mascotaId, eventoId) values (254, 'Asistire', 11, 63);
insert into asistenciaEvento (asistenciaEventoId, estado, mascotaId, eventoId) values (255, 'Asistire', 58, 85);
insert into asistenciaEvento (asistenciaEventoId, estado, mascotaId, eventoId) values (256, 'Asistire', 86, 221);
insert into asistenciaEvento (asistenciaEventoId, estado, mascotaId, eventoId) values (257, 'Tal vez asista', 54, 89);
insert into asistenciaEvento (asistenciaEventoId, estado, mascotaId, eventoId) values (258, 'Asistire', 65, 269);
insert into asistenciaEvento (asistenciaEventoId, estado, mascotaId, eventoId) values (259, 'Asistire', 92, 122);
insert into asistenciaEvento (asistenciaEventoId, estado, mascotaId, eventoId) values (260, 'No asistire', 21, 274);
insert into asistenciaEvento (asistenciaEventoId, estado, mascotaId, eventoId) values (261, 'Tal vez asista', 92, 26);
insert into asistenciaEvento (asistenciaEventoId, estado, mascotaId, eventoId) values (262, 'No asistire', 26, 184);
insert into asistenciaEvento (asistenciaEventoId, estado, mascotaId, eventoId) values (263, 'Tal vez asista', 48, 223);
insert into asistenciaEvento (asistenciaEventoId, estado, mascotaId, eventoId) values (264, 'Asistire', 30, 105);
insert into asistenciaEvento (asistenciaEventoId, estado, mascotaId, eventoId) values (265, 'Asistire', 74, 68);
insert into asistenciaEvento (asistenciaEventoId, estado, mascotaId, eventoId) values (266, 'Asistire', 28, 210);
insert into asistenciaEvento (asistenciaEventoId, estado, mascotaId, eventoId) values (267, 'No asistire', 20, 245);
insert into asistenciaEvento (asistenciaEventoId, estado, mascotaId, eventoId) values (268, 'No asistire', 4, 124);
insert into asistenciaEvento (asistenciaEventoId, estado, mascotaId, eventoId) values (269, 'Asistire', 29, 184);
insert into asistenciaEvento (asistenciaEventoId, estado, mascotaId, eventoId) values (270, 'Tal vez asista', 38, 240);
insert into asistenciaEvento (asistenciaEventoId, estado, mascotaId, eventoId) values (271, 'Asistire', 39, 76);
insert into asistenciaEvento (asistenciaEventoId, estado, mascotaId, eventoId) values (272, 'Tal vez asista', 25, 168);
insert into asistenciaEvento (asistenciaEventoId, estado, mascotaId, eventoId) values (273, 'No asistire', 22, 10);
insert into asistenciaEvento (asistenciaEventoId, estado, mascotaId, eventoId) values (274, 'No asistire', 1, 151);
insert into asistenciaEvento (asistenciaEventoId, estado, mascotaId, eventoId) values (275, 'Asistire', 59, 86);
insert into asistenciaEvento (asistenciaEventoId, estado, mascotaId, eventoId) values (276, 'Asistire', 96, 211);
insert into asistenciaEvento (asistenciaEventoId, estado, mascotaId, eventoId) values (277, 'Asistire', 93, 196);
insert into asistenciaEvento (asistenciaEventoId, estado, mascotaId, eventoId) values (278, 'Tal vez asista', 62, 56);
insert into asistenciaEvento (asistenciaEventoId, estado, mascotaId, eventoId) values (279, 'Asistire', 78, 60);
insert into asistenciaEvento (asistenciaEventoId, estado, mascotaId, eventoId) values (280, 'No asistire', 65, 27);
insert into asistenciaEvento (asistenciaEventoId, estado, mascotaId, eventoId) values (281, 'Asistire', 45, 274);
insert into asistenciaEvento (asistenciaEventoId, estado, mascotaId, eventoId) values (282, 'No asistire', 81, 162);
insert into asistenciaEvento (asistenciaEventoId, estado, mascotaId, eventoId) values (283, 'Tal vez asista', 30, 23);
insert into asistenciaEvento (asistenciaEventoId, estado, mascotaId, eventoId) values (284, 'Tal vez asista', 42, 99);
insert into asistenciaEvento (asistenciaEventoId, estado, mascotaId, eventoId) values (285, 'Tal vez asista', 12, 297);
insert into asistenciaEvento (asistenciaEventoId, estado, mascotaId, eventoId) values (286, 'Asistire', 40, 246);
insert into asistenciaEvento (asistenciaEventoId, estado, mascotaId, eventoId) values (287, 'Tal vez asista', 76, 55);
insert into asistenciaEvento (asistenciaEventoId, estado, mascotaId, eventoId) values (288, 'Tal vez asista', 39, 252);
insert into asistenciaEvento (asistenciaEventoId, estado, mascotaId, eventoId) values (289, 'Asistire', 56, 286);
insert into asistenciaEvento (asistenciaEventoId, estado, mascotaId, eventoId) values (290, 'Asistire', 67, 279);
insert into asistenciaEvento (asistenciaEventoId, estado, mascotaId, eventoId) values (291, 'Tal vez asista', 42, 150);
insert into asistenciaEvento (asistenciaEventoId, estado, mascotaId, eventoId) values (292, 'No asistire', 6, 277);
insert into asistenciaEvento (asistenciaEventoId, estado, mascotaId, eventoId) values (293, 'Asistire', 50, 72);
insert into asistenciaEvento (asistenciaEventoId, estado, mascotaId, eventoId) values (294, 'No asistire', 57, 117);
insert into asistenciaEvento (asistenciaEventoId, estado, mascotaId, eventoId) values (295, 'Asistire', 38, 51);
insert into asistenciaEvento (asistenciaEventoId, estado, mascotaId, eventoId) values (296, 'No asistire', 85, 9);
insert into asistenciaEvento (asistenciaEventoId, estado, mascotaId, eventoId) values (297, 'Asistire', 95, 233);
insert into asistenciaEvento (asistenciaEventoId, estado, mascotaId, eventoId) values (298, 'Asistire', 92, 73);
insert into asistenciaEvento (asistenciaEventoId, estado, mascotaId, eventoId) values (299, 'No asistire', 84, 239);
insert into asistenciaEvento (asistenciaEventoId, estado, mascotaId, eventoId) values (300, 'No asistire', 22, 251);


-- Datos denunciaEvento
insert into denunciaEvento (denunciaEventoId, eventoId, mascotaId, motivo, descripcion, fechaDenuncia) values (1, 21, 1, 'Otro', 'denuncia evento 1', '2023-01-15 17:02:33');
insert into denunciaEvento (denunciaEventoId, eventoId, mascotaId, motivo, descripcion, fechaDenuncia) values (2, 244, 2, 'Fraude', 'denuncia evento 2', '2023-11-07 21:58:56');
insert into denunciaEvento (denunciaEventoId, eventoId, mascotaId, motivo, descripcion, fechaDenuncia) values (3, 36, 3, 'Fraude', 'denuncia evento 3', '2023-03-17 02:05:07');
insert into denunciaEvento (denunciaEventoId, eventoId, mascotaId, motivo, descripcion, fechaDenuncia) values (4, 58, 4, 'Contenido inapropiado', 'denuncia evento 4', '2023-05-15 09:33:45');
insert into denunciaEvento (denunciaEventoId, eventoId, mascotaId, motivo, descripcion, fechaDenuncia) values (5, 141, 5, 'Maltrato animal', 'denuncia evento 5', '2023-02-20 10:07:28');
insert into denunciaEvento (denunciaEventoId, eventoId, mascotaId, motivo, descripcion, fechaDenuncia) values (6, 130, 6, 'Maltrato animal', 'denuncia evento 6', '2022-12-20 19:09:15');
insert into denunciaEvento (denunciaEventoId, eventoId, mascotaId, motivo, descripcion, fechaDenuncia) values (7, 205, 7, 'Otro', 'denuncia evento 7', '2022-03-10 09:42:52');
insert into denunciaEvento (denunciaEventoId, eventoId, mascotaId, motivo, descripcion, fechaDenuncia) values (8, 216, 8, 'Maltrato animal', 'denuncia evento 8', '2022-07-10 12:43:54');
insert into denunciaEvento (denunciaEventoId, eventoId, mascotaId, motivo, descripcion, fechaDenuncia) values (9, 193, 9, 'Otro', 'denuncia evento 9', '2022-11-06 13:07:43');
insert into denunciaEvento (denunciaEventoId, eventoId, mascotaId, motivo, descripcion, fechaDenuncia) values (10, 139, 10, 'Contenido inapropiado', 'denuncia evento 10', '2022-07-01 14:14:35');
insert into denunciaEvento (denunciaEventoId, eventoId, mascotaId, motivo, descripcion, fechaDenuncia) values (11, 159, 11, 'Maltrato animal', 'denuncia evento 11', '2023-10-26 18:16:23');
insert into denunciaEvento (denunciaEventoId, eventoId, mascotaId, motivo, descripcion, fechaDenuncia) values (12, 248, 12, 'Otro', 'denuncia evento 12', '2023-06-18 21:07:01');
insert into denunciaEvento (denunciaEventoId, eventoId, mascotaId, motivo, descripcion, fechaDenuncia) values (13, 298, 13, 'Contenido inapropiado', 'denuncia evento 13', '2023-04-02 15:15:55');
insert into denunciaEvento (denunciaEventoId, eventoId, mascotaId, motivo, descripcion, fechaDenuncia) values (14, 25, 14, 'Otro', 'denuncia evento 14', '2023-08-08 06:16:15');
insert into denunciaEvento (denunciaEventoId, eventoId, mascotaId, motivo, descripcion, fechaDenuncia) values (15, 294, 15, 'Otro', 'denuncia evento 15', '2023-05-19 13:12:53');
insert into denunciaEvento (denunciaEventoId, eventoId, mascotaId, motivo, descripcion, fechaDenuncia) values (16, 139, 16, 'Otro', 'denuncia evento 16', '2023-08-11 01:41:17');
insert into denunciaEvento (denunciaEventoId, eventoId, mascotaId, motivo, descripcion, fechaDenuncia) values (17, 18, 17, 'Maltrato animal', 'denuncia evento 17', '2023-10-14 06:31:10');
insert into denunciaEvento (denunciaEventoId, eventoId, mascotaId, motivo, descripcion, fechaDenuncia) values (18, 171, 18, 'Contenido inapropiado', 'denuncia evento 18', '2022-04-13 19:41:07');
insert into denunciaEvento (denunciaEventoId, eventoId, mascotaId, motivo, descripcion, fechaDenuncia) values (19, 113, 19, 'Otro', 'denuncia evento 19', '2023-09-14 21:54:20');
insert into denunciaEvento (denunciaEventoId, eventoId, mascotaId, motivo, descripcion, fechaDenuncia) values (20, 100, 20, 'Fraude', 'denuncia evento 20', '2023-11-30 01:28:08');
insert into denunciaEvento (denunciaEventoId, eventoId, mascotaId, motivo, descripcion, fechaDenuncia) values (21, 227, 21, 'Contenido inapropiado', 'denuncia evento 21', '2022-11-28 21:05:08');
insert into denunciaEvento (denunciaEventoId, eventoId, mascotaId, motivo, descripcion, fechaDenuncia) values (22, 2, 22, 'Fraude', 'denuncia evento 22', '2022-06-20 17:58:56');
insert into denunciaEvento (denunciaEventoId, eventoId, mascotaId, motivo, descripcion, fechaDenuncia) values (23, 202, 23, 'Maltrato animal', 'denuncia evento 23', '2022-08-29 06:45:28');
insert into denunciaEvento (denunciaEventoId, eventoId, mascotaId, motivo, descripcion, fechaDenuncia) values (24, 246, 24, 'Contenido inapropiado', 'denuncia evento 24', '2022-07-10 01:20:54');
insert into denunciaEvento (denunciaEventoId, eventoId, mascotaId, motivo, descripcion, fechaDenuncia) values (25, 277, 25, 'Otro', 'denuncia evento 25', '2023-04-13 12:55:23');
insert into denunciaEvento (denunciaEventoId, eventoId, mascotaId, motivo, descripcion, fechaDenuncia) values (26, 294, 26, 'Otro', 'denuncia evento 26', '2023-06-13 19:34:19');
insert into denunciaEvento (denunciaEventoId, eventoId, mascotaId, motivo, descripcion, fechaDenuncia) values (27, 266, 27, 'Otro', 'denuncia evento 27', '2022-11-20 06:04:21');
insert into denunciaEvento (denunciaEventoId, eventoId, mascotaId, motivo, descripcion, fechaDenuncia) values (28, 99, 28, 'Contenido inapropiado', 'denuncia evento 28', '2023-12-27 05:06:14');
insert into denunciaEvento (denunciaEventoId, eventoId, mascotaId, motivo, descripcion, fechaDenuncia) values (29, 75, 29, 'Contenido inapropiado', 'denuncia evento 29', '2022-03-16 22:34:27');
insert into denunciaEvento (denunciaEventoId, eventoId, mascotaId, motivo, descripcion, fechaDenuncia) values (30, 270, 30, 'Fraude', 'denuncia evento 30', '2023-04-11 12:36:08');
insert into denunciaEvento (denunciaEventoId, eventoId, mascotaId, motivo, descripcion, fechaDenuncia) values (31, 273, 31, 'Otro', 'denuncia evento 31', '2023-01-31 01:56:54');
insert into denunciaEvento (denunciaEventoId, eventoId, mascotaId, motivo, descripcion, fechaDenuncia) values (32, 9, 32, 'Fraude', 'denuncia evento 32', '2022-12-31 15:35:07');
insert into denunciaEvento (denunciaEventoId, eventoId, mascotaId, motivo, descripcion, fechaDenuncia) values (33, 66, 33, 'Fraude', 'denuncia evento 33', '2022-05-26 10:52:34');
insert into denunciaEvento (denunciaEventoId, eventoId, mascotaId, motivo, descripcion, fechaDenuncia) values (34, 247, 34, 'Otro', 'denuncia evento 34', '2022-05-03 20:29:49');
insert into denunciaEvento (denunciaEventoId, eventoId, mascotaId, motivo, descripcion, fechaDenuncia) values (35, 237, 35, 'Otro', 'denuncia evento 35', '2022-06-15 10:34:36');
insert into denunciaEvento (denunciaEventoId, eventoId, mascotaId, motivo, descripcion, fechaDenuncia) values (36, 223, 36, 'Maltrato animal', 'denuncia evento 36', '2023-02-26 13:31:12');
insert into denunciaEvento (denunciaEventoId, eventoId, mascotaId, motivo, descripcion, fechaDenuncia) values (37, 209, 37, 'Contenido inapropiado', 'denuncia evento 37', '2022-12-16 22:33:17');
insert into denunciaEvento (denunciaEventoId, eventoId, mascotaId, motivo, descripcion, fechaDenuncia) values (38, 137, 38, 'Maltrato animal', 'denuncia evento 38', '2022-09-09 13:40:20');
insert into denunciaEvento (denunciaEventoId, eventoId, mascotaId, motivo, descripcion, fechaDenuncia) values (39, 250, 39, 'Otro', 'denuncia evento 39', '2022-04-27 09:32:32');
insert into denunciaEvento (denunciaEventoId, eventoId, mascotaId, motivo, descripcion, fechaDenuncia) values (40, 78, 40, 'Otro', 'denuncia evento 40', '2022-02-23 19:42:55');
insert into denunciaEvento (denunciaEventoId, eventoId, mascotaId, motivo, descripcion, fechaDenuncia) values (41, 197, 41, 'Contenido inapropiado', 'denuncia evento 41', '2022-03-02 17:39:51');
insert into denunciaEvento (denunciaEventoId, eventoId, mascotaId, motivo, descripcion, fechaDenuncia) values (42, 252, 42, 'Otro', 'denuncia evento 42', '2022-02-19 02:50:29');
insert into denunciaEvento (denunciaEventoId, eventoId, mascotaId, motivo, descripcion, fechaDenuncia) values (43, 248, 43, 'Maltrato animal', 'denuncia evento 43', '2023-03-14 17:09:11');
insert into denunciaEvento (denunciaEventoId, eventoId, mascotaId, motivo, descripcion, fechaDenuncia) values (44, 297, 44, 'Contenido inapropiado', 'denuncia evento 44', '2022-05-10 03:54:33');
insert into denunciaEvento (denunciaEventoId, eventoId, mascotaId, motivo, descripcion, fechaDenuncia) values (45, 69, 45, 'Contenido inapropiado', 'denuncia evento 45', '2023-04-30 06:02:31');
insert into denunciaEvento (denunciaEventoId, eventoId, mascotaId, motivo, descripcion, fechaDenuncia) values (46, 168, 46, 'Contenido inapropiado', 'denuncia evento 46', '2022-04-16 20:54:14');
insert into denunciaEvento (denunciaEventoId, eventoId, mascotaId, motivo, descripcion, fechaDenuncia) values (47, 138, 47, 'Maltrato animal', 'denuncia evento 47', '2023-05-02 17:55:39');
insert into denunciaEvento (denunciaEventoId, eventoId, mascotaId, motivo, descripcion, fechaDenuncia) values (48, 166, 48, 'Contenido inapropiado', 'denuncia evento 48', '2023-12-20 12:12:54');
insert into denunciaEvento (denunciaEventoId, eventoId, mascotaId, motivo, descripcion, fechaDenuncia) values (49, 208, 49, 'Maltrato animal', 'denuncia evento 49', '2023-11-05 06:54:27');
insert into denunciaEvento (denunciaEventoId, eventoId, mascotaId, motivo, descripcion, fechaDenuncia) values (50, 126, 50, 'Contenido inapropiado', 'denuncia evento 50', '2022-01-19 15:03:16');
insert into denunciaEvento (denunciaEventoId, eventoId, mascotaId, motivo, descripcion, fechaDenuncia) values (51, 160, 51, 'Contenido inapropiado', 'denuncia evento 51', '2023-04-29 02:07:08');
insert into denunciaEvento (denunciaEventoId, eventoId, mascotaId, motivo, descripcion, fechaDenuncia) values (52, 264, 52, 'Contenido inapropiado', 'denuncia evento 52', '2022-03-31 00:05:27');
insert into denunciaEvento (denunciaEventoId, eventoId, mascotaId, motivo, descripcion, fechaDenuncia) values (53, 217, 53, 'Contenido inapropiado', 'denuncia evento 53', '2023-11-09 21:10:41');
insert into denunciaEvento (denunciaEventoId, eventoId, mascotaId, motivo, descripcion, fechaDenuncia) values (54, 273, 54, 'Otro', 'denuncia evento 54', '2023-07-08 05:59:36');
insert into denunciaEvento (denunciaEventoId, eventoId, mascotaId, motivo, descripcion, fechaDenuncia) values (55, 231, 55, 'Contenido inapropiado', 'denuncia evento 55', '2023-09-12 15:59:28');
insert into denunciaEvento (denunciaEventoId, eventoId, mascotaId, motivo, descripcion, fechaDenuncia) values (56, 232, 56, 'Maltrato animal', 'denuncia evento 56', '2022-09-27 01:15:06');
insert into denunciaEvento (denunciaEventoId, eventoId, mascotaId, motivo, descripcion, fechaDenuncia) values (57, 160, 57, 'Maltrato animal', 'denuncia evento 57', '2022-03-20 22:07:38');
insert into denunciaEvento (denunciaEventoId, eventoId, mascotaId, motivo, descripcion, fechaDenuncia) values (58, 191, 58, 'Maltrato animal', 'denuncia evento 58', '2023-11-19 00:27:07');
insert into denunciaEvento (denunciaEventoId, eventoId, mascotaId, motivo, descripcion, fechaDenuncia) values (59, 130, 59, 'Otro', 'denuncia evento 59', '2022-12-09 12:21:23');
insert into denunciaEvento (denunciaEventoId, eventoId, mascotaId, motivo, descripcion, fechaDenuncia) values (60, 139, 60, 'Maltrato animal', 'denuncia evento 60', '2023-08-01 12:08:48');
insert into denunciaEvento (denunciaEventoId, eventoId, mascotaId, motivo, descripcion, fechaDenuncia) values (61, 228, 61, 'Fraude', 'denuncia evento 61', '2022-05-26 13:39:49');
insert into denunciaEvento (denunciaEventoId, eventoId, mascotaId, motivo, descripcion, fechaDenuncia) values (62, 284, 62, 'Otro', 'denuncia evento 62', '2022-05-20 15:38:22');
insert into denunciaEvento (denunciaEventoId, eventoId, mascotaId, motivo, descripcion, fechaDenuncia) values (63, 228, 63, 'Maltrato animal', 'denuncia evento 63', '2023-06-11 06:00:06');
insert into denunciaEvento (denunciaEventoId, eventoId, mascotaId, motivo, descripcion, fechaDenuncia) values (64, 160, 64, 'Maltrato animal', 'denuncia evento 64', '2023-09-17 02:15:20');
insert into denunciaEvento (denunciaEventoId, eventoId, mascotaId, motivo, descripcion, fechaDenuncia) values (65, 245, 65, 'Otro', 'denuncia evento 65', '2023-01-16 19:10:55');
insert into denunciaEvento (denunciaEventoId, eventoId, mascotaId, motivo, descripcion, fechaDenuncia) values (66, 239, 66, 'Contenido inapropiado', 'denuncia evento 66', '2023-02-03 01:29:20');
insert into denunciaEvento (denunciaEventoId, eventoId, mascotaId, motivo, descripcion, fechaDenuncia) values (67, 65, 67, 'Contenido inapropiado', 'denuncia evento 67', '2022-01-31 10:07:29');
insert into denunciaEvento (denunciaEventoId, eventoId, mascotaId, motivo, descripcion, fechaDenuncia) values (68, 255, 68, 'Contenido inapropiado', 'denuncia evento 68', '2022-09-10 00:02:16');
insert into denunciaEvento (denunciaEventoId, eventoId, mascotaId, motivo, descripcion, fechaDenuncia) values (69, 129, 69, 'Contenido inapropiado', 'denuncia evento 69', '2023-07-25 07:27:20');
insert into denunciaEvento (denunciaEventoId, eventoId, mascotaId, motivo, descripcion, fechaDenuncia) values (70, 250, 70, 'Otro', 'denuncia evento 70', '2022-06-29 17:42:50');
insert into denunciaEvento (denunciaEventoId, eventoId, mascotaId, motivo, descripcion, fechaDenuncia) values (71, 62, 71, 'Contenido inapropiado', 'denuncia evento 71', '2023-10-20 17:57:28');
insert into denunciaEvento (denunciaEventoId, eventoId, mascotaId, motivo, descripcion, fechaDenuncia) values (72, 5, 72, 'Fraude', 'denuncia evento 72', '2023-03-03 06:16:02');
insert into denunciaEvento (denunciaEventoId, eventoId, mascotaId, motivo, descripcion, fechaDenuncia) values (73, 233, 73, 'Fraude', 'denuncia evento 73', '2022-05-09 20:21:38');
insert into denunciaEvento (denunciaEventoId, eventoId, mascotaId, motivo, descripcion, fechaDenuncia) values (74, 3, 74, 'Otro', 'denuncia evento 74', '2023-07-08 05:41:02');
insert into denunciaEvento (denunciaEventoId, eventoId, mascotaId, motivo, descripcion, fechaDenuncia) values (75, 32, 75, 'Contenido inapropiado', 'denuncia evento 75', '2022-03-03 19:39:49');
insert into denunciaEvento (denunciaEventoId, eventoId, mascotaId, motivo, descripcion, fechaDenuncia) values (76, 201, 76, 'Fraude', 'denuncia evento 76', '2023-04-30 13:04:59');
insert into denunciaEvento (denunciaEventoId, eventoId, mascotaId, motivo, descripcion, fechaDenuncia) values (77, 283, 77, 'Maltrato animal', 'denuncia evento 77', '2022-05-19 00:03:30');
insert into denunciaEvento (denunciaEventoId, eventoId, mascotaId, motivo, descripcion, fechaDenuncia) values (78, 166, 78, 'Maltrato animal', 'denuncia evento 78', '2023-09-26 16:33:41');
insert into denunciaEvento (denunciaEventoId, eventoId, mascotaId, motivo, descripcion, fechaDenuncia) values (79, 208, 79, 'Otro', 'denuncia evento 79', '2023-11-23 08:25:44');
insert into denunciaEvento (denunciaEventoId, eventoId, mascotaId, motivo, descripcion, fechaDenuncia) values (80, 298, 80, 'Contenido inapropiado', 'denuncia evento 80', '2023-06-28 23:16:32');
insert into denunciaEvento (denunciaEventoId, eventoId, mascotaId, motivo, descripcion, fechaDenuncia) values (81, 34, 81, 'Fraude', 'denuncia evento 81', '2022-06-17 00:25:19');
insert into denunciaEvento (denunciaEventoId, eventoId, mascotaId, motivo, descripcion, fechaDenuncia) values (82, 195, 82, 'Contenido inapropiado', 'denuncia evento 82', '2023-03-24 07:14:31');
insert into denunciaEvento (denunciaEventoId, eventoId, mascotaId, motivo, descripcion, fechaDenuncia) values (83, 59, 83, 'Fraude', 'denuncia evento 83', '2022-03-21 20:23:09');
insert into denunciaEvento (denunciaEventoId, eventoId, mascotaId, motivo, descripcion, fechaDenuncia) values (84, 171, 84, 'Maltrato animal', 'denuncia evento 84', '2022-10-04 14:21:09');
insert into denunciaEvento (denunciaEventoId, eventoId, mascotaId, motivo, descripcion, fechaDenuncia) values (85, 290, 85, 'Otro', 'denuncia evento 85', '2023-09-19 15:24:56');
insert into denunciaEvento (denunciaEventoId, eventoId, mascotaId, motivo, descripcion, fechaDenuncia) values (86, 61, 86, 'Fraude', 'denuncia evento 86', '2023-04-30 20:00:14');
insert into denunciaEvento (denunciaEventoId, eventoId, mascotaId, motivo, descripcion, fechaDenuncia) values (87, 2, 87, 'Otro', 'denuncia evento 87', '2023-08-30 21:35:09');
insert into denunciaEvento (denunciaEventoId, eventoId, mascotaId, motivo, descripcion, fechaDenuncia) values (88, 180, 88, 'Maltrato animal', 'denuncia evento 88', '2022-03-18 11:48:51');
insert into denunciaEvento (denunciaEventoId, eventoId, mascotaId, motivo, descripcion, fechaDenuncia) values (89, 222, 89, 'Otro', 'denuncia evento 89', '2022-12-09 22:07:18');
insert into denunciaEvento (denunciaEventoId, eventoId, mascotaId, motivo, descripcion, fechaDenuncia) values (90, 44, 90, 'Otro', 'denuncia evento 90', '2022-05-13 05:25:02');
insert into denunciaEvento (denunciaEventoId, eventoId, mascotaId, motivo, descripcion, fechaDenuncia) values (91, 67, 91, 'Maltrato animal', 'denuncia evento 91', '2023-04-02 12:03:13');
insert into denunciaEvento (denunciaEventoId, eventoId, mascotaId, motivo, descripcion, fechaDenuncia) values (92, 180, 92, 'Otro', 'denuncia evento 92', '2022-04-07 20:21:08');
insert into denunciaEvento (denunciaEventoId, eventoId, mascotaId, motivo, descripcion, fechaDenuncia) values (93, 144, 93, 'Otro', 'denuncia evento 93', '2022-10-11 06:14:26');
insert into denunciaEvento (denunciaEventoId, eventoId, mascotaId, motivo, descripcion, fechaDenuncia) values (94, 145, 94, 'Fraude', 'denuncia evento 94', '2023-02-22 04:06:04');
insert into denunciaEvento (denunciaEventoId, eventoId, mascotaId, motivo, descripcion, fechaDenuncia) values (95, 142, 95, 'Contenido inapropiado', 'denuncia evento 95', '2023-02-02 09:17:02');
insert into denunciaEvento (denunciaEventoId, eventoId, mascotaId, motivo, descripcion, fechaDenuncia) values (96, 299, 96, 'Fraude', 'denuncia evento 96', '2023-03-20 14:47:08');
insert into denunciaEvento (denunciaEventoId, eventoId, mascotaId, motivo, descripcion, fechaDenuncia) values (97, 71, 97, 'Contenido inapropiado', 'denuncia evento 97', '2022-11-26 09:51:17');
insert into denunciaEvento (denunciaEventoId, eventoId, mascotaId, motivo, descripcion, fechaDenuncia) values (98, 2, 98, 'Contenido inapropiado', 'denuncia evento 98', '2023-06-17 18:25:48');
insert into denunciaEvento (denunciaEventoId, eventoId, mascotaId, motivo, descripcion, fechaDenuncia) values (99, 20, 99, 'Maltrato animal', 'denuncia evento 99', '2022-12-09 16:36:27');
insert into denunciaEvento (denunciaEventoId, eventoId, mascotaId, motivo, descripcion, fechaDenuncia) values (100, 18, 100, 'Fraude', 'denuncia evento 100', '2022-06-07 23:40:46');

-- Datos grupo
insert into grupo (grupoId, nombre, privacidad, mascotaId, ciudadId) values (1, 'grupo 1', 'Privado', 22, 39);
insert into grupo (grupoId, nombre, privacidad, mascotaId, ciudadId) values (2, 'grupo 2', 'Privado', 37, 46);
insert into grupo (grupoId, nombre, privacidad, mascotaId, ciudadId) values (3, 'grupo 3', 'Privado', 72, 49);
insert into grupo (grupoId, nombre, privacidad, mascotaId, ciudadId) values (4, 'grupo 4', 'Privado', 54, 10);
insert into grupo (grupoId, nombre, privacidad, mascotaId, ciudadId) values (5, 'grupo 5', 'Publico', 7, 44);
insert into grupo (grupoId, nombre, privacidad, mascotaId, ciudadId) values (6, 'grupo 6', 'Publico', 85, 29);
insert into grupo (grupoId, nombre, privacidad, mascotaId, ciudadId) values (7, 'grupo 7', 'Publico', 97, 9);
insert into grupo (grupoId, nombre, privacidad, mascotaId, ciudadId) values (8, 'grupo 8', 'Publico', 35, 43);
insert into grupo (grupoId, nombre, privacidad, mascotaId, ciudadId) values (9, 'grupo 9', 'Privado', 25, 38);
insert into grupo (grupoId, nombre, privacidad, mascotaId, ciudadId) values (10, 'grupo 10', 'Privado', 13, 47);
insert into grupo (grupoId, nombre, privacidad, mascotaId, ciudadId) values (11, 'grupo 11', 'Publico', 67, 3);
insert into grupo (grupoId, nombre, privacidad, mascotaId, ciudadId) values (12, 'grupo 12', 'Privado', 52, 11);
insert into grupo (grupoId, nombre, privacidad, mascotaId, ciudadId) values (13, 'grupo 13', 'Privado', 17, 36);
insert into grupo (grupoId, nombre, privacidad, mascotaId, ciudadId) values (14, 'grupo 14', 'Privado', 66, 20);
insert into grupo (grupoId, nombre, privacidad, mascotaId, ciudadId) values (15, 'grupo 15', 'Publico', 29, 48);
insert into grupo (grupoId, nombre, privacidad, mascotaId, ciudadId) values (16, 'grupo 16', 'Publico', 86, 39);
insert into grupo (grupoId, nombre, privacidad, mascotaId, ciudadId) values (17, 'grupo 17', 'Publico', 75, 25);
insert into grupo (grupoId, nombre, privacidad, mascotaId, ciudadId) values (18, 'grupo 18', 'Privado', 66, 17);
insert into grupo (grupoId, nombre, privacidad, mascotaId, ciudadId) values (19, 'grupo 19', 'Publico', 96, 41);
insert into grupo (grupoId, nombre, privacidad, mascotaId, ciudadId) values (20, 'grupo 20', 'Privado', 85, 11);
insert into grupo (grupoId, nombre, privacidad, mascotaId, ciudadId) values (21, 'grupo 21', 'Privado', 19, 41);
insert into grupo (grupoId, nombre, privacidad, mascotaId, ciudadId) values (22, 'grupo 22', 'Privado', 82, 25);
insert into grupo (grupoId, nombre, privacidad, mascotaId, ciudadId) values (23, 'grupo 23', 'Publico', 52, 27);
insert into grupo (grupoId, nombre, privacidad, mascotaId, ciudadId) values (24, 'grupo 24', 'Publico', 54, 47);
insert into grupo (grupoId, nombre, privacidad, mascotaId, ciudadId) values (25, 'grupo 25', 'Publico', 100, 45);
insert into grupo (grupoId, nombre, privacidad, mascotaId, ciudadId) values (26, 'grupo 26', 'Publico', 27, 37);
insert into grupo (grupoId, nombre, privacidad, mascotaId, ciudadId) values (27, 'grupo 27', 'Privado', 86, 3);
insert into grupo (grupoId, nombre, privacidad, mascotaId, ciudadId) values (28, 'grupo 28', 'Publico', 20, 12);
insert into grupo (grupoId, nombre, privacidad, mascotaId, ciudadId) values (29, 'grupo 29', 'Publico', 35, 4);
insert into grupo (grupoId, nombre, privacidad, mascotaId, ciudadId) values (30, 'grupo 30', 'Privado', 97, 31);
insert into grupo (grupoId, nombre, privacidad, mascotaId, ciudadId) values (31, 'grupo 31', 'Publico', 64, 46);
insert into grupo (grupoId, nombre, privacidad, mascotaId, ciudadId) values (32, 'grupo 32', 'Privado', 86, 16);
insert into grupo (grupoId, nombre, privacidad, mascotaId, ciudadId) values (33, 'grupo 33', 'Publico', 3, 13);
insert into grupo (grupoId, nombre, privacidad, mascotaId, ciudadId) values (34, 'grupo 34', 'Publico', 26, 13);
insert into grupo (grupoId, nombre, privacidad, mascotaId, ciudadId) values (35, 'grupo 35', 'Privado', 63, 44);
insert into grupo (grupoId, nombre, privacidad, mascotaId, ciudadId) values (36, 'grupo 36', 'Publico', 15, 37);
insert into grupo (grupoId, nombre, privacidad, mascotaId, ciudadId) values (37, 'grupo 37', 'Privado', 63, 16);
insert into grupo (grupoId, nombre, privacidad, mascotaId, ciudadId) values (38, 'grupo 38', 'Publico', 50, 12);
insert into grupo (grupoId, nombre, privacidad, mascotaId, ciudadId) values (39, 'grupo 39', 'Publico', 39, 27);
insert into grupo (grupoId, nombre, privacidad, mascotaId, ciudadId) values (40, 'grupo 40', 'Privado', 52, 38);
insert into grupo (grupoId, nombre, privacidad, mascotaId, ciudadId) values (41, 'grupo 41', 'Privado', 82, 7);
insert into grupo (grupoId, nombre, privacidad, mascotaId, ciudadId) values (42, 'grupo 42', 'Publico', 81, 11);
insert into grupo (grupoId, nombre, privacidad, mascotaId, ciudadId) values (43, 'grupo 43', 'Publico', 54, 42);
insert into grupo (grupoId, nombre, privacidad, mascotaId, ciudadId) values (44, 'grupo 44', 'Publico', 42, 12);
insert into grupo (grupoId, nombre, privacidad, mascotaId, ciudadId) values (45, 'grupo 45', 'Publico', 63, 1);
insert into grupo (grupoId, nombre, privacidad, mascotaId, ciudadId) values (46, 'grupo 46', 'Publico', 18, 15);
insert into grupo (grupoId, nombre, privacidad, mascotaId, ciudadId) values (47, 'grupo 47', 'Privado', 38, 50);
insert into grupo (grupoId, nombre, privacidad, mascotaId, ciudadId) values (48, 'grupo 48', 'Privado', 2, 22);
insert into grupo (grupoId, nombre, privacidad, mascotaId, ciudadId) values (49, 'grupo 49', 'Privado', 9, 32);
insert into grupo (grupoId, nombre, privacidad, mascotaId, ciudadId) values (50, 'grupo 50', 'Publico', 3, 47);
insert into grupo (grupoId, nombre, privacidad, mascotaId, ciudadId) values (51, 'grupo 51', 'Publico', 87, 29);
insert into grupo (grupoId, nombre, privacidad, mascotaId, ciudadId) values (52, 'grupo 52', 'Publico', 64, 41);
insert into grupo (grupoId, nombre, privacidad, mascotaId, ciudadId) values (53, 'grupo 53', 'Privado', 57, 41);
insert into grupo (grupoId, nombre, privacidad, mascotaId, ciudadId) values (54, 'grupo 54', 'Privado', 79, 3);
insert into grupo (grupoId, nombre, privacidad, mascotaId, ciudadId) values (55, 'grupo 55', 'Publico', 26, 31);
insert into grupo (grupoId, nombre, privacidad, mascotaId, ciudadId) values (56, 'grupo 56', 'Publico', 64, 48);
insert into grupo (grupoId, nombre, privacidad, mascotaId, ciudadId) values (57, 'grupo 57', 'Privado', 52, 15);
insert into grupo (grupoId, nombre, privacidad, mascotaId, ciudadId) values (58, 'grupo 58', 'Publico', 39, 8);
insert into grupo (grupoId, nombre, privacidad, mascotaId, ciudadId) values (59, 'grupo 59', 'Publico', 100, 20);
insert into grupo (grupoId, nombre, privacidad, mascotaId, ciudadId) values (60, 'grupo 60', 'Privado', 78, 46);
insert into grupo (grupoId, nombre, privacidad, mascotaId, ciudadId) values (61, 'grupo 61', 'Publico', 74, 5);
insert into grupo (grupoId, nombre, privacidad, mascotaId, ciudadId) values (62, 'grupo 62', 'Privado', 52, 18);
insert into grupo (grupoId, nombre, privacidad, mascotaId, ciudadId) values (63, 'grupo 63', 'Privado', 72, 5);
insert into grupo (grupoId, nombre, privacidad, mascotaId, ciudadId) values (64, 'grupo 64', 'Publico', 14, 11);
insert into grupo (grupoId, nombre, privacidad, mascotaId, ciudadId) values (65, 'grupo 65', 'Publico', 53, 10);
insert into grupo (grupoId, nombre, privacidad, mascotaId, ciudadId) values (66, 'grupo 66', 'Privado', 47, 44);
insert into grupo (grupoId, nombre, privacidad, mascotaId, ciudadId) values (67, 'grupo 67', 'Publico', 78, 34);
insert into grupo (grupoId, nombre, privacidad, mascotaId, ciudadId) values (68, 'grupo 68', 'Privado', 83, 20);
insert into grupo (grupoId, nombre, privacidad, mascotaId, ciudadId) values (69, 'grupo 69', 'Publico', 36, 19);
insert into grupo (grupoId, nombre, privacidad, mascotaId, ciudadId) values (70, 'grupo 70', 'Publico', 91, 12);
insert into grupo (grupoId, nombre, privacidad, mascotaId, ciudadId) values (71, 'grupo 71', 'Privado', 12, 33);
insert into grupo (grupoId, nombre, privacidad, mascotaId, ciudadId) values (72, 'grupo 72', 'Privado', 25, 36);
insert into grupo (grupoId, nombre, privacidad, mascotaId, ciudadId) values (73, 'grupo 73', 'Publico', 53, 21);
insert into grupo (grupoId, nombre, privacidad, mascotaId, ciudadId) values (74, 'grupo 74', 'Privado', 90, 50);
insert into grupo (grupoId, nombre, privacidad, mascotaId, ciudadId) values (75, 'grupo 75', 'Publico', 38, 25);
insert into grupo (grupoId, nombre, privacidad, mascotaId, ciudadId) values (76, 'grupo 76', 'Publico', 41, 3);
insert into grupo (grupoId, nombre, privacidad, mascotaId, ciudadId) values (77, 'grupo 77', 'Publico', 92, 6);
insert into grupo (grupoId, nombre, privacidad, mascotaId, ciudadId) values (78, 'grupo 78', 'Publico', 25, 18);
insert into grupo (grupoId, nombre, privacidad, mascotaId, ciudadId) values (79, 'grupo 79', 'Privado', 56, 22);
insert into grupo (grupoId, nombre, privacidad, mascotaId, ciudadId) values (80, 'grupo 80', 'Publico', 22, 17);
insert into grupo (grupoId, nombre, privacidad, mascotaId, ciudadId) values (81, 'grupo 81', 'Publico', 64, 41);
insert into grupo (grupoId, nombre, privacidad, mascotaId, ciudadId) values (82, 'grupo 82', 'Publico', 9, 49);
insert into grupo (grupoId, nombre, privacidad, mascotaId, ciudadId) values (83, 'grupo 83', 'Privado', 15, 20);
insert into grupo (grupoId, nombre, privacidad, mascotaId, ciudadId) values (84, 'grupo 84', 'Publico', 78, 20);
insert into grupo (grupoId, nombre, privacidad, mascotaId, ciudadId) values (85, 'grupo 85', 'Privado', 39, 35);
insert into grupo (grupoId, nombre, privacidad, mascotaId, ciudadId) values (86, 'grupo 86', 'Privado', 75, 14);
insert into grupo (grupoId, nombre, privacidad, mascotaId, ciudadId) values (87, 'grupo 87', 'Privado', 3, 47);
insert into grupo (grupoId, nombre, privacidad, mascotaId, ciudadId) values (88, 'grupo 88', 'Publico', 98, 42);
insert into grupo (grupoId, nombre, privacidad, mascotaId, ciudadId) values (89, 'grupo 89', 'Privado', 86, 4);
insert into grupo (grupoId, nombre, privacidad, mascotaId, ciudadId) values (90, 'grupo 90', 'Privado', 81, 14);
insert into grupo (grupoId, nombre, privacidad, mascotaId, ciudadId) values (91, 'grupo 91', 'Privado', 23, 12);
insert into grupo (grupoId, nombre, privacidad, mascotaId, ciudadId) values (92, 'grupo 92', 'Publico', 20, 43);
insert into grupo (grupoId, nombre, privacidad, mascotaId, ciudadId) values (93, 'grupo 93', 'Publico', 69, 21);
insert into grupo (grupoId, nombre, privacidad, mascotaId, ciudadId) values (94, 'grupo 94', 'Privado', 13, 26);
insert into grupo (grupoId, nombre, privacidad, mascotaId, ciudadId) values (95, 'grupo 95', 'Privado', 6, 42);
insert into grupo (grupoId, nombre, privacidad, mascotaId, ciudadId) values (96, 'grupo 96', 'Privado', 17, 34);
insert into grupo (grupoId, nombre, privacidad, mascotaId, ciudadId) values (97, 'grupo 97', 'Publico', 47, 15);
insert into grupo (grupoId, nombre, privacidad, mascotaId, ciudadId) values (98, 'grupo 98', 'Publico', 23, 5);
insert into grupo (grupoId, nombre, privacidad, mascotaId, ciudadId) values (99, 'grupo 99', 'Privado', 62, 16);
insert into grupo (grupoId, nombre, privacidad, mascotaId, ciudadId) values (100, 'grupo 100', 'Publico', 61, 23);
insert into grupo (grupoId, nombre, privacidad, mascotaId, ciudadId) values (101, 'grupo 101', 'Publico', 32, 5);
insert into grupo (grupoId, nombre, privacidad, mascotaId, ciudadId) values (102, 'grupo 102', 'Privado', 71, 48);
insert into grupo (grupoId, nombre, privacidad, mascotaId, ciudadId) values (103, 'grupo 103', 'Publico', 26, 23);
insert into grupo (grupoId, nombre, privacidad, mascotaId, ciudadId) values (104, 'grupo 104', 'Privado', 62, 2);
insert into grupo (grupoId, nombre, privacidad, mascotaId, ciudadId) values (105, 'grupo 105', 'Privado', 61, 18);
insert into grupo (grupoId, nombre, privacidad, mascotaId, ciudadId) values (106, 'grupo 106', 'Publico', 73, 45);
insert into grupo (grupoId, nombre, privacidad, mascotaId, ciudadId) values (107, 'grupo 107', 'Privado', 56, 32);
insert into grupo (grupoId, nombre, privacidad, mascotaId, ciudadId) values (108, 'grupo 108', 'Privado', 10, 40);
insert into grupo (grupoId, nombre, privacidad, mascotaId, ciudadId) values (109, 'grupo 109', 'Privado', 81, 14);
insert into grupo (grupoId, nombre, privacidad, mascotaId, ciudadId) values (110, 'grupo 110', 'Privado', 46, 18);
insert into grupo (grupoId, nombre, privacidad, mascotaId, ciudadId) values (111, 'grupo 111', 'Publico', 16, 32);
insert into grupo (grupoId, nombre, privacidad, mascotaId, ciudadId) values (112, 'grupo 112', 'Privado', 66, 39);
insert into grupo (grupoId, nombre, privacidad, mascotaId, ciudadId) values (113, 'grupo 113', 'Privado', 38, 17);
insert into grupo (grupoId, nombre, privacidad, mascotaId, ciudadId) values (114, 'grupo 114', 'Publico', 79, 4);
insert into grupo (grupoId, nombre, privacidad, mascotaId, ciudadId) values (115, 'grupo 115', 'Privado', 82, 15);
insert into grupo (grupoId, nombre, privacidad, mascotaId, ciudadId) values (116, 'grupo 116', 'Publico', 59, 5);
insert into grupo (grupoId, nombre, privacidad, mascotaId, ciudadId) values (117, 'grupo 117', 'Privado', 82, 14);
insert into grupo (grupoId, nombre, privacidad, mascotaId, ciudadId) values (118, 'grupo 118', 'Publico', 52, 15);
insert into grupo (grupoId, nombre, privacidad, mascotaId, ciudadId) values (119, 'grupo 119', 'Privado', 1, 39);
insert into grupo (grupoId, nombre, privacidad, mascotaId, ciudadId) values (120, 'grupo 120', 'Publico', 25, 33);
insert into grupo (grupoId, nombre, privacidad, mascotaId, ciudadId) values (121, 'grupo 121', 'Publico', 84, 3);
insert into grupo (grupoId, nombre, privacidad, mascotaId, ciudadId) values (122, 'grupo 122', 'Privado', 39, 12);
insert into grupo (grupoId, nombre, privacidad, mascotaId, ciudadId) values (123, 'grupo 123', 'Publico', 20, 20);
insert into grupo (grupoId, nombre, privacidad, mascotaId, ciudadId) values (124, 'grupo 124', 'Publico', 69, 31);
insert into grupo (grupoId, nombre, privacidad, mascotaId, ciudadId) values (125, 'grupo 125', 'Privado', 58, 31);
insert into grupo (grupoId, nombre, privacidad, mascotaId, ciudadId) values (126, 'grupo 126', 'Publico', 20, 35);
insert into grupo (grupoId, nombre, privacidad, mascotaId, ciudadId) values (127, 'grupo 127', 'Privado', 56, 47);
insert into grupo (grupoId, nombre, privacidad, mascotaId, ciudadId) values (128, 'grupo 128', 'Publico', 25, 10);
insert into grupo (grupoId, nombre, privacidad, mascotaId, ciudadId) values (129, 'grupo 129', 'Privado', 82, 17);
insert into grupo (grupoId, nombre, privacidad, mascotaId, ciudadId) values (130, 'grupo 130', 'Privado', 30, 42);
insert into grupo (grupoId, nombre, privacidad, mascotaId, ciudadId) values (131, 'grupo 131', 'Privado', 16, 29);
insert into grupo (grupoId, nombre, privacidad, mascotaId, ciudadId) values (132, 'grupo 132', 'Publico', 32, 11);
insert into grupo (grupoId, nombre, privacidad, mascotaId, ciudadId) values (133, 'grupo 133', 'Privado', 1, 27);
insert into grupo (grupoId, nombre, privacidad, mascotaId, ciudadId) values (134, 'grupo 134', 'Privado', 1, 33);
insert into grupo (grupoId, nombre, privacidad, mascotaId, ciudadId) values (135, 'grupo 135', 'Publico', 95, 28);
insert into grupo (grupoId, nombre, privacidad, mascotaId, ciudadId) values (136, 'grupo 136', 'Privado', 75, 22);
insert into grupo (grupoId, nombre, privacidad, mascotaId, ciudadId) values (137, 'grupo 137', 'Privado', 71, 7);
insert into grupo (grupoId, nombre, privacidad, mascotaId, ciudadId) values (138, 'grupo 138', 'Publico', 42, 41);
insert into grupo (grupoId, nombre, privacidad, mascotaId, ciudadId) values (139, 'grupo 139', 'Privado', 78, 47);
insert into grupo (grupoId, nombre, privacidad, mascotaId, ciudadId) values (140, 'grupo 140', 'Privado', 23, 12);
insert into grupo (grupoId, nombre, privacidad, mascotaId, ciudadId) values (141, 'grupo 141', 'Privado', 48, 28);
insert into grupo (grupoId, nombre, privacidad, mascotaId, ciudadId) values (142, 'grupo 142', 'Privado', 67, 41);
insert into grupo (grupoId, nombre, privacidad, mascotaId, ciudadId) values (143, 'grupo 143', 'Privado', 43, 24);
insert into grupo (grupoId, nombre, privacidad, mascotaId, ciudadId) values (144, 'grupo 144', 'Privado', 39, 31);
insert into grupo (grupoId, nombre, privacidad, mascotaId, ciudadId) values (145, 'grupo 145', 'Privado', 22, 6);
insert into grupo (grupoId, nombre, privacidad, mascotaId, ciudadId) values (146, 'grupo 146', 'Publico', 8, 48);
insert into grupo (grupoId, nombre, privacidad, mascotaId, ciudadId) values (147, 'grupo 147', 'Privado', 23, 46);
insert into grupo (grupoId, nombre, privacidad, mascotaId, ciudadId) values (148, 'grupo 148', 'Publico', 55, 42);
insert into grupo (grupoId, nombre, privacidad, mascotaId, ciudadId) values (149, 'grupo 149', 'Publico', 8, 30);
insert into grupo (grupoId, nombre, privacidad, mascotaId, ciudadId) values (150, 'grupo 150', 'Privado', 46, 47);
insert into grupo (grupoId, nombre, privacidad, mascotaId, ciudadId) values (151, 'grupo 151', 'Publico', 58, 27);
insert into grupo (grupoId, nombre, privacidad, mascotaId, ciudadId) values (152, 'grupo 152', 'Publico', 44, 29);
insert into grupo (grupoId, nombre, privacidad, mascotaId, ciudadId) values (153, 'grupo 153', 'Publico', 34, 19);
insert into grupo (grupoId, nombre, privacidad, mascotaId, ciudadId) values (154, 'grupo 154', 'Privado', 51, 30);
insert into grupo (grupoId, nombre, privacidad, mascotaId, ciudadId) values (155, 'grupo 155', 'Privado', 38, 13);
insert into grupo (grupoId, nombre, privacidad, mascotaId, ciudadId) values (156, 'grupo 156', 'Publico', 53, 11);
insert into grupo (grupoId, nombre, privacidad, mascotaId, ciudadId) values (157, 'grupo 157', 'Privado', 61, 43);
insert into grupo (grupoId, nombre, privacidad, mascotaId, ciudadId) values (158, 'grupo 158', 'Privado', 26, 30);
insert into grupo (grupoId, nombre, privacidad, mascotaId, ciudadId) values (159, 'grupo 159', 'Privado', 96, 38);
insert into grupo (grupoId, nombre, privacidad, mascotaId, ciudadId) values (160, 'grupo 160', 'Publico', 64, 40);
insert into grupo (grupoId, nombre, privacidad, mascotaId, ciudadId) values (161, 'grupo 161', 'Privado', 82, 1);
insert into grupo (grupoId, nombre, privacidad, mascotaId, ciudadId) values (162, 'grupo 162', 'Publico', 78, 34);
insert into grupo (grupoId, nombre, privacidad, mascotaId, ciudadId) values (163, 'grupo 163', 'Privado', 76, 5);
insert into grupo (grupoId, nombre, privacidad, mascotaId, ciudadId) values (164, 'grupo 164', 'Publico', 26, 33);
insert into grupo (grupoId, nombre, privacidad, mascotaId, ciudadId) values (165, 'grupo 165', 'Privado', 98, 32);
insert into grupo (grupoId, nombre, privacidad, mascotaId, ciudadId) values (166, 'grupo 166', 'Publico', 64, 32);
insert into grupo (grupoId, nombre, privacidad, mascotaId, ciudadId) values (167, 'grupo 167', 'Privado', 86, 49);
insert into grupo (grupoId, nombre, privacidad, mascotaId, ciudadId) values (168, 'grupo 168', 'Privado', 65, 8);
insert into grupo (grupoId, nombre, privacidad, mascotaId, ciudadId) values (169, 'grupo 169', 'Privado', 72, 19);
insert into grupo (grupoId, nombre, privacidad, mascotaId, ciudadId) values (170, 'grupo 170', 'Publico', 42, 3);
insert into grupo (grupoId, nombre, privacidad, mascotaId, ciudadId) values (171, 'grupo 171', 'Privado', 11, 36);
insert into grupo (grupoId, nombre, privacidad, mascotaId, ciudadId) values (172, 'grupo 172', 'Publico', 66, 43);
insert into grupo (grupoId, nombre, privacidad, mascotaId, ciudadId) values (173, 'grupo 173', 'Publico', 62, 7);
insert into grupo (grupoId, nombre, privacidad, mascotaId, ciudadId) values (174, 'grupo 174', 'Publico', 48, 9);
insert into grupo (grupoId, nombre, privacidad, mascotaId, ciudadId) values (175, 'grupo 175', 'Publico', 36, 7);
insert into grupo (grupoId, nombre, privacidad, mascotaId, ciudadId) values (176, 'grupo 176', 'Publico', 30, 43);
insert into grupo (grupoId, nombre, privacidad, mascotaId, ciudadId) values (177, 'grupo 177', 'Privado', 16, 20);
insert into grupo (grupoId, nombre, privacidad, mascotaId, ciudadId) values (178, 'grupo 178', 'Privado', 71, 32);
insert into grupo (grupoId, nombre, privacidad, mascotaId, ciudadId) values (179, 'grupo 179', 'Privado', 73, 13);
insert into grupo (grupoId, nombre, privacidad, mascotaId, ciudadId) values (180, 'grupo 180', 'Privado', 59, 46);
insert into grupo (grupoId, nombre, privacidad, mascotaId, ciudadId) values (181, 'grupo 181', 'Publico', 67, 18);
insert into grupo (grupoId, nombre, privacidad, mascotaId, ciudadId) values (182, 'grupo 182', 'Privado', 62, 26);
insert into grupo (grupoId, nombre, privacidad, mascotaId, ciudadId) values (183, 'grupo 183', 'Publico', 48, 35);
insert into grupo (grupoId, nombre, privacidad, mascotaId, ciudadId) values (184, 'grupo 184', 'Privado', 72, 47);
insert into grupo (grupoId, nombre, privacidad, mascotaId, ciudadId) values (185, 'grupo 185', 'Privado', 16, 29);
insert into grupo (grupoId, nombre, privacidad, mascotaId, ciudadId) values (186, 'grupo 186', 'Privado', 69, 50);
insert into grupo (grupoId, nombre, privacidad, mascotaId, ciudadId) values (187, 'grupo 187', 'Publico', 99, 15);
insert into grupo (grupoId, nombre, privacidad, mascotaId, ciudadId) values (188, 'grupo 188', 'Privado', 91, 45);
insert into grupo (grupoId, nombre, privacidad, mascotaId, ciudadId) values (189, 'grupo 189', 'Publico', 97, 50);
insert into grupo (grupoId, nombre, privacidad, mascotaId, ciudadId) values (190, 'grupo 190', 'Privado', 45, 46);
insert into grupo (grupoId, nombre, privacidad, mascotaId, ciudadId) values (191, 'grupo 191', 'Privado', 58, 4);
insert into grupo (grupoId, nombre, privacidad, mascotaId, ciudadId) values (192, 'grupo 192', 'Privado', 75, 28);
insert into grupo (grupoId, nombre, privacidad, mascotaId, ciudadId) values (193, 'grupo 193', 'Publico', 7, 6);
insert into grupo (grupoId, nombre, privacidad, mascotaId, ciudadId) values (194, 'grupo 194', 'Publico', 94, 16);
insert into grupo (grupoId, nombre, privacidad, mascotaId, ciudadId) values (195, 'grupo 195', 'Privado', 100, 45);
insert into grupo (grupoId, nombre, privacidad, mascotaId, ciudadId) values (196, 'grupo 196', 'Privado', 68, 4);
insert into grupo (grupoId, nombre, privacidad, mascotaId, ciudadId) values (197, 'grupo 197', 'Privado', 97, 29);
insert into grupo (grupoId, nombre, privacidad, mascotaId, ciudadId) values (198, 'grupo 198', 'Privado', 81, 45);
insert into grupo (grupoId, nombre, privacidad, mascotaId, ciudadId) values (199, 'grupo 199', 'Publico', 86, 45);
insert into grupo (grupoId, nombre, privacidad, mascotaId, ciudadId) values (200, 'grupo 200', 'Privado', 80, 15);

-- Datos mascotaGrupo
insert into mascotaGrupo (mascotaGrupoId, grupoId, mascotaId) values (1, 25, 20);
insert into mascotaGrupo (mascotaGrupoId, grupoId, mascotaId) values (2, 195, 18);
insert into mascotaGrupo (mascotaGrupoId, grupoId, mascotaId) values (3, 20, 70);
insert into mascotaGrupo (mascotaGrupoId, grupoId, mascotaId) values (4, 114, 43);
insert into mascotaGrupo (mascotaGrupoId, grupoId, mascotaId) values (5, 58, 65);
insert into mascotaGrupo (mascotaGrupoId, grupoId, mascotaId) values (6, 117, 94);
insert into mascotaGrupo (mascotaGrupoId, grupoId, mascotaId) values (7, 14, 94);
insert into mascotaGrupo (mascotaGrupoId, grupoId, mascotaId) values (8, 59, 77);
insert into mascotaGrupo (mascotaGrupoId, grupoId, mascotaId) values (9, 50, 76);
insert into mascotaGrupo (mascotaGrupoId, grupoId, mascotaId) values (10, 180, 21);
insert into mascotaGrupo (mascotaGrupoId, grupoId, mascotaId) values (11, 127, 82);
insert into mascotaGrupo (mascotaGrupoId, grupoId, mascotaId) values (12, 119, 12);
insert into mascotaGrupo (mascotaGrupoId, grupoId, mascotaId) values (13, 164, 37);
insert into mascotaGrupo (mascotaGrupoId, grupoId, mascotaId) values (14, 180, 44);
insert into mascotaGrupo (mascotaGrupoId, grupoId, mascotaId) values (15, 96, 27);
insert into mascotaGrupo (mascotaGrupoId, grupoId, mascotaId) values (16, 68, 57);
insert into mascotaGrupo (mascotaGrupoId, grupoId, mascotaId) values (17, 26, 47);
insert into mascotaGrupo (mascotaGrupoId, grupoId, mascotaId) values (18, 74, 61);
insert into mascotaGrupo (mascotaGrupoId, grupoId, mascotaId) values (19, 196, 2);
insert into mascotaGrupo (mascotaGrupoId, grupoId, mascotaId) values (20, 191, 39);
insert into mascotaGrupo (mascotaGrupoId, grupoId, mascotaId) values (21, 180, 12);
insert into mascotaGrupo (mascotaGrupoId, grupoId, mascotaId) values (22, 186, 21);
insert into mascotaGrupo (mascotaGrupoId, grupoId, mascotaId) values (23, 195, 68);
insert into mascotaGrupo (mascotaGrupoId, grupoId, mascotaId) values (24, 104, 13);
insert into mascotaGrupo (mascotaGrupoId, grupoId, mascotaId) values (25, 180, 45);
insert into mascotaGrupo (mascotaGrupoId, grupoId, mascotaId) values (26, 18, 79);
insert into mascotaGrupo (mascotaGrupoId, grupoId, mascotaId) values (27, 148, 60);
insert into mascotaGrupo (mascotaGrupoId, grupoId, mascotaId) values (28, 44, 61);
insert into mascotaGrupo (mascotaGrupoId, grupoId, mascotaId) values (29, 97, 33);
insert into mascotaGrupo (mascotaGrupoId, grupoId, mascotaId) values (30, 197, 79);
insert into mascotaGrupo (mascotaGrupoId, grupoId, mascotaId) values (31, 13, 63);
insert into mascotaGrupo (mascotaGrupoId, grupoId, mascotaId) values (32, 114, 100);
insert into mascotaGrupo (mascotaGrupoId, grupoId, mascotaId) values (33, 44, 74);
insert into mascotaGrupo (mascotaGrupoId, grupoId, mascotaId) values (34, 108, 20);
insert into mascotaGrupo (mascotaGrupoId, grupoId, mascotaId) values (35, 94, 66);
insert into mascotaGrupo (mascotaGrupoId, grupoId, mascotaId) values (36, 133, 11);
insert into mascotaGrupo (mascotaGrupoId, grupoId, mascotaId) values (37, 87, 55);
insert into mascotaGrupo (mascotaGrupoId, grupoId, mascotaId) values (38, 194, 84);
insert into mascotaGrupo (mascotaGrupoId, grupoId, mascotaId) values (39, 129, 85);
insert into mascotaGrupo (mascotaGrupoId, grupoId, mascotaId) values (40, 41, 73);
insert into mascotaGrupo (mascotaGrupoId, grupoId, mascotaId) values (41, 65, 17);
insert into mascotaGrupo (mascotaGrupoId, grupoId, mascotaId) values (42, 186, 9);
insert into mascotaGrupo (mascotaGrupoId, grupoId, mascotaId) values (43, 147, 76);
insert into mascotaGrupo (mascotaGrupoId, grupoId, mascotaId) values (44, 28, 24);
insert into mascotaGrupo (mascotaGrupoId, grupoId, mascotaId) values (45, 54, 98);
insert into mascotaGrupo (mascotaGrupoId, grupoId, mascotaId) values (46, 112, 32);
insert into mascotaGrupo (mascotaGrupoId, grupoId, mascotaId) values (47, 169, 93);
insert into mascotaGrupo (mascotaGrupoId, grupoId, mascotaId) values (48, 99, 12);
insert into mascotaGrupo (mascotaGrupoId, grupoId, mascotaId) values (49, 97, 21);
insert into mascotaGrupo (mascotaGrupoId, grupoId, mascotaId) values (50, 173, 78);
insert into mascotaGrupo (mascotaGrupoId, grupoId, mascotaId) values (51, 57, 13);
insert into mascotaGrupo (mascotaGrupoId, grupoId, mascotaId) values (52, 73, 66);
insert into mascotaGrupo (mascotaGrupoId, grupoId, mascotaId) values (53, 26, 68);
insert into mascotaGrupo (mascotaGrupoId, grupoId, mascotaId) values (54, 68, 29);
insert into mascotaGrupo (mascotaGrupoId, grupoId, mascotaId) values (55, 193, 76);
insert into mascotaGrupo (mascotaGrupoId, grupoId, mascotaId) values (56, 47, 41);
insert into mascotaGrupo (mascotaGrupoId, grupoId, mascotaId) values (57, 133, 9);
insert into mascotaGrupo (mascotaGrupoId, grupoId, mascotaId) values (58, 117, 64);
insert into mascotaGrupo (mascotaGrupoId, grupoId, mascotaId) values (59, 107, 30);
insert into mascotaGrupo (mascotaGrupoId, grupoId, mascotaId) values (60, 105, 55);
insert into mascotaGrupo (mascotaGrupoId, grupoId, mascotaId) values (61, 130, 13);
insert into mascotaGrupo (mascotaGrupoId, grupoId, mascotaId) values (62, 27, 25);
insert into mascotaGrupo (mascotaGrupoId, grupoId, mascotaId) values (63, 156, 76);
insert into mascotaGrupo (mascotaGrupoId, grupoId, mascotaId) values (64, 89, 6);
insert into mascotaGrupo (mascotaGrupoId, grupoId, mascotaId) values (65, 198, 32);
insert into mascotaGrupo (mascotaGrupoId, grupoId, mascotaId) values (66, 187, 92);
insert into mascotaGrupo (mascotaGrupoId, grupoId, mascotaId) values (67, 32, 97);
insert into mascotaGrupo (mascotaGrupoId, grupoId, mascotaId) values (68, 26, 58);
insert into mascotaGrupo (mascotaGrupoId, grupoId, mascotaId) values (69, 74, 10);
insert into mascotaGrupo (mascotaGrupoId, grupoId, mascotaId) values (70, 77, 4);
insert into mascotaGrupo (mascotaGrupoId, grupoId, mascotaId) values (71, 152, 76);
insert into mascotaGrupo (mascotaGrupoId, grupoId, mascotaId) values (72, 148, 77);
insert into mascotaGrupo (mascotaGrupoId, grupoId, mascotaId) values (73, 150, 46);
insert into mascotaGrupo (mascotaGrupoId, grupoId, mascotaId) values (74, 64, 6);
insert into mascotaGrupo (mascotaGrupoId, grupoId, mascotaId) values (75, 93, 84);
insert into mascotaGrupo (mascotaGrupoId, grupoId, mascotaId) values (76, 131, 4);
insert into mascotaGrupo (mascotaGrupoId, grupoId, mascotaId) values (77, 198, 1);
insert into mascotaGrupo (mascotaGrupoId, grupoId, mascotaId) values (78, 84, 83);
insert into mascotaGrupo (mascotaGrupoId, grupoId, mascotaId) values (79, 24, 31);
insert into mascotaGrupo (mascotaGrupoId, grupoId, mascotaId) values (80, 106, 52);
insert into mascotaGrupo (mascotaGrupoId, grupoId, mascotaId) values (81, 48, 87);
insert into mascotaGrupo (mascotaGrupoId, grupoId, mascotaId) values (82, 29, 12);
insert into mascotaGrupo (mascotaGrupoId, grupoId, mascotaId) values (83, 42, 38);
insert into mascotaGrupo (mascotaGrupoId, grupoId, mascotaId) values (84, 138, 27);
insert into mascotaGrupo (mascotaGrupoId, grupoId, mascotaId) values (85, 17, 67);
insert into mascotaGrupo (mascotaGrupoId, grupoId, mascotaId) values (86, 145, 6);
insert into mascotaGrupo (mascotaGrupoId, grupoId, mascotaId) values (87, 72, 40);
insert into mascotaGrupo (mascotaGrupoId, grupoId, mascotaId) values (88, 118, 93);
insert into mascotaGrupo (mascotaGrupoId, grupoId, mascotaId) values (89, 39, 67);
insert into mascotaGrupo (mascotaGrupoId, grupoId, mascotaId) values (90, 27, 74);
insert into mascotaGrupo (mascotaGrupoId, grupoId, mascotaId) values (91, 182, 2);
insert into mascotaGrupo (mascotaGrupoId, grupoId, mascotaId) values (92, 20, 78);
insert into mascotaGrupo (mascotaGrupoId, grupoId, mascotaId) values (93, 142, 71);
insert into mascotaGrupo (mascotaGrupoId, grupoId, mascotaId) values (94, 147, 65);
insert into mascotaGrupo (mascotaGrupoId, grupoId, mascotaId) values (95, 36, 46);
insert into mascotaGrupo (mascotaGrupoId, grupoId, mascotaId) values (96, 75, 63);
insert into mascotaGrupo (mascotaGrupoId, grupoId, mascotaId) values (97, 43, 51);
insert into mascotaGrupo (mascotaGrupoId, grupoId, mascotaId) values (98, 66, 26);
insert into mascotaGrupo (mascotaGrupoId, grupoId, mascotaId) values (99, 130, 96);
insert into mascotaGrupo (mascotaGrupoId, grupoId, mascotaId) values (100, 94, 50);
insert into mascotaGrupo (mascotaGrupoId, grupoId, mascotaId) values (101, 28, 87);
insert into mascotaGrupo (mascotaGrupoId, grupoId, mascotaId) values (102, 163, 37);
insert into mascotaGrupo (mascotaGrupoId, grupoId, mascotaId) values (103, 166, 15);
insert into mascotaGrupo (mascotaGrupoId, grupoId, mascotaId) values (104, 178, 38);
insert into mascotaGrupo (mascotaGrupoId, grupoId, mascotaId) values (105, 180, 16);
insert into mascotaGrupo (mascotaGrupoId, grupoId, mascotaId) values (106, 192, 5);
insert into mascotaGrupo (mascotaGrupoId, grupoId, mascotaId) values (107, 110, 28);
insert into mascotaGrupo (mascotaGrupoId, grupoId, mascotaId) values (108, 60, 63);
insert into mascotaGrupo (mascotaGrupoId, grupoId, mascotaId) values (109, 156, 53);
insert into mascotaGrupo (mascotaGrupoId, grupoId, mascotaId) values (110, 31, 10);
insert into mascotaGrupo (mascotaGrupoId, grupoId, mascotaId) values (111, 179, 8);
insert into mascotaGrupo (mascotaGrupoId, grupoId, mascotaId) values (112, 113, 100);
insert into mascotaGrupo (mascotaGrupoId, grupoId, mascotaId) values (113, 43, 36);
insert into mascotaGrupo (mascotaGrupoId, grupoId, mascotaId) values (114, 80, 45);
insert into mascotaGrupo (mascotaGrupoId, grupoId, mascotaId) values (115, 95, 11);
insert into mascotaGrupo (mascotaGrupoId, grupoId, mascotaId) values (116, 85, 13);
insert into mascotaGrupo (mascotaGrupoId, grupoId, mascotaId) values (117, 158, 42);
insert into mascotaGrupo (mascotaGrupoId, grupoId, mascotaId) values (118, 169, 100);
insert into mascotaGrupo (mascotaGrupoId, grupoId, mascotaId) values (119, 27, 66);
insert into mascotaGrupo (mascotaGrupoId, grupoId, mascotaId) values (120, 108, 45);
insert into mascotaGrupo (mascotaGrupoId, grupoId, mascotaId) values (121, 156, 31);
insert into mascotaGrupo (mascotaGrupoId, grupoId, mascotaId) values (122, 187, 34);
insert into mascotaGrupo (mascotaGrupoId, grupoId, mascotaId) values (123, 66, 8);
insert into mascotaGrupo (mascotaGrupoId, grupoId, mascotaId) values (124, 42, 25);
insert into mascotaGrupo (mascotaGrupoId, grupoId, mascotaId) values (125, 101, 16);
insert into mascotaGrupo (mascotaGrupoId, grupoId, mascotaId) values (126, 13, 39);
insert into mascotaGrupo (mascotaGrupoId, grupoId, mascotaId) values (127, 10, 11);
insert into mascotaGrupo (mascotaGrupoId, grupoId, mascotaId) values (128, 158, 80);
insert into mascotaGrupo (mascotaGrupoId, grupoId, mascotaId) values (129, 17, 14);
insert into mascotaGrupo (mascotaGrupoId, grupoId, mascotaId) values (130, 193, 22);
insert into mascotaGrupo (mascotaGrupoId, grupoId, mascotaId) values (131, 5, 94);
insert into mascotaGrupo (mascotaGrupoId, grupoId, mascotaId) values (132, 64, 45);
insert into mascotaGrupo (mascotaGrupoId, grupoId, mascotaId) values (133, 33, 42);
insert into mascotaGrupo (mascotaGrupoId, grupoId, mascotaId) values (134, 162, 55);
insert into mascotaGrupo (mascotaGrupoId, grupoId, mascotaId) values (135, 102, 49);
insert into mascotaGrupo (mascotaGrupoId, grupoId, mascotaId) values (136, 81, 89);
insert into mascotaGrupo (mascotaGrupoId, grupoId, mascotaId) values (137, 34, 7);
insert into mascotaGrupo (mascotaGrupoId, grupoId, mascotaId) values (138, 166, 29);
insert into mascotaGrupo (mascotaGrupoId, grupoId, mascotaId) values (139, 50, 2);
insert into mascotaGrupo (mascotaGrupoId, grupoId, mascotaId) values (140, 108, 9);
insert into mascotaGrupo (mascotaGrupoId, grupoId, mascotaId) values (141, 73, 16);
insert into mascotaGrupo (mascotaGrupoId, grupoId, mascotaId) values (142, 172, 92);
insert into mascotaGrupo (mascotaGrupoId, grupoId, mascotaId) values (143, 95, 54);
insert into mascotaGrupo (mascotaGrupoId, grupoId, mascotaId) values (144, 79, 8);
insert into mascotaGrupo (mascotaGrupoId, grupoId, mascotaId) values (145, 128, 51);
insert into mascotaGrupo (mascotaGrupoId, grupoId, mascotaId) values (146, 100, 12);
insert into mascotaGrupo (mascotaGrupoId, grupoId, mascotaId) values (147, 49, 85);
insert into mascotaGrupo (mascotaGrupoId, grupoId, mascotaId) values (148, 21, 94);
insert into mascotaGrupo (mascotaGrupoId, grupoId, mascotaId) values (149, 167, 82);
insert into mascotaGrupo (mascotaGrupoId, grupoId, mascotaId) values (150, 34, 47);
insert into mascotaGrupo (mascotaGrupoId, grupoId, mascotaId) values (151, 49, 94);
insert into mascotaGrupo (mascotaGrupoId, grupoId, mascotaId) values (152, 95, 71);
insert into mascotaGrupo (mascotaGrupoId, grupoId, mascotaId) values (153, 104, 70);
insert into mascotaGrupo (mascotaGrupoId, grupoId, mascotaId) values (154, 119, 72);
insert into mascotaGrupo (mascotaGrupoId, grupoId, mascotaId) values (155, 32, 37);
insert into mascotaGrupo (mascotaGrupoId, grupoId, mascotaId) values (156, 183, 19);
insert into mascotaGrupo (mascotaGrupoId, grupoId, mascotaId) values (157, 28, 100);
insert into mascotaGrupo (mascotaGrupoId, grupoId, mascotaId) values (158, 110, 49);
insert into mascotaGrupo (mascotaGrupoId, grupoId, mascotaId) values (159, 103, 72);
insert into mascotaGrupo (mascotaGrupoId, grupoId, mascotaId) values (160, 84, 86);
insert into mascotaGrupo (mascotaGrupoId, grupoId, mascotaId) values (161, 198, 40);
insert into mascotaGrupo (mascotaGrupoId, grupoId, mascotaId) values (162, 117, 100);
insert into mascotaGrupo (mascotaGrupoId, grupoId, mascotaId) values (163, 137, 9);
insert into mascotaGrupo (mascotaGrupoId, grupoId, mascotaId) values (164, 27, 19);
insert into mascotaGrupo (mascotaGrupoId, grupoId, mascotaId) values (165, 56, 64);
insert into mascotaGrupo (mascotaGrupoId, grupoId, mascotaId) values (166, 19, 26);
insert into mascotaGrupo (mascotaGrupoId, grupoId, mascotaId) values (167, 190, 83);
insert into mascotaGrupo (mascotaGrupoId, grupoId, mascotaId) values (168, 76, 78);
insert into mascotaGrupo (mascotaGrupoId, grupoId, mascotaId) values (169, 100, 98);
insert into mascotaGrupo (mascotaGrupoId, grupoId, mascotaId) values (170, 44, 25);
insert into mascotaGrupo (mascotaGrupoId, grupoId, mascotaId) values (171, 192, 97);
insert into mascotaGrupo (mascotaGrupoId, grupoId, mascotaId) values (172, 18, 41);
insert into mascotaGrupo (mascotaGrupoId, grupoId, mascotaId) values (173, 103, 63);
insert into mascotaGrupo (mascotaGrupoId, grupoId, mascotaId) values (174, 198, 36);
insert into mascotaGrupo (mascotaGrupoId, grupoId, mascotaId) values (175, 58, 91);
insert into mascotaGrupo (mascotaGrupoId, grupoId, mascotaId) values (176, 106, 17);
insert into mascotaGrupo (mascotaGrupoId, grupoId, mascotaId) values (177, 50, 18);
insert into mascotaGrupo (mascotaGrupoId, grupoId, mascotaId) values (178, 99, 38);
insert into mascotaGrupo (mascotaGrupoId, grupoId, mascotaId) values (179, 49, 50);
insert into mascotaGrupo (mascotaGrupoId, grupoId, mascotaId) values (180, 56, 49);
insert into mascotaGrupo (mascotaGrupoId, grupoId, mascotaId) values (181, 130, 93);
insert into mascotaGrupo (mascotaGrupoId, grupoId, mascotaId) values (182, 138, 40);
insert into mascotaGrupo (mascotaGrupoId, grupoId, mascotaId) values (183, 15, 4);
insert into mascotaGrupo (mascotaGrupoId, grupoId, mascotaId) values (184, 158, 94);
insert into mascotaGrupo (mascotaGrupoId, grupoId, mascotaId) values (185, 28, 75);
insert into mascotaGrupo (mascotaGrupoId, grupoId, mascotaId) values (186, 27, 51);
insert into mascotaGrupo (mascotaGrupoId, grupoId, mascotaId) values (187, 109, 89);
insert into mascotaGrupo (mascotaGrupoId, grupoId, mascotaId) values (188, 113, 89);
insert into mascotaGrupo (mascotaGrupoId, grupoId, mascotaId) values (189, 11, 80);
insert into mascotaGrupo (mascotaGrupoId, grupoId, mascotaId) values (190, 180, 28);
insert into mascotaGrupo (mascotaGrupoId, grupoId, mascotaId) values (191, 31, 100);
insert into mascotaGrupo (mascotaGrupoId, grupoId, mascotaId) values (192, 59, 65);
insert into mascotaGrupo (mascotaGrupoId, grupoId, mascotaId) values (193, 3, 48);
insert into mascotaGrupo (mascotaGrupoId, grupoId, mascotaId) values (194, 189, 12);
insert into mascotaGrupo (mascotaGrupoId, grupoId, mascotaId) values (195, 181, 47);
insert into mascotaGrupo (mascotaGrupoId, grupoId, mascotaId) values (196, 130, 23);
insert into mascotaGrupo (mascotaGrupoId, grupoId, mascotaId) values (197, 47, 34);
insert into mascotaGrupo (mascotaGrupoId, grupoId, mascotaId) values (198, 114, 93);
insert into mascotaGrupo (mascotaGrupoId, grupoId, mascotaId) values (199, 71, 84);
insert into mascotaGrupo (mascotaGrupoId, grupoId, mascotaId) values (200, 158, 48);
insert into mascotaGrupo (mascotaGrupoId, grupoId, mascotaId) values (201, 113, 53);
insert into mascotaGrupo (mascotaGrupoId, grupoId, mascotaId) values (202, 135, 96);
insert into mascotaGrupo (mascotaGrupoId, grupoId, mascotaId) values (203, 105, 24);
insert into mascotaGrupo (mascotaGrupoId, grupoId, mascotaId) values (204, 199, 80);
insert into mascotaGrupo (mascotaGrupoId, grupoId, mascotaId) values (205, 60, 65);
insert into mascotaGrupo (mascotaGrupoId, grupoId, mascotaId) values (206, 169, 45);
insert into mascotaGrupo (mascotaGrupoId, grupoId, mascotaId) values (207, 178, 18);
insert into mascotaGrupo (mascotaGrupoId, grupoId, mascotaId) values (208, 62, 68);
insert into mascotaGrupo (mascotaGrupoId, grupoId, mascotaId) values (209, 1, 24);
insert into mascotaGrupo (mascotaGrupoId, grupoId, mascotaId) values (210, 113, 73);
insert into mascotaGrupo (mascotaGrupoId, grupoId, mascotaId) values (211, 120, 20);
insert into mascotaGrupo (mascotaGrupoId, grupoId, mascotaId) values (212, 47, 100);
insert into mascotaGrupo (mascotaGrupoId, grupoId, mascotaId) values (213, 15, 14);
insert into mascotaGrupo (mascotaGrupoId, grupoId, mascotaId) values (214, 186, 47);
insert into mascotaGrupo (mascotaGrupoId, grupoId, mascotaId) values (215, 12, 46);
insert into mascotaGrupo (mascotaGrupoId, grupoId, mascotaId) values (216, 128, 49);
insert into mascotaGrupo (mascotaGrupoId, grupoId, mascotaId) values (217, 29, 14);
insert into mascotaGrupo (mascotaGrupoId, grupoId, mascotaId) values (218, 74, 89);
insert into mascotaGrupo (mascotaGrupoId, grupoId, mascotaId) values (219, 109, 75);
insert into mascotaGrupo (mascotaGrupoId, grupoId, mascotaId) values (220, 189, 74);
insert into mascotaGrupo (mascotaGrupoId, grupoId, mascotaId) values (221, 171, 88);
insert into mascotaGrupo (mascotaGrupoId, grupoId, mascotaId) values (222, 123, 30);
insert into mascotaGrupo (mascotaGrupoId, grupoId, mascotaId) values (223, 192, 79);
insert into mascotaGrupo (mascotaGrupoId, grupoId, mascotaId) values (224, 85, 70);
insert into mascotaGrupo (mascotaGrupoId, grupoId, mascotaId) values (225, 118, 33);
insert into mascotaGrupo (mascotaGrupoId, grupoId, mascotaId) values (226, 80, 33);
insert into mascotaGrupo (mascotaGrupoId, grupoId, mascotaId) values (227, 29, 52);
insert into mascotaGrupo (mascotaGrupoId, grupoId, mascotaId) values (228, 195, 42);
insert into mascotaGrupo (mascotaGrupoId, grupoId, mascotaId) values (229, 193, 87);
insert into mascotaGrupo (mascotaGrupoId, grupoId, mascotaId) values (230, 31, 21);
insert into mascotaGrupo (mascotaGrupoId, grupoId, mascotaId) values (231, 180, 24);
insert into mascotaGrupo (mascotaGrupoId, grupoId, mascotaId) values (232, 137, 46);
insert into mascotaGrupo (mascotaGrupoId, grupoId, mascotaId) values (233, 86, 5);
insert into mascotaGrupo (mascotaGrupoId, grupoId, mascotaId) values (234, 64, 51);
insert into mascotaGrupo (mascotaGrupoId, grupoId, mascotaId) values (235, 13, 75);
insert into mascotaGrupo (mascotaGrupoId, grupoId, mascotaId) values (236, 14, 95);
insert into mascotaGrupo (mascotaGrupoId, grupoId, mascotaId) values (237, 2, 25);
insert into mascotaGrupo (mascotaGrupoId, grupoId, mascotaId) values (238, 41, 8);
insert into mascotaGrupo (mascotaGrupoId, grupoId, mascotaId) values (239, 87, 100);
insert into mascotaGrupo (mascotaGrupoId, grupoId, mascotaId) values (240, 154, 61);
insert into mascotaGrupo (mascotaGrupoId, grupoId, mascotaId) values (241, 22, 8);
insert into mascotaGrupo (mascotaGrupoId, grupoId, mascotaId) values (242, 64, 52);
insert into mascotaGrupo (mascotaGrupoId, grupoId, mascotaId) values (243, 81, 81);
insert into mascotaGrupo (mascotaGrupoId, grupoId, mascotaId) values (244, 56, 33);
insert into mascotaGrupo (mascotaGrupoId, grupoId, mascotaId) values (245, 69, 57);
insert into mascotaGrupo (mascotaGrupoId, grupoId, mascotaId) values (246, 112, 45);
insert into mascotaGrupo (mascotaGrupoId, grupoId, mascotaId) values (247, 6, 34);
insert into mascotaGrupo (mascotaGrupoId, grupoId, mascotaId) values (248, 87, 35);
insert into mascotaGrupo (mascotaGrupoId, grupoId, mascotaId) values (249, 184, 8);
insert into mascotaGrupo (mascotaGrupoId, grupoId, mascotaId) values (250, 22, 43);
insert into mascotaGrupo (mascotaGrupoId, grupoId, mascotaId) values (251, 84, 68);
insert into mascotaGrupo (mascotaGrupoId, grupoId, mascotaId) values (252, 137, 13);
insert into mascotaGrupo (mascotaGrupoId, grupoId, mascotaId) values (253, 158, 76);
insert into mascotaGrupo (mascotaGrupoId, grupoId, mascotaId) values (254, 127, 17);
insert into mascotaGrupo (mascotaGrupoId, grupoId, mascotaId) values (255, 38, 24);
insert into mascotaGrupo (mascotaGrupoId, grupoId, mascotaId) values (256, 185, 73);
insert into mascotaGrupo (mascotaGrupoId, grupoId, mascotaId) values (257, 129, 18);
insert into mascotaGrupo (mascotaGrupoId, grupoId, mascotaId) values (258, 69, 62);
insert into mascotaGrupo (mascotaGrupoId, grupoId, mascotaId) values (259, 183, 79);
insert into mascotaGrupo (mascotaGrupoId, grupoId, mascotaId) values (260, 72, 71);
insert into mascotaGrupo (mascotaGrupoId, grupoId, mascotaId) values (261, 189, 33);
insert into mascotaGrupo (mascotaGrupoId, grupoId, mascotaId) values (262, 185, 96);
insert into mascotaGrupo (mascotaGrupoId, grupoId, mascotaId) values (263, 153, 73);
insert into mascotaGrupo (mascotaGrupoId, grupoId, mascotaId) values (264, 51, 61);
insert into mascotaGrupo (mascotaGrupoId, grupoId, mascotaId) values (265, 137, 60);
insert into mascotaGrupo (mascotaGrupoId, grupoId, mascotaId) values (266, 191, 44);
insert into mascotaGrupo (mascotaGrupoId, grupoId, mascotaId) values (267, 83, 16);
insert into mascotaGrupo (mascotaGrupoId, grupoId, mascotaId) values (268, 138, 16);
insert into mascotaGrupo (mascotaGrupoId, grupoId, mascotaId) values (269, 152, 86);
insert into mascotaGrupo (mascotaGrupoId, grupoId, mascotaId) values (270, 98, 4);
insert into mascotaGrupo (mascotaGrupoId, grupoId, mascotaId) values (271, 200, 98);
insert into mascotaGrupo (mascotaGrupoId, grupoId, mascotaId) values (272, 61, 25);
insert into mascotaGrupo (mascotaGrupoId, grupoId, mascotaId) values (273, 53, 89);
insert into mascotaGrupo (mascotaGrupoId, grupoId, mascotaId) values (274, 105, 89);
insert into mascotaGrupo (mascotaGrupoId, grupoId, mascotaId) values (275, 163, 19);
insert into mascotaGrupo (mascotaGrupoId, grupoId, mascotaId) values (276, 105, 78);
insert into mascotaGrupo (mascotaGrupoId, grupoId, mascotaId) values (277, 27, 61);
insert into mascotaGrupo (mascotaGrupoId, grupoId, mascotaId) values (278, 90, 92);
insert into mascotaGrupo (mascotaGrupoId, grupoId, mascotaId) values (279, 115, 25);
insert into mascotaGrupo (mascotaGrupoId, grupoId, mascotaId) values (280, 41, 79);
insert into mascotaGrupo (mascotaGrupoId, grupoId, mascotaId) values (281, 182, 85);
insert into mascotaGrupo (mascotaGrupoId, grupoId, mascotaId) values (282, 158, 18);
insert into mascotaGrupo (mascotaGrupoId, grupoId, mascotaId) values (283, 138, 25);
insert into mascotaGrupo (mascotaGrupoId, grupoId, mascotaId) values (284, 133, 24);
insert into mascotaGrupo (mascotaGrupoId, grupoId, mascotaId) values (285, 23, 64);
insert into mascotaGrupo (mascotaGrupoId, grupoId, mascotaId) values (286, 73, 23);
insert into mascotaGrupo (mascotaGrupoId, grupoId, mascotaId) values (287, 18, 53);
insert into mascotaGrupo (mascotaGrupoId, grupoId, mascotaId) values (288, 168, 4);
insert into mascotaGrupo (mascotaGrupoId, grupoId, mascotaId) values (289, 162, 34);
insert into mascotaGrupo (mascotaGrupoId, grupoId, mascotaId) values (290, 67, 84);
insert into mascotaGrupo (mascotaGrupoId, grupoId, mascotaId) values (291, 178, 4);
insert into mascotaGrupo (mascotaGrupoId, grupoId, mascotaId) values (292, 92, 49);
insert into mascotaGrupo (mascotaGrupoId, grupoId, mascotaId) values (293, 175, 91);
insert into mascotaGrupo (mascotaGrupoId, grupoId, mascotaId) values (294, 97, 12);
insert into mascotaGrupo (mascotaGrupoId, grupoId, mascotaId) values (295, 126, 77);
insert into mascotaGrupo (mascotaGrupoId, grupoId, mascotaId) values (296, 23, 19);
insert into mascotaGrupo (mascotaGrupoId, grupoId, mascotaId) values (297, 96, 47);
insert into mascotaGrupo (mascotaGrupoId, grupoId, mascotaId) values (298, 79, 84);
insert into mascotaGrupo (mascotaGrupoId, grupoId, mascotaId) values (299, 194, 6);
insert into mascotaGrupo (mascotaGrupoId, grupoId, mascotaId) values (300, 128, 84);

-- Datos mensajeGrupo
insert into mensajeGrupo (mensajeGrupoId, mascotaGrupoId, contenido, fechaEnvio) values (1, 48, 'mensaje ', '2023-09-23 21:53:59');
insert into mensajeGrupo (mensajeGrupoId, mascotaGrupoId, contenido, fechaEnvio) values (2, 214, 'mensaje ', '2022-06-23 05:12:50');
insert into mensajeGrupo (mensajeGrupoId, mascotaGrupoId, contenido, fechaEnvio) values (3, 215, 'mensaje ', '2023-07-08 16:24:59');
insert into mensajeGrupo (mensajeGrupoId, mascotaGrupoId, contenido, fechaEnvio) values (4, 193, 'mensaje ', '2023-09-07 00:25:35');
insert into mensajeGrupo (mensajeGrupoId, mascotaGrupoId, contenido, fechaEnvio) values (5, 106, 'mensaje ', '2022-08-21 10:49:20');
insert into mensajeGrupo (mensajeGrupoId, mascotaGrupoId, contenido, fechaEnvio) values (6, 118, 'mensaje ', '2023-04-17 08:52:54');
insert into mensajeGrupo (mensajeGrupoId, mascotaGrupoId, contenido, fechaEnvio) values (7, 121, 'mensaje ', '2023-09-03 23:25:48');
insert into mensajeGrupo (mensajeGrupoId, mascotaGrupoId, contenido, fechaEnvio) values (8, 110, 'mensaje ', '2023-07-27 08:16:11');
insert into mensajeGrupo (mensajeGrupoId, mascotaGrupoId, contenido, fechaEnvio) values (9, 48, 'mensaje ', '2022-11-26 21:48:14');
insert into mensajeGrupo (mensajeGrupoId, mascotaGrupoId, contenido, fechaEnvio) values (10, 26, 'mensaje ', '2022-07-10 08:18:58');
insert into mensajeGrupo (mensajeGrupoId, mascotaGrupoId, contenido, fechaEnvio) values (11, 154, 'mensaje ', '2023-11-16 02:44:03');
insert into mensajeGrupo (mensajeGrupoId, mascotaGrupoId, contenido, fechaEnvio) values (12, 239, 'mensaje ', '2023-04-24 06:39:32');
insert into mensajeGrupo (mensajeGrupoId, mascotaGrupoId, contenido, fechaEnvio) values (13, 81, 'mensaje ', '2022-07-05 20:46:14');
insert into mensajeGrupo (mensajeGrupoId, mascotaGrupoId, contenido, fechaEnvio) values (14, 261, 'mensaje ', '2023-07-17 16:39:13');
insert into mensajeGrupo (mensajeGrupoId, mascotaGrupoId, contenido, fechaEnvio) values (15, 236, 'mensaje ', '2023-12-09 11:40:58');
insert into mensajeGrupo (mensajeGrupoId, mascotaGrupoId, contenido, fechaEnvio) values (16, 94, 'mensaje ', '2022-06-19 22:52:04');
insert into mensajeGrupo (mensajeGrupoId, mascotaGrupoId, contenido, fechaEnvio) values (17, 228, 'mensaje ', '2022-11-02 03:29:33');
insert into mensajeGrupo (mensajeGrupoId, mascotaGrupoId, contenido, fechaEnvio) values (18, 201, 'mensaje ', '2022-03-01 10:30:23');
insert into mensajeGrupo (mensajeGrupoId, mascotaGrupoId, contenido, fechaEnvio) values (19, 12, 'mensaje ', '2022-10-13 01:47:32');
insert into mensajeGrupo (mensajeGrupoId, mascotaGrupoId, contenido, fechaEnvio) values (20, 12, 'mensaje ', '2022-10-03 15:31:41');
insert into mensajeGrupo (mensajeGrupoId, mascotaGrupoId, contenido, fechaEnvio) values (21, 21, 'mensaje ', '2022-10-07 22:47:27');
insert into mensajeGrupo (mensajeGrupoId, mascotaGrupoId, contenido, fechaEnvio) values (22, 187, 'mensaje ', '2022-03-21 07:41:24');
insert into mensajeGrupo (mensajeGrupoId, mascotaGrupoId, contenido, fechaEnvio) values (23, 201, 'mensaje ', '2023-09-12 13:49:02');
insert into mensajeGrupo (mensajeGrupoId, mascotaGrupoId, contenido, fechaEnvio) values (24, 266, 'mensaje ', '2023-09-15 14:03:37');
insert into mensajeGrupo (mensajeGrupoId, mascotaGrupoId, contenido, fechaEnvio) values (25, 235, 'mensaje ', '2022-06-11 22:43:51');
insert into mensajeGrupo (mensajeGrupoId, mascotaGrupoId, contenido, fechaEnvio) values (26, 300, 'mensaje ', '2023-12-02 08:19:24');
insert into mensajeGrupo (mensajeGrupoId, mascotaGrupoId, contenido, fechaEnvio) values (27, 218, 'mensaje ', '2023-04-12 00:21:44');
insert into mensajeGrupo (mensajeGrupoId, mascotaGrupoId, contenido, fechaEnvio) values (28, 20, 'mensaje ', '2023-08-24 01:20:38');
insert into mensajeGrupo (mensajeGrupoId, mascotaGrupoId, contenido, fechaEnvio) values (29, 296, 'mensaje ', '2023-12-23 14:48:18');
insert into mensajeGrupo (mensajeGrupoId, mascotaGrupoId, contenido, fechaEnvio) values (30, 1, 'mensaje ', '2023-06-10 04:36:57');
insert into mensajeGrupo (mensajeGrupoId, mascotaGrupoId, contenido, fechaEnvio) values (31, 12, 'mensaje ', '2023-09-28 14:25:21');
insert into mensajeGrupo (mensajeGrupoId, mascotaGrupoId, contenido, fechaEnvio) values (32, 34, 'mensaje ', '2022-05-10 18:29:23');
insert into mensajeGrupo (mensajeGrupoId, mascotaGrupoId, contenido, fechaEnvio) values (33, 236, 'mensaje ', '2022-07-02 08:31:59');
insert into mensajeGrupo (mensajeGrupoId, mascotaGrupoId, contenido, fechaEnvio) values (34, 257, 'mensaje ', '2023-11-11 04:58:24');
insert into mensajeGrupo (mensajeGrupoId, mascotaGrupoId, contenido, fechaEnvio) values (35, 218, 'mensaje ', '2022-10-09 03:07:22');
insert into mensajeGrupo (mensajeGrupoId, mascotaGrupoId, contenido, fechaEnvio) values (36, 139, 'mensaje ', '2022-10-07 06:03:43');
insert into mensajeGrupo (mensajeGrupoId, mascotaGrupoId, contenido, fechaEnvio) values (37, 141, 'mensaje ', '2023-01-22 16:11:19');
insert into mensajeGrupo (mensajeGrupoId, mascotaGrupoId, contenido, fechaEnvio) values (38, 230, 'mensaje ', '2022-01-31 12:12:42');
insert into mensajeGrupo (mensajeGrupoId, mascotaGrupoId, contenido, fechaEnvio) values (39, 95, 'mensaje ', '2022-04-12 07:11:03');
insert into mensajeGrupo (mensajeGrupoId, mascotaGrupoId, contenido, fechaEnvio) values (40, 76, 'mensaje ', '2022-03-29 17:56:43');
insert into mensajeGrupo (mensajeGrupoId, mascotaGrupoId, contenido, fechaEnvio) values (41, 130, 'mensaje ', '2022-10-08 08:00:50');
insert into mensajeGrupo (mensajeGrupoId, mascotaGrupoId, contenido, fechaEnvio) values (42, 120, 'mensaje ', '2022-06-03 02:11:53');
insert into mensajeGrupo (mensajeGrupoId, mascotaGrupoId, contenido, fechaEnvio) values (43, 64, 'mensaje ', '2023-04-19 16:29:35');
insert into mensajeGrupo (mensajeGrupoId, mascotaGrupoId, contenido, fechaEnvio) values (44, 56, 'mensaje ', '2022-08-21 03:21:47');
insert into mensajeGrupo (mensajeGrupoId, mascotaGrupoId, contenido, fechaEnvio) values (45, 262, 'mensaje ', '2023-09-21 14:52:45');
insert into mensajeGrupo (mensajeGrupoId, mascotaGrupoId, contenido, fechaEnvio) values (46, 146, 'mensaje ', '2023-06-23 00:18:24');
insert into mensajeGrupo (mensajeGrupoId, mascotaGrupoId, contenido, fechaEnvio) values (47, 231, 'mensaje ', '2023-09-13 07:05:04');
insert into mensajeGrupo (mensajeGrupoId, mascotaGrupoId, contenido, fechaEnvio) values (48, 137, 'mensaje ', '2022-06-14 17:48:15');
insert into mensajeGrupo (mensajeGrupoId, mascotaGrupoId, contenido, fechaEnvio) values (49, 212, 'mensaje ', '2023-03-22 12:14:03');
insert into mensajeGrupo (mensajeGrupoId, mascotaGrupoId, contenido, fechaEnvio) values (50, 59, 'mensaje ', '2022-09-06 08:35:19');
insert into mensajeGrupo (mensajeGrupoId, mascotaGrupoId, contenido, fechaEnvio) values (51, 3, 'mensaje ', '2022-04-24 21:36:58');
insert into mensajeGrupo (mensajeGrupoId, mascotaGrupoId, contenido, fechaEnvio) values (52, 191, 'mensaje ', '2023-07-05 13:30:26');
insert into mensajeGrupo (mensajeGrupoId, mascotaGrupoId, contenido, fechaEnvio) values (53, 16, 'mensaje ', '2022-08-03 08:51:50');
insert into mensajeGrupo (mensajeGrupoId, mascotaGrupoId, contenido, fechaEnvio) values (54, 79, 'mensaje ', '2022-04-28 21:36:53');
insert into mensajeGrupo (mensajeGrupoId, mascotaGrupoId, contenido, fechaEnvio) values (55, 298, 'mensaje ', '2023-04-09 05:31:52');
insert into mensajeGrupo (mensajeGrupoId, mascotaGrupoId, contenido, fechaEnvio) values (56, 290, 'mensaje ', '2022-11-09 15:03:53');
insert into mensajeGrupo (mensajeGrupoId, mascotaGrupoId, contenido, fechaEnvio) values (57, 180, 'mensaje ', '2023-06-14 12:46:03');
insert into mensajeGrupo (mensajeGrupoId, mascotaGrupoId, contenido, fechaEnvio) values (58, 282, 'mensaje ', '2022-06-25 18:13:01');
insert into mensajeGrupo (mensajeGrupoId, mascotaGrupoId, contenido, fechaEnvio) values (59, 263, 'mensaje ', '2022-02-19 21:02:24');
insert into mensajeGrupo (mensajeGrupoId, mascotaGrupoId, contenido, fechaEnvio) values (60, 50, 'mensaje ', '2023-11-01 09:57:07');
insert into mensajeGrupo (mensajeGrupoId, mascotaGrupoId, contenido, fechaEnvio) values (61, 258, 'mensaje ', '2022-01-16 16:19:33');
insert into mensajeGrupo (mensajeGrupoId, mascotaGrupoId, contenido, fechaEnvio) values (62, 26, 'mensaje ', '2023-09-19 03:36:09');
insert into mensajeGrupo (mensajeGrupoId, mascotaGrupoId, contenido, fechaEnvio) values (63, 207, 'mensaje ', '2022-05-31 13:13:42');
insert into mensajeGrupo (mensajeGrupoId, mascotaGrupoId, contenido, fechaEnvio) values (64, 115, 'mensaje ', '2022-07-07 13:12:32');
insert into mensajeGrupo (mensajeGrupoId, mascotaGrupoId, contenido, fechaEnvio) values (65, 31, 'mensaje ', '2023-11-11 09:57:35');
insert into mensajeGrupo (mensajeGrupoId, mascotaGrupoId, contenido, fechaEnvio) values (66, 237, 'mensaje ', '2022-09-30 21:32:03');
insert into mensajeGrupo (mensajeGrupoId, mascotaGrupoId, contenido, fechaEnvio) values (67, 152, 'mensaje ', '2022-01-19 06:24:23');
insert into mensajeGrupo (mensajeGrupoId, mascotaGrupoId, contenido, fechaEnvio) values (68, 150, 'mensaje ', '2022-05-29 05:04:36');
insert into mensajeGrupo (mensajeGrupoId, mascotaGrupoId, contenido, fechaEnvio) values (69, 101, 'mensaje ', '2022-08-29 09:30:51');
insert into mensajeGrupo (mensajeGrupoId, mascotaGrupoId, contenido, fechaEnvio) values (70, 251, 'mensaje ', '2022-10-16 04:42:24');
insert into mensajeGrupo (mensajeGrupoId, mascotaGrupoId, contenido, fechaEnvio) values (71, 177, 'mensaje ', '2022-12-25 09:36:55');
insert into mensajeGrupo (mensajeGrupoId, mascotaGrupoId, contenido, fechaEnvio) values (72, 270, 'mensaje ', '2022-10-31 13:15:36');
insert into mensajeGrupo (mensajeGrupoId, mascotaGrupoId, contenido, fechaEnvio) values (73, 7, 'mensaje ', '2023-05-20 20:53:58');
insert into mensajeGrupo (mensajeGrupoId, mascotaGrupoId, contenido, fechaEnvio) values (74, 209, 'mensaje ', '2023-03-22 10:43:32');
insert into mensajeGrupo (mensajeGrupoId, mascotaGrupoId, contenido, fechaEnvio) values (75, 274, 'mensaje ', '2022-09-15 04:22:59');
insert into mensajeGrupo (mensajeGrupoId, mascotaGrupoId, contenido, fechaEnvio) values (76, 295, 'mensaje ', '2022-08-17 23:41:04');
insert into mensajeGrupo (mensajeGrupoId, mascotaGrupoId, contenido, fechaEnvio) values (77, 6, 'mensaje ', '2023-10-12 01:30:40');
insert into mensajeGrupo (mensajeGrupoId, mascotaGrupoId, contenido, fechaEnvio) values (78, 291, 'mensaje ', '2023-05-16 03:19:57');
insert into mensajeGrupo (mensajeGrupoId, mascotaGrupoId, contenido, fechaEnvio) values (79, 240, 'mensaje ', '2023-06-23 18:14:09');
insert into mensajeGrupo (mensajeGrupoId, mascotaGrupoId, contenido, fechaEnvio) values (80, 192, 'mensaje ', '2022-05-25 13:04:32');
insert into mensajeGrupo (mensajeGrupoId, mascotaGrupoId, contenido, fechaEnvio) values (81, 191, 'mensaje ', '2022-06-30 12:15:11');
insert into mensajeGrupo (mensajeGrupoId, mascotaGrupoId, contenido, fechaEnvio) values (82, 9, 'mensaje ', '2023-01-07 03:51:40');
insert into mensajeGrupo (mensajeGrupoId, mascotaGrupoId, contenido, fechaEnvio) values (83, 179, 'mensaje ', '2022-10-15 23:33:40');
insert into mensajeGrupo (mensajeGrupoId, mascotaGrupoId, contenido, fechaEnvio) values (84, 286, 'mensaje ', '2023-12-12 11:11:12');
insert into mensajeGrupo (mensajeGrupoId, mascotaGrupoId, contenido, fechaEnvio) values (85, 42, 'mensaje ', '2023-05-16 08:34:11');
insert into mensajeGrupo (mensajeGrupoId, mascotaGrupoId, contenido, fechaEnvio) values (86, 18, 'mensaje ', '2022-05-09 12:28:49');
insert into mensajeGrupo (mensajeGrupoId, mascotaGrupoId, contenido, fechaEnvio) values (87, 94, 'mensaje ', '2023-02-21 20:39:06');
insert into mensajeGrupo (mensajeGrupoId, mascotaGrupoId, contenido, fechaEnvio) values (88, 253, 'mensaje ', '2022-01-16 04:46:07');
insert into mensajeGrupo (mensajeGrupoId, mascotaGrupoId, contenido, fechaEnvio) values (89, 80, 'mensaje ', '2022-01-25 16:21:44');
insert into mensajeGrupo (mensajeGrupoId, mascotaGrupoId, contenido, fechaEnvio) values (90, 27, 'mensaje ', '2023-11-11 18:50:08');
insert into mensajeGrupo (mensajeGrupoId, mascotaGrupoId, contenido, fechaEnvio) values (91, 226, 'mensaje ', '2023-12-22 23:48:25');
insert into mensajeGrupo (mensajeGrupoId, mascotaGrupoId, contenido, fechaEnvio) values (92, 104, 'mensaje ', '2022-04-01 10:36:42');
insert into mensajeGrupo (mensajeGrupoId, mascotaGrupoId, contenido, fechaEnvio) values (93, 19, 'mensaje ', '2023-06-14 10:41:28');
insert into mensajeGrupo (mensajeGrupoId, mascotaGrupoId, contenido, fechaEnvio) values (94, 163, 'mensaje ', '2022-06-13 07:56:29');
insert into mensajeGrupo (mensajeGrupoId, mascotaGrupoId, contenido, fechaEnvio) values (95, 100, 'mensaje ', '2023-03-08 01:59:06');
insert into mensajeGrupo (mensajeGrupoId, mascotaGrupoId, contenido, fechaEnvio) values (96, 276, 'mensaje ', '2023-10-11 12:49:41');
insert into mensajeGrupo (mensajeGrupoId, mascotaGrupoId, contenido, fechaEnvio) values (97, 110, 'mensaje ', '2022-03-14 22:16:27');
insert into mensajeGrupo (mensajeGrupoId, mascotaGrupoId, contenido, fechaEnvio) values (98, 36, 'mensaje ', '2022-02-11 18:30:04');
insert into mensajeGrupo (mensajeGrupoId, mascotaGrupoId, contenido, fechaEnvio) values (99, 23, 'mensaje ', '2023-08-21 11:55:03');
insert into mensajeGrupo (mensajeGrupoId, mascotaGrupoId, contenido, fechaEnvio) values (100, 214, 'mensaje ', '2022-01-20 09:15:31');
insert into mensajeGrupo (mensajeGrupoId, mascotaGrupoId, contenido, fechaEnvio) values (101, 216, 'mensaje ', '2022-05-01 19:25:10');
insert into mensajeGrupo (mensajeGrupoId, mascotaGrupoId, contenido, fechaEnvio) values (102, 9, 'mensaje ', '2022-08-26 05:38:54');
insert into mensajeGrupo (mensajeGrupoId, mascotaGrupoId, contenido, fechaEnvio) values (103, 128, 'mensaje ', '2022-09-09 17:22:05');
insert into mensajeGrupo (mensajeGrupoId, mascotaGrupoId, contenido, fechaEnvio) values (104, 117, 'mensaje ', '2022-05-18 14:15:47');
insert into mensajeGrupo (mensajeGrupoId, mascotaGrupoId, contenido, fechaEnvio) values (105, 184, 'mensaje ', '2023-08-29 05:09:21');
insert into mensajeGrupo (mensajeGrupoId, mascotaGrupoId, contenido, fechaEnvio) values (106, 167, 'mensaje ', '2023-07-01 12:43:51');
insert into mensajeGrupo (mensajeGrupoId, mascotaGrupoId, contenido, fechaEnvio) values (107, 261, 'mensaje ', '2023-09-16 07:57:39');
insert into mensajeGrupo (mensajeGrupoId, mascotaGrupoId, contenido, fechaEnvio) values (108, 16, 'mensaje ', '2023-09-22 21:39:03');
insert into mensajeGrupo (mensajeGrupoId, mascotaGrupoId, contenido, fechaEnvio) values (109, 180, 'mensaje ', '2023-10-31 17:19:23');
insert into mensajeGrupo (mensajeGrupoId, mascotaGrupoId, contenido, fechaEnvio) values (110, 171, 'mensaje ', '2023-01-26 17:08:25');
insert into mensajeGrupo (mensajeGrupoId, mascotaGrupoId, contenido, fechaEnvio) values (111, 267, 'mensaje ', '2022-05-27 18:16:46');
insert into mensajeGrupo (mensajeGrupoId, mascotaGrupoId, contenido, fechaEnvio) values (112, 250, 'mensaje ', '2022-12-17 17:35:37');
insert into mensajeGrupo (mensajeGrupoId, mascotaGrupoId, contenido, fechaEnvio) values (113, 78, 'mensaje ', '2023-03-31 14:50:03');
insert into mensajeGrupo (mensajeGrupoId, mascotaGrupoId, contenido, fechaEnvio) values (114, 191, 'mensaje ', '2023-10-15 15:09:51');
insert into mensajeGrupo (mensajeGrupoId, mascotaGrupoId, contenido, fechaEnvio) values (115, 166, 'mensaje ', '2023-01-19 23:17:11');
insert into mensajeGrupo (mensajeGrupoId, mascotaGrupoId, contenido, fechaEnvio) values (116, 241, 'mensaje ', '2023-09-07 01:59:57');
insert into mensajeGrupo (mensajeGrupoId, mascotaGrupoId, contenido, fechaEnvio) values (117, 297, 'mensaje ', '2023-11-11 19:03:29');
insert into mensajeGrupo (mensajeGrupoId, mascotaGrupoId, contenido, fechaEnvio) values (118, 209, 'mensaje ', '2022-01-19 18:14:24');
insert into mensajeGrupo (mensajeGrupoId, mascotaGrupoId, contenido, fechaEnvio) values (119, 36, 'mensaje ', '2023-11-09 11:29:26');
insert into mensajeGrupo (mensajeGrupoId, mascotaGrupoId, contenido, fechaEnvio) values (120, 76, 'mensaje ', '2023-12-17 15:10:53');
insert into mensajeGrupo (mensajeGrupoId, mascotaGrupoId, contenido, fechaEnvio) values (121, 133, 'mensaje ', '2023-03-01 12:07:46');
insert into mensajeGrupo (mensajeGrupoId, mascotaGrupoId, contenido, fechaEnvio) values (122, 177, 'mensaje ', '2022-01-06 11:07:33');
insert into mensajeGrupo (mensajeGrupoId, mascotaGrupoId, contenido, fechaEnvio) values (123, 242, 'mensaje ', '2022-05-20 03:56:52');
insert into mensajeGrupo (mensajeGrupoId, mascotaGrupoId, contenido, fechaEnvio) values (124, 5, 'mensaje ', '2022-04-09 09:50:25');
insert into mensajeGrupo (mensajeGrupoId, mascotaGrupoId, contenido, fechaEnvio) values (125, 170, 'mensaje ', '2023-10-20 06:54:11');
insert into mensajeGrupo (mensajeGrupoId, mascotaGrupoId, contenido, fechaEnvio) values (126, 182, 'mensaje ', '2022-10-02 17:08:32');
insert into mensajeGrupo (mensajeGrupoId, mascotaGrupoId, contenido, fechaEnvio) values (127, 102, 'mensaje ', '2023-02-27 12:53:51');
insert into mensajeGrupo (mensajeGrupoId, mascotaGrupoId, contenido, fechaEnvio) values (128, 77, 'mensaje ', '2022-05-18 01:06:53');
insert into mensajeGrupo (mensajeGrupoId, mascotaGrupoId, contenido, fechaEnvio) values (129, 202, 'mensaje ', '2023-05-25 03:33:34');
insert into mensajeGrupo (mensajeGrupoId, mascotaGrupoId, contenido, fechaEnvio) values (130, 81, 'mensaje ', '2023-08-17 04:32:12');
insert into mensajeGrupo (mensajeGrupoId, mascotaGrupoId, contenido, fechaEnvio) values (131, 288, 'mensaje ', '2022-10-18 08:22:41');
insert into mensajeGrupo (mensajeGrupoId, mascotaGrupoId, contenido, fechaEnvio) values (132, 237, 'mensaje ', '2023-11-08 21:06:15');
insert into mensajeGrupo (mensajeGrupoId, mascotaGrupoId, contenido, fechaEnvio) values (133, 119, 'mensaje ', '2022-07-03 15:10:04');
insert into mensajeGrupo (mensajeGrupoId, mascotaGrupoId, contenido, fechaEnvio) values (134, 249, 'mensaje ', '2022-10-24 20:02:47');
insert into mensajeGrupo (mensajeGrupoId, mascotaGrupoId, contenido, fechaEnvio) values (135, 104, 'mensaje ', '2022-07-29 22:21:55');
insert into mensajeGrupo (mensajeGrupoId, mascotaGrupoId, contenido, fechaEnvio) values (136, 138, 'mensaje ', '2022-11-29 08:37:59');
insert into mensajeGrupo (mensajeGrupoId, mascotaGrupoId, contenido, fechaEnvio) values (137, 127, 'mensaje ', '2022-12-23 13:49:19');
insert into mensajeGrupo (mensajeGrupoId, mascotaGrupoId, contenido, fechaEnvio) values (138, 117, 'mensaje ', '2022-04-14 12:06:02');
insert into mensajeGrupo (mensajeGrupoId, mascotaGrupoId, contenido, fechaEnvio) values (139, 68, 'mensaje ', '2023-08-09 13:36:36');
insert into mensajeGrupo (mensajeGrupoId, mascotaGrupoId, contenido, fechaEnvio) values (140, 109, 'mensaje ', '2022-10-18 21:37:32');
insert into mensajeGrupo (mensajeGrupoId, mascotaGrupoId, contenido, fechaEnvio) values (141, 269, 'mensaje ', '2022-06-27 07:55:15');
insert into mensajeGrupo (mensajeGrupoId, mascotaGrupoId, contenido, fechaEnvio) values (142, 226, 'mensaje ', '2022-09-23 20:21:39');
insert into mensajeGrupo (mensajeGrupoId, mascotaGrupoId, contenido, fechaEnvio) values (143, 112, 'mensaje ', '2023-05-27 10:46:39');
insert into mensajeGrupo (mensajeGrupoId, mascotaGrupoId, contenido, fechaEnvio) values (144, 58, 'mensaje ', '2022-02-12 20:12:22');
insert into mensajeGrupo (mensajeGrupoId, mascotaGrupoId, contenido, fechaEnvio) values (145, 140, 'mensaje ', '2023-06-08 01:46:23');
insert into mensajeGrupo (mensajeGrupoId, mascotaGrupoId, contenido, fechaEnvio) values (146, 171, 'mensaje ', '2022-03-31 13:03:40');
insert into mensajeGrupo (mensajeGrupoId, mascotaGrupoId, contenido, fechaEnvio) values (147, 187, 'mensaje ', '2022-01-19 23:52:13');
insert into mensajeGrupo (mensajeGrupoId, mascotaGrupoId, contenido, fechaEnvio) values (148, 212, 'mensaje ', '2022-05-18 17:55:14');
insert into mensajeGrupo (mensajeGrupoId, mascotaGrupoId, contenido, fechaEnvio) values (149, 67, 'mensaje ', '2022-07-20 04:26:07');
insert into mensajeGrupo (mensajeGrupoId, mascotaGrupoId, contenido, fechaEnvio) values (150, 214, 'mensaje ', '2022-10-01 04:21:39');
insert into mensajeGrupo (mensajeGrupoId, mascotaGrupoId, contenido, fechaEnvio) values (151, 296, 'mensaje ', '2023-11-09 12:01:53');
insert into mensajeGrupo (mensajeGrupoId, mascotaGrupoId, contenido, fechaEnvio) values (152, 106, 'mensaje ', '2023-06-03 12:58:17');
insert into mensajeGrupo (mensajeGrupoId, mascotaGrupoId, contenido, fechaEnvio) values (153, 64, 'mensaje ', '2023-03-10 00:26:23');
insert into mensajeGrupo (mensajeGrupoId, mascotaGrupoId, contenido, fechaEnvio) values (154, 172, 'mensaje ', '2023-06-21 17:37:00');
insert into mensajeGrupo (mensajeGrupoId, mascotaGrupoId, contenido, fechaEnvio) values (155, 111, 'mensaje ', '2023-10-11 23:06:05');
insert into mensajeGrupo (mensajeGrupoId, mascotaGrupoId, contenido, fechaEnvio) values (156, 257, 'mensaje ', '2023-07-12 18:23:18');
insert into mensajeGrupo (mensajeGrupoId, mascotaGrupoId, contenido, fechaEnvio) values (157, 119, 'mensaje ', '2023-10-16 17:31:31');
insert into mensajeGrupo (mensajeGrupoId, mascotaGrupoId, contenido, fechaEnvio) values (158, 48, 'mensaje ', '2023-02-13 02:54:56');
insert into mensajeGrupo (mensajeGrupoId, mascotaGrupoId, contenido, fechaEnvio) values (159, 264, 'mensaje ', '2023-07-31 13:02:05');
insert into mensajeGrupo (mensajeGrupoId, mascotaGrupoId, contenido, fechaEnvio) values (160, 21, 'mensaje ', '2022-01-02 19:17:29');
insert into mensajeGrupo (mensajeGrupoId, mascotaGrupoId, contenido, fechaEnvio) values (161, 114, 'mensaje ', '2023-09-11 15:52:09');
insert into mensajeGrupo (mensajeGrupoId, mascotaGrupoId, contenido, fechaEnvio) values (162, 80, 'mensaje ', '2022-03-23 23:09:51');
insert into mensajeGrupo (mensajeGrupoId, mascotaGrupoId, contenido, fechaEnvio) values (163, 103, 'mensaje ', '2023-01-31 18:06:04');
insert into mensajeGrupo (mensajeGrupoId, mascotaGrupoId, contenido, fechaEnvio) values (164, 57, 'mensaje ', '2023-11-03 02:06:27');
insert into mensajeGrupo (mensajeGrupoId, mascotaGrupoId, contenido, fechaEnvio) values (165, 284, 'mensaje ', '2022-07-09 12:21:07');
insert into mensajeGrupo (mensajeGrupoId, mascotaGrupoId, contenido, fechaEnvio) values (166, 285, 'mensaje ', '2023-05-22 01:28:31');
insert into mensajeGrupo (mensajeGrupoId, mascotaGrupoId, contenido, fechaEnvio) values (167, 287, 'mensaje ', '2022-08-31 08:22:38');
insert into mensajeGrupo (mensajeGrupoId, mascotaGrupoId, contenido, fechaEnvio) values (168, 106, 'mensaje ', '2023-02-14 15:47:15');
insert into mensajeGrupo (mensajeGrupoId, mascotaGrupoId, contenido, fechaEnvio) values (169, 227, 'mensaje ', '2022-01-10 10:18:23');
insert into mensajeGrupo (mensajeGrupoId, mascotaGrupoId, contenido, fechaEnvio) values (170, 202, 'mensaje ', '2022-09-03 23:17:23');
insert into mensajeGrupo (mensajeGrupoId, mascotaGrupoId, contenido, fechaEnvio) values (171, 124, 'mensaje ', '2023-08-10 19:49:24');
insert into mensajeGrupo (mensajeGrupoId, mascotaGrupoId, contenido, fechaEnvio) values (172, 21, 'mensaje ', '2022-06-05 19:34:17');
insert into mensajeGrupo (mensajeGrupoId, mascotaGrupoId, contenido, fechaEnvio) values (173, 67, 'mensaje ', '2022-09-25 07:29:08');
insert into mensajeGrupo (mensajeGrupoId, mascotaGrupoId, contenido, fechaEnvio) values (174, 105, 'mensaje ', '2023-07-26 03:22:55');
insert into mensajeGrupo (mensajeGrupoId, mascotaGrupoId, contenido, fechaEnvio) values (175, 265, 'mensaje ', '2023-09-21 12:14:44');
insert into mensajeGrupo (mensajeGrupoId, mascotaGrupoId, contenido, fechaEnvio) values (176, 3, 'mensaje ', '2022-07-28 05:12:14');
insert into mensajeGrupo (mensajeGrupoId, mascotaGrupoId, contenido, fechaEnvio) values (177, 264, 'mensaje ', '2023-10-12 18:10:56');
insert into mensajeGrupo (mensajeGrupoId, mascotaGrupoId, contenido, fechaEnvio) values (178, 157, 'mensaje ', '2023-10-29 04:21:30');
insert into mensajeGrupo (mensajeGrupoId, mascotaGrupoId, contenido, fechaEnvio) values (179, 136, 'mensaje ', '2022-06-30 21:49:51');
insert into mensajeGrupo (mensajeGrupoId, mascotaGrupoId, contenido, fechaEnvio) values (180, 177, 'mensaje ', '2023-09-26 12:49:32');
insert into mensajeGrupo (mensajeGrupoId, mascotaGrupoId, contenido, fechaEnvio) values (181, 278, 'mensaje ', '2022-11-15 01:16:24');
insert into mensajeGrupo (mensajeGrupoId, mascotaGrupoId, contenido, fechaEnvio) values (182, 220, 'mensaje ', '2023-05-22 00:54:05');
insert into mensajeGrupo (mensajeGrupoId, mascotaGrupoId, contenido, fechaEnvio) values (183, 107, 'mensaje ', '2023-05-18 03:20:33');
insert into mensajeGrupo (mensajeGrupoId, mascotaGrupoId, contenido, fechaEnvio) values (184, 22, 'mensaje ', '2022-02-06 20:33:24');
insert into mensajeGrupo (mensajeGrupoId, mascotaGrupoId, contenido, fechaEnvio) values (185, 290, 'mensaje ', '2023-02-09 03:05:53');
insert into mensajeGrupo (mensajeGrupoId, mascotaGrupoId, contenido, fechaEnvio) values (186, 163, 'mensaje ', '2023-10-31 21:06:54');
insert into mensajeGrupo (mensajeGrupoId, mascotaGrupoId, contenido, fechaEnvio) values (187, 80, 'mensaje ', '2023-07-27 01:11:35');
insert into mensajeGrupo (mensajeGrupoId, mascotaGrupoId, contenido, fechaEnvio) values (188, 19, 'mensaje ', '2022-04-20 07:26:42');
insert into mensajeGrupo (mensajeGrupoId, mascotaGrupoId, contenido, fechaEnvio) values (189, 126, 'mensaje ', '2022-10-14 00:46:15');
insert into mensajeGrupo (mensajeGrupoId, mascotaGrupoId, contenido, fechaEnvio) values (190, 281, 'mensaje ', '2023-05-23 17:24:07');
insert into mensajeGrupo (mensajeGrupoId, mascotaGrupoId, contenido, fechaEnvio) values (191, 268, 'mensaje ', '2023-03-04 04:19:12');
insert into mensajeGrupo (mensajeGrupoId, mascotaGrupoId, contenido, fechaEnvio) values (192, 262, 'mensaje ', '2022-08-30 05:57:45');
insert into mensajeGrupo (mensajeGrupoId, mascotaGrupoId, contenido, fechaEnvio) values (193, 212, 'mensaje ', '2022-08-17 10:27:49');
insert into mensajeGrupo (mensajeGrupoId, mascotaGrupoId, contenido, fechaEnvio) values (194, 144, 'mensaje ', '2023-03-30 07:07:01');
insert into mensajeGrupo (mensajeGrupoId, mascotaGrupoId, contenido, fechaEnvio) values (195, 280, 'mensaje ', '2023-07-05 16:11:03');
insert into mensajeGrupo (mensajeGrupoId, mascotaGrupoId, contenido, fechaEnvio) values (196, 298, 'mensaje ', '2023-12-17 01:00:17');
insert into mensajeGrupo (mensajeGrupoId, mascotaGrupoId, contenido, fechaEnvio) values (197, 196, 'mensaje ', '2023-11-19 06:07:46');
insert into mensajeGrupo (mensajeGrupoId, mascotaGrupoId, contenido, fechaEnvio) values (198, 155, 'mensaje ', '2023-02-04 03:54:10');
insert into mensajeGrupo (mensajeGrupoId, mascotaGrupoId, contenido, fechaEnvio) values (199, 249, 'mensaje ', '2022-06-27 01:11:07');
insert into mensajeGrupo (mensajeGrupoId, mascotaGrupoId, contenido, fechaEnvio) values (200, 119, 'mensaje ', '2023-05-12 21:16:53');


-- Datos publicacionGrupo
insert into publicacionGrupo (publicacionGrupoId, mascotaGrupoId, descripcion, fechaPublicacion) values (1, 9, 'descripción1', '2022-03-05 06:44:24');
insert into publicacionGrupo (publicacionGrupoId, mascotaGrupoId, descripcion, fechaPublicacion) values (2, 73, 'descripción2', '2023-08-28 13:11:13');
insert into publicacionGrupo (publicacionGrupoId, mascotaGrupoId, descripcion, fechaPublicacion) values (3, 286, 'descripción3', '2022-04-13 12:07:10');
insert into publicacionGrupo (publicacionGrupoId, mascotaGrupoId, descripcion, fechaPublicacion) values (4, 96, 'descripción4', '2022-04-11 17:42:38');
insert into publicacionGrupo (publicacionGrupoId, mascotaGrupoId, descripcion, fechaPublicacion) values (5, 55, 'descripción5', '2023-02-15 20:12:44');
insert into publicacionGrupo (publicacionGrupoId, mascotaGrupoId, descripcion, fechaPublicacion) values (6, 286, 'descripción6', '2022-12-01 04:30:17');
insert into publicacionGrupo (publicacionGrupoId, mascotaGrupoId, descripcion, fechaPublicacion) values (7, 273, 'descripción7', '2023-12-10 21:45:41');
insert into publicacionGrupo (publicacionGrupoId, mascotaGrupoId, descripcion, fechaPublicacion) values (8, 216, 'descripción8', '2022-11-29 14:59:17');
insert into publicacionGrupo (publicacionGrupoId, mascotaGrupoId, descripcion, fechaPublicacion) values (9, 247, 'descripción9', '2022-03-04 16:48:40');
insert into publicacionGrupo (publicacionGrupoId, mascotaGrupoId, descripcion, fechaPublicacion) values (10, 295, 'descripción10', '2022-05-17 05:10:05');
insert into publicacionGrupo (publicacionGrupoId, mascotaGrupoId, descripcion, fechaPublicacion) values (11, 251, 'descripción11', '2023-03-01 20:18:23');
insert into publicacionGrupo (publicacionGrupoId, mascotaGrupoId, descripcion, fechaPublicacion) values (12, 131, 'descripción12', '2022-05-20 12:36:30');
insert into publicacionGrupo (publicacionGrupoId, mascotaGrupoId, descripcion, fechaPublicacion) values (13, 40, 'descripción13', '2023-03-01 12:00:20');
insert into publicacionGrupo (publicacionGrupoId, mascotaGrupoId, descripcion, fechaPublicacion) values (14, 190, 'descripción14', '2023-07-04 05:54:59');
insert into publicacionGrupo (publicacionGrupoId, mascotaGrupoId, descripcion, fechaPublicacion) values (15, 10, 'descripción15', '2023-02-20 04:28:14');
insert into publicacionGrupo (publicacionGrupoId, mascotaGrupoId, descripcion, fechaPublicacion) values (16, 42, 'descripción16', '2023-12-25 12:26:40');
insert into publicacionGrupo (publicacionGrupoId, mascotaGrupoId, descripcion, fechaPublicacion) values (17, 239, 'descripción17', '2022-03-13 21:49:59');
insert into publicacionGrupo (publicacionGrupoId, mascotaGrupoId, descripcion, fechaPublicacion) values (18, 183, 'descripción18', '2022-01-05 00:20:03');
insert into publicacionGrupo (publicacionGrupoId, mascotaGrupoId, descripcion, fechaPublicacion) values (19, 253, 'descripción19', '2023-09-18 13:35:18');
insert into publicacionGrupo (publicacionGrupoId, mascotaGrupoId, descripcion, fechaPublicacion) values (20, 229, 'descripción20', '2023-01-13 07:35:18');
insert into publicacionGrupo (publicacionGrupoId, mascotaGrupoId, descripcion, fechaPublicacion) values (21, 289, 'descripción21', '2022-09-03 11:07:32');
insert into publicacionGrupo (publicacionGrupoId, mascotaGrupoId, descripcion, fechaPublicacion) values (22, 44, 'descripción22', '2023-06-18 11:31:52');
insert into publicacionGrupo (publicacionGrupoId, mascotaGrupoId, descripcion, fechaPublicacion) values (23, 12, 'descripción23', '2022-02-25 09:24:31');
insert into publicacionGrupo (publicacionGrupoId, mascotaGrupoId, descripcion, fechaPublicacion) values (24, 21, 'descripción24', '2022-02-26 03:52:15');
insert into publicacionGrupo (publicacionGrupoId, mascotaGrupoId, descripcion, fechaPublicacion) values (25, 293, 'descripción25', '2022-08-30 10:47:40');
insert into publicacionGrupo (publicacionGrupoId, mascotaGrupoId, descripcion, fechaPublicacion) values (26, 117, 'descripción26', '2022-07-06 05:18:16');
insert into publicacionGrupo (publicacionGrupoId, mascotaGrupoId, descripcion, fechaPublicacion) values (27, 234, 'descripción27', '2023-01-20 02:20:03');
insert into publicacionGrupo (publicacionGrupoId, mascotaGrupoId, descripcion, fechaPublicacion) values (28, 45, 'descripción28', '2022-03-23 20:06:38');
insert into publicacionGrupo (publicacionGrupoId, mascotaGrupoId, descripcion, fechaPublicacion) values (29, 111, 'descripción29', '2022-10-17 13:36:38');
insert into publicacionGrupo (publicacionGrupoId, mascotaGrupoId, descripcion, fechaPublicacion) values (30, 140, 'descripción30', '2022-08-08 05:32:19');
insert into publicacionGrupo (publicacionGrupoId, mascotaGrupoId, descripcion, fechaPublicacion) values (31, 180, 'descripción31', '2023-02-06 23:54:44');
insert into publicacionGrupo (publicacionGrupoId, mascotaGrupoId, descripcion, fechaPublicacion) values (32, 31, 'descripción32', '2023-10-15 22:53:43');
insert into publicacionGrupo (publicacionGrupoId, mascotaGrupoId, descripcion, fechaPublicacion) values (33, 300, 'descripción33', '2022-02-08 01:14:51');
insert into publicacionGrupo (publicacionGrupoId, mascotaGrupoId, descripcion, fechaPublicacion) values (34, 110, 'descripción34', '2022-01-15 19:52:23');
insert into publicacionGrupo (publicacionGrupoId, mascotaGrupoId, descripcion, fechaPublicacion) values (35, 216, 'descripción35', '2022-01-31 11:46:29');
insert into publicacionGrupo (publicacionGrupoId, mascotaGrupoId, descripcion, fechaPublicacion) values (36, 286, 'descripción36', '2023-03-23 00:51:44');
insert into publicacionGrupo (publicacionGrupoId, mascotaGrupoId, descripcion, fechaPublicacion) values (37, 278, 'descripción37', '2022-03-11 14:15:17');
insert into publicacionGrupo (publicacionGrupoId, mascotaGrupoId, descripcion, fechaPublicacion) values (38, 116, 'descripción38', '2022-08-22 10:05:46');
insert into publicacionGrupo (publicacionGrupoId, mascotaGrupoId, descripcion, fechaPublicacion) values (39, 48, 'descripción39', '2022-05-06 22:47:14');
insert into publicacionGrupo (publicacionGrupoId, mascotaGrupoId, descripcion, fechaPublicacion) values (40, 78, 'descripción40', '2022-03-10 10:05:01');
insert into publicacionGrupo (publicacionGrupoId, mascotaGrupoId, descripcion, fechaPublicacion) values (41, 127, 'descripción41', '2023-07-14 23:20:33');
insert into publicacionGrupo (publicacionGrupoId, mascotaGrupoId, descripcion, fechaPublicacion) values (42, 108, 'descripción42', '2022-11-19 00:02:11');
insert into publicacionGrupo (publicacionGrupoId, mascotaGrupoId, descripcion, fechaPublicacion) values (43, 212, 'descripción43', '2022-05-15 14:49:22');
insert into publicacionGrupo (publicacionGrupoId, mascotaGrupoId, descripcion, fechaPublicacion) values (44, 87, 'descripción44', '2022-07-31 00:22:12');
insert into publicacionGrupo (publicacionGrupoId, mascotaGrupoId, descripcion, fechaPublicacion) values (45, 78, 'descripción45', '2022-08-24 07:35:39');
insert into publicacionGrupo (publicacionGrupoId, mascotaGrupoId, descripcion, fechaPublicacion) values (46, 222, 'descripción46', '2022-08-31 07:48:00');
insert into publicacionGrupo (publicacionGrupoId, mascotaGrupoId, descripcion, fechaPublicacion) values (47, 215, 'descripción47', '2023-12-14 07:08:29');
insert into publicacionGrupo (publicacionGrupoId, mascotaGrupoId, descripcion, fechaPublicacion) values (48, 277, 'descripción48', '2023-09-12 06:38:46');
insert into publicacionGrupo (publicacionGrupoId, mascotaGrupoId, descripcion, fechaPublicacion) values (49, 169, 'descripción49', '2023-09-09 03:45:31');
insert into publicacionGrupo (publicacionGrupoId, mascotaGrupoId, descripcion, fechaPublicacion) values (50, 37, 'descripción50', '2022-10-14 02:52:52');
insert into publicacionGrupo (publicacionGrupoId, mascotaGrupoId, descripcion, fechaPublicacion) values (51, 239, 'descripción51', '2023-01-22 10:44:56');
insert into publicacionGrupo (publicacionGrupoId, mascotaGrupoId, descripcion, fechaPublicacion) values (52, 196, 'descripción52', '2022-04-04 06:35:15');
insert into publicacionGrupo (publicacionGrupoId, mascotaGrupoId, descripcion, fechaPublicacion) values (53, 158, 'descripción53', '2022-05-22 21:42:53');
insert into publicacionGrupo (publicacionGrupoId, mascotaGrupoId, descripcion, fechaPublicacion) values (54, 117, 'descripción54', '2022-03-02 11:28:25');
insert into publicacionGrupo (publicacionGrupoId, mascotaGrupoId, descripcion, fechaPublicacion) values (55, 246, 'descripción55', '2023-09-13 04:16:33');
insert into publicacionGrupo (publicacionGrupoId, mascotaGrupoId, descripcion, fechaPublicacion) values (56, 222, 'descripción56', '2023-03-30 06:04:22');
insert into publicacionGrupo (publicacionGrupoId, mascotaGrupoId, descripcion, fechaPublicacion) values (57, 41, 'descripción57', '2022-09-18 21:32:26');
insert into publicacionGrupo (publicacionGrupoId, mascotaGrupoId, descripcion, fechaPublicacion) values (58, 132, 'descripción58', '2022-06-28 19:05:25');
insert into publicacionGrupo (publicacionGrupoId, mascotaGrupoId, descripcion, fechaPublicacion) values (59, 181, 'descripción59', '2022-07-15 03:05:35');
insert into publicacionGrupo (publicacionGrupoId, mascotaGrupoId, descripcion, fechaPublicacion) values (60, 199, 'descripción60', '2022-07-11 22:23:17');
insert into publicacionGrupo (publicacionGrupoId, mascotaGrupoId, descripcion, fechaPublicacion) values (61, 44, 'descripción61', '2023-08-11 04:44:44');
insert into publicacionGrupo (publicacionGrupoId, mascotaGrupoId, descripcion, fechaPublicacion) values (62, 2, 'descripción62', '2023-06-29 06:15:51');
insert into publicacionGrupo (publicacionGrupoId, mascotaGrupoId, descripcion, fechaPublicacion) values (63, 195, 'descripción63', '2022-02-22 01:56:09');
insert into publicacionGrupo (publicacionGrupoId, mascotaGrupoId, descripcion, fechaPublicacion) values (64, 169, 'descripción64', '2022-03-05 05:35:31');
insert into publicacionGrupo (publicacionGrupoId, mascotaGrupoId, descripcion, fechaPublicacion) values (65, 222, 'descripción65', '2023-03-02 13:07:56');
insert into publicacionGrupo (publicacionGrupoId, mascotaGrupoId, descripcion, fechaPublicacion) values (66, 163, 'descripción66', '2022-12-07 23:09:10');
insert into publicacionGrupo (publicacionGrupoId, mascotaGrupoId, descripcion, fechaPublicacion) values (67, 137, 'descripción67', '2023-01-16 05:28:24');
insert into publicacionGrupo (publicacionGrupoId, mascotaGrupoId, descripcion, fechaPublicacion) values (68, 148, 'descripción68', '2022-07-28 19:34:33');
insert into publicacionGrupo (publicacionGrupoId, mascotaGrupoId, descripcion, fechaPublicacion) values (69, 187, 'descripción69', '2023-01-13 22:23:41');
insert into publicacionGrupo (publicacionGrupoId, mascotaGrupoId, descripcion, fechaPublicacion) values (70, 181, 'descripción70', '2023-08-15 04:36:08');
insert into publicacionGrupo (publicacionGrupoId, mascotaGrupoId, descripcion, fechaPublicacion) values (71, 278, 'descripción71', '2022-12-05 10:21:45');
insert into publicacionGrupo (publicacionGrupoId, mascotaGrupoId, descripcion, fechaPublicacion) values (72, 212, 'descripción72', '2023-08-22 19:48:02');
insert into publicacionGrupo (publicacionGrupoId, mascotaGrupoId, descripcion, fechaPublicacion) values (73, 239, 'descripción73', '2023-04-29 16:16:28');
insert into publicacionGrupo (publicacionGrupoId, mascotaGrupoId, descripcion, fechaPublicacion) values (74, 137, 'descripción74', '2022-05-09 19:23:52');
insert into publicacionGrupo (publicacionGrupoId, mascotaGrupoId, descripcion, fechaPublicacion) values (75, 61, 'descripción75', '2023-04-09 16:48:55');
insert into publicacionGrupo (publicacionGrupoId, mascotaGrupoId, descripcion, fechaPublicacion) values (76, 61, 'descripción76', '2022-06-16 04:00:41');
insert into publicacionGrupo (publicacionGrupoId, mascotaGrupoId, descripcion, fechaPublicacion) values (77, 109, 'descripción77', '2022-03-31 17:53:23');
insert into publicacionGrupo (publicacionGrupoId, mascotaGrupoId, descripcion, fechaPublicacion) values (78, 189, 'descripción78', '2022-11-03 10:11:11');
insert into publicacionGrupo (publicacionGrupoId, mascotaGrupoId, descripcion, fechaPublicacion) values (79, 133, 'descripción79', '2022-12-25 20:38:32');
insert into publicacionGrupo (publicacionGrupoId, mascotaGrupoId, descripcion, fechaPublicacion) values (80, 255, 'descripción80', '2022-12-03 19:08:07');
insert into publicacionGrupo (publicacionGrupoId, mascotaGrupoId, descripcion, fechaPublicacion) values (81, 250, 'descripción81', '2023-01-06 21:35:56');
insert into publicacionGrupo (publicacionGrupoId, mascotaGrupoId, descripcion, fechaPublicacion) values (82, 70, 'descripción82', '2022-07-12 08:09:21');
insert into publicacionGrupo (publicacionGrupoId, mascotaGrupoId, descripcion, fechaPublicacion) values (83, 16, 'descripción83', '2023-10-23 08:01:42');
insert into publicacionGrupo (publicacionGrupoId, mascotaGrupoId, descripcion, fechaPublicacion) values (84, 149, 'descripción84', '2023-07-01 20:31:38');
insert into publicacionGrupo (publicacionGrupoId, mascotaGrupoId, descripcion, fechaPublicacion) values (85, 257, 'descripción85', '2023-09-09 13:26:00');
insert into publicacionGrupo (publicacionGrupoId, mascotaGrupoId, descripcion, fechaPublicacion) values (86, 42, 'descripción86', '2023-01-23 18:21:26');
insert into publicacionGrupo (publicacionGrupoId, mascotaGrupoId, descripcion, fechaPublicacion) values (87, 60, 'descripción87', '2022-10-02 23:26:25');
insert into publicacionGrupo (publicacionGrupoId, mascotaGrupoId, descripcion, fechaPublicacion) values (88, 123, 'descripción88', '2022-04-17 18:20:30');
insert into publicacionGrupo (publicacionGrupoId, mascotaGrupoId, descripcion, fechaPublicacion) values (89, 261, 'descripción89', '2022-06-24 14:00:27');
insert into publicacionGrupo (publicacionGrupoId, mascotaGrupoId, descripcion, fechaPublicacion) values (90, 286, 'descripción90', '2023-08-14 13:38:54');
insert into publicacionGrupo (publicacionGrupoId, mascotaGrupoId, descripcion, fechaPublicacion) values (91, 283, 'descripción91', '2022-10-21 00:59:30');
insert into publicacionGrupo (publicacionGrupoId, mascotaGrupoId, descripcion, fechaPublicacion) values (92, 50, 'descripción92', '2022-12-09 07:09:48');
insert into publicacionGrupo (publicacionGrupoId, mascotaGrupoId, descripcion, fechaPublicacion) values (93, 208, 'descripción93', '2022-07-30 11:25:00');
insert into publicacionGrupo (publicacionGrupoId, mascotaGrupoId, descripcion, fechaPublicacion) values (94, 277, 'descripción94', '2023-06-16 12:52:15');
insert into publicacionGrupo (publicacionGrupoId, mascotaGrupoId, descripcion, fechaPublicacion) values (95, 118, 'descripción95', '2022-01-26 05:58:53');
insert into publicacionGrupo (publicacionGrupoId, mascotaGrupoId, descripcion, fechaPublicacion) values (96, 58, 'descripción96', '2023-06-29 18:23:30');
insert into publicacionGrupo (publicacionGrupoId, mascotaGrupoId, descripcion, fechaPublicacion) values (97, 237, 'descripción97', '2023-02-27 20:28:09');
insert into publicacionGrupo (publicacionGrupoId, mascotaGrupoId, descripcion, fechaPublicacion) values (98, 47, 'descripción98', '2023-04-29 19:05:50');
insert into publicacionGrupo (publicacionGrupoId, mascotaGrupoId, descripcion, fechaPublicacion) values (99, 88, 'descripción99', '2022-06-21 16:16:47');
insert into publicacionGrupo (publicacionGrupoId, mascotaGrupoId, descripcion, fechaPublicacion) values (100, 9, 'descripción100', '2022-01-31 13:24:18');
insert into publicacionGrupo (publicacionGrupoId, mascotaGrupoId, descripcion, fechaPublicacion) values (101, 10, 'descripción101', '2023-08-27 22:53:51');
insert into publicacionGrupo (publicacionGrupoId, mascotaGrupoId, descripcion, fechaPublicacion) values (102, 147, 'descripción102', '2022-04-24 13:08:22');
insert into publicacionGrupo (publicacionGrupoId, mascotaGrupoId, descripcion, fechaPublicacion) values (103, 277, 'descripción103', '2023-09-14 09:08:18');
insert into publicacionGrupo (publicacionGrupoId, mascotaGrupoId, descripcion, fechaPublicacion) values (104, 65, 'descripción104', '2022-09-12 21:38:43');
insert into publicacionGrupo (publicacionGrupoId, mascotaGrupoId, descripcion, fechaPublicacion) values (105, 92, 'descripción105', '2022-07-08 14:15:11');
insert into publicacionGrupo (publicacionGrupoId, mascotaGrupoId, descripcion, fechaPublicacion) values (106, 56, 'descripción106', '2022-04-03 01:54:43');
insert into publicacionGrupo (publicacionGrupoId, mascotaGrupoId, descripcion, fechaPublicacion) values (107, 6, 'descripción107', '2023-09-05 03:25:51');
insert into publicacionGrupo (publicacionGrupoId, mascotaGrupoId, descripcion, fechaPublicacion) values (108, 118, 'descripción108', '2022-04-29 09:36:43');
insert into publicacionGrupo (publicacionGrupoId, mascotaGrupoId, descripcion, fechaPublicacion) values (109, 255, 'descripción109', '2022-07-17 03:26:33');
insert into publicacionGrupo (publicacionGrupoId, mascotaGrupoId, descripcion, fechaPublicacion) values (110, 52, 'descripción110', '2023-04-16 22:57:27');
insert into publicacionGrupo (publicacionGrupoId, mascotaGrupoId, descripcion, fechaPublicacion) values (111, 131, 'descripción111', '2022-12-13 17:55:51');
insert into publicacionGrupo (publicacionGrupoId, mascotaGrupoId, descripcion, fechaPublicacion) values (112, 134, 'descripción112', '2023-10-09 07:17:01');
insert into publicacionGrupo (publicacionGrupoId, mascotaGrupoId, descripcion, fechaPublicacion) values (113, 149, 'descripción113', '2023-04-06 08:29:21');
insert into publicacionGrupo (publicacionGrupoId, mascotaGrupoId, descripcion, fechaPublicacion) values (114, 45, 'descripción114', '2023-10-07 00:16:12');
insert into publicacionGrupo (publicacionGrupoId, mascotaGrupoId, descripcion, fechaPublicacion) values (115, 99, 'descripción115', '2023-07-22 23:07:53');
insert into publicacionGrupo (publicacionGrupoId, mascotaGrupoId, descripcion, fechaPublicacion) values (116, 136, 'descripción116', '2022-08-07 05:50:52');
insert into publicacionGrupo (publicacionGrupoId, mascotaGrupoId, descripcion, fechaPublicacion) values (117, 114, 'descripción117', '2023-09-21 15:21:01');
insert into publicacionGrupo (publicacionGrupoId, mascotaGrupoId, descripcion, fechaPublicacion) values (118, 93, 'descripción118', '2022-06-11 01:56:44');
insert into publicacionGrupo (publicacionGrupoId, mascotaGrupoId, descripcion, fechaPublicacion) values (119, 267, 'descripción119', '2023-05-11 21:12:58');
insert into publicacionGrupo (publicacionGrupoId, mascotaGrupoId, descripcion, fechaPublicacion) values (120, 98, 'descripción120', '2022-01-04 10:22:06');
insert into publicacionGrupo (publicacionGrupoId, mascotaGrupoId, descripcion, fechaPublicacion) values (121, 91, 'descripción121', '2023-02-02 17:25:52');
insert into publicacionGrupo (publicacionGrupoId, mascotaGrupoId, descripcion, fechaPublicacion) values (122, 11, 'descripción122', '2022-09-07 08:20:21');
insert into publicacionGrupo (publicacionGrupoId, mascotaGrupoId, descripcion, fechaPublicacion) values (123, 17, 'descripción123', '2022-12-20 08:52:11');
insert into publicacionGrupo (publicacionGrupoId, mascotaGrupoId, descripcion, fechaPublicacion) values (124, 239, 'descripción124', '2023-04-07 14:18:20');
insert into publicacionGrupo (publicacionGrupoId, mascotaGrupoId, descripcion, fechaPublicacion) values (125, 244, 'descripción125', '2023-11-06 17:48:17');
insert into publicacionGrupo (publicacionGrupoId, mascotaGrupoId, descripcion, fechaPublicacion) values (126, 203, 'descripción126', '2023-11-01 19:56:28');
insert into publicacionGrupo (publicacionGrupoId, mascotaGrupoId, descripcion, fechaPublicacion) values (127, 72, 'descripción127', '2023-09-24 05:57:39');
insert into publicacionGrupo (publicacionGrupoId, mascotaGrupoId, descripcion, fechaPublicacion) values (128, 184, 'descripción128', '2023-12-28 13:49:26');
insert into publicacionGrupo (publicacionGrupoId, mascotaGrupoId, descripcion, fechaPublicacion) values (129, 18, 'descripción129', '2022-12-25 22:04:07');
insert into publicacionGrupo (publicacionGrupoId, mascotaGrupoId, descripcion, fechaPublicacion) values (130, 266, 'descripción130', '2023-05-11 10:48:46');
insert into publicacionGrupo (publicacionGrupoId, mascotaGrupoId, descripcion, fechaPublicacion) values (131, 27, 'descripción131', '2022-04-12 00:50:20');
insert into publicacionGrupo (publicacionGrupoId, mascotaGrupoId, descripcion, fechaPublicacion) values (132, 281, 'descripción132', '2022-02-14 16:02:52');
insert into publicacionGrupo (publicacionGrupoId, mascotaGrupoId, descripcion, fechaPublicacion) values (133, 51, 'descripción133', '2022-11-28 18:48:03');
insert into publicacionGrupo (publicacionGrupoId, mascotaGrupoId, descripcion, fechaPublicacion) values (134, 52, 'descripción134', '2022-07-11 04:37:00');
insert into publicacionGrupo (publicacionGrupoId, mascotaGrupoId, descripcion, fechaPublicacion) values (135, 241, 'descripción135', '2022-01-11 05:13:56');
insert into publicacionGrupo (publicacionGrupoId, mascotaGrupoId, descripcion, fechaPublicacion) values (136, 276, 'descripción136', '2023-05-30 17:27:54');
insert into publicacionGrupo (publicacionGrupoId, mascotaGrupoId, descripcion, fechaPublicacion) values (137, 185, 'descripción137', '2022-05-30 12:34:11');
insert into publicacionGrupo (publicacionGrupoId, mascotaGrupoId, descripcion, fechaPublicacion) values (138, 197, 'descripción138', '2022-09-28 02:14:37');
insert into publicacionGrupo (publicacionGrupoId, mascotaGrupoId, descripcion, fechaPublicacion) values (139, 81, 'descripción139', '2022-11-08 02:41:52');
insert into publicacionGrupo (publicacionGrupoId, mascotaGrupoId, descripcion, fechaPublicacion) values (140, 183, 'descripción140', '2022-08-29 14:19:12');
insert into publicacionGrupo (publicacionGrupoId, mascotaGrupoId, descripcion, fechaPublicacion) values (141, 109, 'descripción141', '2023-03-11 08:20:37');
insert into publicacionGrupo (publicacionGrupoId, mascotaGrupoId, descripcion, fechaPublicacion) values (142, 95, 'descripción142', '2023-05-30 16:23:55');
insert into publicacionGrupo (publicacionGrupoId, mascotaGrupoId, descripcion, fechaPublicacion) values (143, 4, 'descripción143', '2023-06-05 06:15:50');
insert into publicacionGrupo (publicacionGrupoId, mascotaGrupoId, descripcion, fechaPublicacion) values (144, 299, 'descripción144', '2022-11-12 13:21:48');
insert into publicacionGrupo (publicacionGrupoId, mascotaGrupoId, descripcion, fechaPublicacion) values (145, 180, 'descripción145', '2023-10-23 07:52:09');
insert into publicacionGrupo (publicacionGrupoId, mascotaGrupoId, descripcion, fechaPublicacion) values (146, 142, 'descripción146', '2022-06-15 17:57:05');
insert into publicacionGrupo (publicacionGrupoId, mascotaGrupoId, descripcion, fechaPublicacion) values (147, 47, 'descripción147', '2022-09-19 19:35:14');
insert into publicacionGrupo (publicacionGrupoId, mascotaGrupoId, descripcion, fechaPublicacion) values (148, 228, 'descripción148', '2022-09-14 12:12:14');
insert into publicacionGrupo (publicacionGrupoId, mascotaGrupoId, descripcion, fechaPublicacion) values (149, 213, 'descripción149', '2023-07-23 15:18:38');
insert into publicacionGrupo (publicacionGrupoId, mascotaGrupoId, descripcion, fechaPublicacion) values (150, 148, 'descripción150', '2022-06-04 08:58:08');
insert into publicacionGrupo (publicacionGrupoId, mascotaGrupoId, descripcion, fechaPublicacion) values (151, 75, 'descripción151', '2022-04-01 14:59:15');
insert into publicacionGrupo (publicacionGrupoId, mascotaGrupoId, descripcion, fechaPublicacion) values (152, 253, 'descripción152', '2023-04-07 06:38:57');
insert into publicacionGrupo (publicacionGrupoId, mascotaGrupoId, descripcion, fechaPublicacion) values (153, 167, 'descripción153', '2023-07-08 22:51:21');
insert into publicacionGrupo (publicacionGrupoId, mascotaGrupoId, descripcion, fechaPublicacion) values (154, 106, 'descripción154', '2023-07-06 05:51:59');
insert into publicacionGrupo (publicacionGrupoId, mascotaGrupoId, descripcion, fechaPublicacion) values (155, 8, 'descripción155', '2022-05-05 12:08:26');
insert into publicacionGrupo (publicacionGrupoId, mascotaGrupoId, descripcion, fechaPublicacion) values (156, 292, 'descripción156', '2022-05-11 03:52:09');
insert into publicacionGrupo (publicacionGrupoId, mascotaGrupoId, descripcion, fechaPublicacion) values (157, 103, 'descripción157', '2022-03-14 23:23:01');
insert into publicacionGrupo (publicacionGrupoId, mascotaGrupoId, descripcion, fechaPublicacion) values (158, 274, 'descripción158', '2023-10-06 20:23:36');
insert into publicacionGrupo (publicacionGrupoId, mascotaGrupoId, descripcion, fechaPublicacion) values (159, 203, 'descripción159', '2022-09-14 15:35:43');
insert into publicacionGrupo (publicacionGrupoId, mascotaGrupoId, descripcion, fechaPublicacion) values (160, 169, 'descripción160', '2023-03-28 19:34:15');
insert into publicacionGrupo (publicacionGrupoId, mascotaGrupoId, descripcion, fechaPublicacion) values (161, 134, 'descripción161', '2023-09-13 16:48:08');
insert into publicacionGrupo (publicacionGrupoId, mascotaGrupoId, descripcion, fechaPublicacion) values (162, 142, 'descripción162', '2023-01-05 23:11:45');
insert into publicacionGrupo (publicacionGrupoId, mascotaGrupoId, descripcion, fechaPublicacion) values (163, 61, 'descripción163', '2023-04-15 09:11:20');
insert into publicacionGrupo (publicacionGrupoId, mascotaGrupoId, descripcion, fechaPublicacion) values (164, 73, 'descripción164', '2023-07-28 03:25:17');
insert into publicacionGrupo (publicacionGrupoId, mascotaGrupoId, descripcion, fechaPublicacion) values (165, 181, 'descripción165', '2023-09-28 10:53:53');
insert into publicacionGrupo (publicacionGrupoId, mascotaGrupoId, descripcion, fechaPublicacion) values (166, 176, 'descripción166', '2022-11-13 04:06:17');
insert into publicacionGrupo (publicacionGrupoId, mascotaGrupoId, descripcion, fechaPublicacion) values (167, 212, 'descripción167', '2022-06-23 14:19:37');
insert into publicacionGrupo (publicacionGrupoId, mascotaGrupoId, descripcion, fechaPublicacion) values (168, 223, 'descripción168', '2023-08-09 11:47:20');
insert into publicacionGrupo (publicacionGrupoId, mascotaGrupoId, descripcion, fechaPublicacion) values (169, 11, 'descripción169', '2023-06-27 01:59:43');
insert into publicacionGrupo (publicacionGrupoId, mascotaGrupoId, descripcion, fechaPublicacion) values (170, 221, 'descripción170', '2022-10-03 21:53:18');
insert into publicacionGrupo (publicacionGrupoId, mascotaGrupoId, descripcion, fechaPublicacion) values (171, 107, 'descripción171', '2022-02-25 00:03:05');
insert into publicacionGrupo (publicacionGrupoId, mascotaGrupoId, descripcion, fechaPublicacion) values (172, 211, 'descripción172', '2022-12-08 15:51:35');
insert into publicacionGrupo (publicacionGrupoId, mascotaGrupoId, descripcion, fechaPublicacion) values (173, 291, 'descripción173', '2022-08-04 05:49:22');
insert into publicacionGrupo (publicacionGrupoId, mascotaGrupoId, descripcion, fechaPublicacion) values (174, 263, 'descripción174', '2023-10-01 02:13:04');
insert into publicacionGrupo (publicacionGrupoId, mascotaGrupoId, descripcion, fechaPublicacion) values (175, 276, 'descripción175', '2022-03-09 23:00:54');
insert into publicacionGrupo (publicacionGrupoId, mascotaGrupoId, descripcion, fechaPublicacion) values (176, 281, 'descripción176', '2023-12-07 14:37:30');
insert into publicacionGrupo (publicacionGrupoId, mascotaGrupoId, descripcion, fechaPublicacion) values (177, 126, 'descripción177', '2022-02-22 11:18:02');
insert into publicacionGrupo (publicacionGrupoId, mascotaGrupoId, descripcion, fechaPublicacion) values (178, 226, 'descripción178', '2023-12-22 10:16:23');
insert into publicacionGrupo (publicacionGrupoId, mascotaGrupoId, descripcion, fechaPublicacion) values (179, 77, 'descripción179', '2022-10-02 01:08:08');
insert into publicacionGrupo (publicacionGrupoId, mascotaGrupoId, descripcion, fechaPublicacion) values (180, 130, 'descripción180', '2023-09-20 02:21:48');
insert into publicacionGrupo (publicacionGrupoId, mascotaGrupoId, descripcion, fechaPublicacion) values (181, 70, 'descripción181', '2023-04-02 07:42:55');
insert into publicacionGrupo (publicacionGrupoId, mascotaGrupoId, descripcion, fechaPublicacion) values (182, 21, 'descripción182', '2023-07-26 17:38:42');
insert into publicacionGrupo (publicacionGrupoId, mascotaGrupoId, descripcion, fechaPublicacion) values (183, 154, 'descripción183', '2023-06-16 22:59:00');
insert into publicacionGrupo (publicacionGrupoId, mascotaGrupoId, descripcion, fechaPublicacion) values (184, 95, 'descripción184', '2023-04-17 04:33:24');
insert into publicacionGrupo (publicacionGrupoId, mascotaGrupoId, descripcion, fechaPublicacion) values (185, 6, 'descripción185', '2023-04-26 11:00:29');
insert into publicacionGrupo (publicacionGrupoId, mascotaGrupoId, descripcion, fechaPublicacion) values (186, 155, 'descripción186', '2023-07-24 07:10:21');
insert into publicacionGrupo (publicacionGrupoId, mascotaGrupoId, descripcion, fechaPublicacion) values (187, 167, 'descripción187', '2022-06-08 16:13:38');
insert into publicacionGrupo (publicacionGrupoId, mascotaGrupoId, descripcion, fechaPublicacion) values (188, 285, 'descripción188', '2023-10-30 10:44:20');
insert into publicacionGrupo (publicacionGrupoId, mascotaGrupoId, descripcion, fechaPublicacion) values (189, 176, 'descripción189', '2023-05-31 22:48:13');
insert into publicacionGrupo (publicacionGrupoId, mascotaGrupoId, descripcion, fechaPublicacion) values (190, 114, 'descripción190', '2023-01-31 00:12:37');
insert into publicacionGrupo (publicacionGrupoId, mascotaGrupoId, descripcion, fechaPublicacion) values (191, 62, 'descripción191', '2023-11-14 08:46:31');
insert into publicacionGrupo (publicacionGrupoId, mascotaGrupoId, descripcion, fechaPublicacion) values (192, 17, 'descripción192', '2023-07-28 17:24:32');
insert into publicacionGrupo (publicacionGrupoId, mascotaGrupoId, descripcion, fechaPublicacion) values (193, 244, 'descripción193', '2022-09-29 04:50:23');
insert into publicacionGrupo (publicacionGrupoId, mascotaGrupoId, descripcion, fechaPublicacion) values (194, 135, 'descripción194', '2022-06-27 20:06:58');
insert into publicacionGrupo (publicacionGrupoId, mascotaGrupoId, descripcion, fechaPublicacion) values (195, 294, 'descripción195', '2023-04-20 00:18:39');
insert into publicacionGrupo (publicacionGrupoId, mascotaGrupoId, descripcion, fechaPublicacion) values (196, 193, 'descripción196', '2022-06-22 06:44:18');
insert into publicacionGrupo (publicacionGrupoId, mascotaGrupoId, descripcion, fechaPublicacion) values (197, 8, 'descripción197', '2022-07-07 22:49:29');
insert into publicacionGrupo (publicacionGrupoId, mascotaGrupoId, descripcion, fechaPublicacion) values (198, 232, 'descripción198', '2023-01-15 09:49:54');
insert into publicacionGrupo (publicacionGrupoId, mascotaGrupoId, descripcion, fechaPublicacion) values (199, 4, 'descripción199', '2023-08-31 19:23:37');
insert into publicacionGrupo (publicacionGrupoId, mascotaGrupoId, descripcion, fechaPublicacion) values (200, 28, 'descripción200', '2022-04-30 04:36:51');
insert into publicacionGrupo (publicacionGrupoId, mascotaGrupoId, descripcion, fechaPublicacion) values (201, 229, 'descripción201', '2023-05-29 03:34:54');
insert into publicacionGrupo (publicacionGrupoId, mascotaGrupoId, descripcion, fechaPublicacion) values (202, 61, 'descripción202', '2022-05-08 08:53:12');
insert into publicacionGrupo (publicacionGrupoId, mascotaGrupoId, descripcion, fechaPublicacion) values (203, 257, 'descripción203', '2022-04-15 21:59:03');
insert into publicacionGrupo (publicacionGrupoId, mascotaGrupoId, descripcion, fechaPublicacion) values (204, 169, 'descripción204', '2023-06-19 07:28:27');
insert into publicacionGrupo (publicacionGrupoId, mascotaGrupoId, descripcion, fechaPublicacion) values (205, 239, 'descripción205', '2022-07-08 02:59:37');
insert into publicacionGrupo (publicacionGrupoId, mascotaGrupoId, descripcion, fechaPublicacion) values (206, 4, 'descripción206', '2022-12-19 23:35:07');
insert into publicacionGrupo (publicacionGrupoId, mascotaGrupoId, descripcion, fechaPublicacion) values (207, 300, 'descripción207', '2022-04-03 02:05:27');
insert into publicacionGrupo (publicacionGrupoId, mascotaGrupoId, descripcion, fechaPublicacion) values (208, 150, 'descripción208', '2023-02-03 13:40:12');
insert into publicacionGrupo (publicacionGrupoId, mascotaGrupoId, descripcion, fechaPublicacion) values (209, 84, 'descripción209', '2023-12-02 20:24:47');
insert into publicacionGrupo (publicacionGrupoId, mascotaGrupoId, descripcion, fechaPublicacion) values (210, 78, 'descripción210', '2022-08-13 10:15:43');
insert into publicacionGrupo (publicacionGrupoId, mascotaGrupoId, descripcion, fechaPublicacion) values (211, 24, 'descripción211', '2023-05-02 00:07:07');
insert into publicacionGrupo (publicacionGrupoId, mascotaGrupoId, descripcion, fechaPublicacion) values (212, 142, 'descripción212', '2023-07-28 00:56:54');
insert into publicacionGrupo (publicacionGrupoId, mascotaGrupoId, descripcion, fechaPublicacion) values (213, 289, 'descripción213', '2022-05-11 18:10:01');
insert into publicacionGrupo (publicacionGrupoId, mascotaGrupoId, descripcion, fechaPublicacion) values (214, 294, 'descripción214', '2022-09-30 00:04:54');
insert into publicacionGrupo (publicacionGrupoId, mascotaGrupoId, descripcion, fechaPublicacion) values (215, 147, 'descripción215', '2023-09-17 06:10:12');
insert into publicacionGrupo (publicacionGrupoId, mascotaGrupoId, descripcion, fechaPublicacion) values (216, 141, 'descripción216', '2022-03-01 05:19:50');
insert into publicacionGrupo (publicacionGrupoId, mascotaGrupoId, descripcion, fechaPublicacion) values (217, 274, 'descripción217', '2022-04-26 04:03:52');
insert into publicacionGrupo (publicacionGrupoId, mascotaGrupoId, descripcion, fechaPublicacion) values (218, 126, 'descripción218', '2022-05-08 18:04:56');
insert into publicacionGrupo (publicacionGrupoId, mascotaGrupoId, descripcion, fechaPublicacion) values (219, 118, 'descripción219', '2023-10-01 03:29:11');
insert into publicacionGrupo (publicacionGrupoId, mascotaGrupoId, descripcion, fechaPublicacion) values (220, 53, 'descripción220', '2022-10-15 03:07:00');
insert into publicacionGrupo (publicacionGrupoId, mascotaGrupoId, descripcion, fechaPublicacion) values (221, 292, 'descripción221', '2022-09-18 15:47:30');
insert into publicacionGrupo (publicacionGrupoId, mascotaGrupoId, descripcion, fechaPublicacion) values (222, 20, 'descripción222', '2023-08-11 03:58:57');
insert into publicacionGrupo (publicacionGrupoId, mascotaGrupoId, descripcion, fechaPublicacion) values (223, 283, 'descripción223', '2023-02-06 18:51:49');
insert into publicacionGrupo (publicacionGrupoId, mascotaGrupoId, descripcion, fechaPublicacion) values (224, 134, 'descripción224', '2023-11-23 03:53:30');
insert into publicacionGrupo (publicacionGrupoId, mascotaGrupoId, descripcion, fechaPublicacion) values (225, 222, 'descripción225', '2022-05-29 21:29:10');
insert into publicacionGrupo (publicacionGrupoId, mascotaGrupoId, descripcion, fechaPublicacion) values (226, 113, 'descripción226', '2023-08-08 21:11:24');
insert into publicacionGrupo (publicacionGrupoId, mascotaGrupoId, descripcion, fechaPublicacion) values (227, 136, 'descripción227', '2022-04-10 09:44:04');
insert into publicacionGrupo (publicacionGrupoId, mascotaGrupoId, descripcion, fechaPublicacion) values (228, 160, 'descripción228', '2023-03-07 10:10:01');
insert into publicacionGrupo (publicacionGrupoId, mascotaGrupoId, descripcion, fechaPublicacion) values (229, 209, 'descripción229', '2022-02-18 16:46:43');
insert into publicacionGrupo (publicacionGrupoId, mascotaGrupoId, descripcion, fechaPublicacion) values (230, 277, 'descripción230', '2022-12-20 20:02:30');
insert into publicacionGrupo (publicacionGrupoId, mascotaGrupoId, descripcion, fechaPublicacion) values (231, 230, 'descripción231', '2023-03-13 00:11:14');
insert into publicacionGrupo (publicacionGrupoId, mascotaGrupoId, descripcion, fechaPublicacion) values (232, 76, 'descripción232', '2022-08-08 08:23:02');
insert into publicacionGrupo (publicacionGrupoId, mascotaGrupoId, descripcion, fechaPublicacion) values (233, 294, 'descripción233', '2022-04-01 03:49:36');
insert into publicacionGrupo (publicacionGrupoId, mascotaGrupoId, descripcion, fechaPublicacion) values (234, 173, 'descripción234', '2022-07-19 04:02:51');
insert into publicacionGrupo (publicacionGrupoId, mascotaGrupoId, descripcion, fechaPublicacion) values (235, 26, 'descripción235', '2023-06-16 02:27:36');
insert into publicacionGrupo (publicacionGrupoId, mascotaGrupoId, descripcion, fechaPublicacion) values (236, 160, 'descripción236', '2023-06-02 06:12:12');
insert into publicacionGrupo (publicacionGrupoId, mascotaGrupoId, descripcion, fechaPublicacion) values (237, 271, 'descripción237', '2022-04-22 07:40:00');
insert into publicacionGrupo (publicacionGrupoId, mascotaGrupoId, descripcion, fechaPublicacion) values (238, 271, 'descripción238', '2022-12-23 01:21:28');
insert into publicacionGrupo (publicacionGrupoId, mascotaGrupoId, descripcion, fechaPublicacion) values (239, 268, 'descripción239', '2022-03-16 01:19:07');
insert into publicacionGrupo (publicacionGrupoId, mascotaGrupoId, descripcion, fechaPublicacion) values (240, 41, 'descripción240', '2022-02-22 02:52:57');
insert into publicacionGrupo (publicacionGrupoId, mascotaGrupoId, descripcion, fechaPublicacion) values (241, 70, 'descripción241', '2022-09-18 09:14:56');
insert into publicacionGrupo (publicacionGrupoId, mascotaGrupoId, descripcion, fechaPublicacion) values (242, 30, 'descripción242', '2022-07-11 07:12:43');
insert into publicacionGrupo (publicacionGrupoId, mascotaGrupoId, descripcion, fechaPublicacion) values (243, 49, 'descripción243', '2022-02-09 01:59:11');
insert into publicacionGrupo (publicacionGrupoId, mascotaGrupoId, descripcion, fechaPublicacion) values (244, 263, 'descripción244', '2022-03-11 00:25:10');
insert into publicacionGrupo (publicacionGrupoId, mascotaGrupoId, descripcion, fechaPublicacion) values (245, 183, 'descripción245', '2023-07-17 06:17:59');
insert into publicacionGrupo (publicacionGrupoId, mascotaGrupoId, descripcion, fechaPublicacion) values (246, 288, 'descripción246', '2023-08-07 10:56:50');
insert into publicacionGrupo (publicacionGrupoId, mascotaGrupoId, descripcion, fechaPublicacion) values (247, 172, 'descripción247', '2023-04-20 07:44:11');
insert into publicacionGrupo (publicacionGrupoId, mascotaGrupoId, descripcion, fechaPublicacion) values (248, 7, 'descripción248', '2022-05-24 23:32:03');
insert into publicacionGrupo (publicacionGrupoId, mascotaGrupoId, descripcion, fechaPublicacion) values (249, 137, 'descripción249', '2023-01-21 13:06:45');
insert into publicacionGrupo (publicacionGrupoId, mascotaGrupoId, descripcion, fechaPublicacion) values (250, 222, 'descripción250', '2023-03-14 21:23:20');
insert into publicacionGrupo (publicacionGrupoId, mascotaGrupoId, descripcion, fechaPublicacion) values (251, 60, 'descripción251', '2022-05-28 22:15:17');
insert into publicacionGrupo (publicacionGrupoId, mascotaGrupoId, descripcion, fechaPublicacion) values (252, 56, 'descripción252', '2022-05-30 02:43:28');
insert into publicacionGrupo (publicacionGrupoId, mascotaGrupoId, descripcion, fechaPublicacion) values (253, 78, 'descripción253', '2023-12-20 08:34:47');
insert into publicacionGrupo (publicacionGrupoId, mascotaGrupoId, descripcion, fechaPublicacion) values (254, 291, 'descripción254', '2022-01-14 22:02:41');
insert into publicacionGrupo (publicacionGrupoId, mascotaGrupoId, descripcion, fechaPublicacion) values (255, 71, 'descripción255', '2022-04-02 05:17:42');
insert into publicacionGrupo (publicacionGrupoId, mascotaGrupoId, descripcion, fechaPublicacion) values (256, 29, 'descripción256', '2023-02-06 13:16:16');
insert into publicacionGrupo (publicacionGrupoId, mascotaGrupoId, descripcion, fechaPublicacion) values (257, 4, 'descripción257', '2022-02-07 08:55:23');
insert into publicacionGrupo (publicacionGrupoId, mascotaGrupoId, descripcion, fechaPublicacion) values (258, 271, 'descripción258', '2023-09-06 15:25:01');
insert into publicacionGrupo (publicacionGrupoId, mascotaGrupoId, descripcion, fechaPublicacion) values (259, 107, 'descripción259', '2023-08-29 12:54:31');
insert into publicacionGrupo (publicacionGrupoId, mascotaGrupoId, descripcion, fechaPublicacion) values (260, 86, 'descripción260', '2023-06-15 18:01:35');
insert into publicacionGrupo (publicacionGrupoId, mascotaGrupoId, descripcion, fechaPublicacion) values (261, 88, 'descripción261', '2022-04-15 14:54:02');
insert into publicacionGrupo (publicacionGrupoId, mascotaGrupoId, descripcion, fechaPublicacion) values (262, 44, 'descripción262', '2022-06-25 05:30:00');
insert into publicacionGrupo (publicacionGrupoId, mascotaGrupoId, descripcion, fechaPublicacion) values (263, 171, 'descripción263', '2023-11-22 09:56:51');
insert into publicacionGrupo (publicacionGrupoId, mascotaGrupoId, descripcion, fechaPublicacion) values (264, 59, 'descripción264', '2022-07-01 14:28:11');
insert into publicacionGrupo (publicacionGrupoId, mascotaGrupoId, descripcion, fechaPublicacion) values (265, 182, 'descripción265', '2022-07-12 05:40:16');
insert into publicacionGrupo (publicacionGrupoId, mascotaGrupoId, descripcion, fechaPublicacion) values (266, 79, 'descripción266', '2023-12-28 21:40:42');
insert into publicacionGrupo (publicacionGrupoId, mascotaGrupoId, descripcion, fechaPublicacion) values (267, 21, 'descripción267', '2022-04-28 16:22:26');
insert into publicacionGrupo (publicacionGrupoId, mascotaGrupoId, descripcion, fechaPublicacion) values (268, 32, 'descripción268', '2022-09-28 19:49:32');
insert into publicacionGrupo (publicacionGrupoId, mascotaGrupoId, descripcion, fechaPublicacion) values (269, 161, 'descripción269', '2022-04-13 02:50:48');
insert into publicacionGrupo (publicacionGrupoId, mascotaGrupoId, descripcion, fechaPublicacion) values (270, 262, 'descripción270', '2023-08-03 11:09:15');
insert into publicacionGrupo (publicacionGrupoId, mascotaGrupoId, descripcion, fechaPublicacion) values (271, 29, 'descripción271', '2023-09-05 14:06:19');
insert into publicacionGrupo (publicacionGrupoId, mascotaGrupoId, descripcion, fechaPublicacion) values (272, 49, 'descripción272', '2022-12-09 06:18:28');
insert into publicacionGrupo (publicacionGrupoId, mascotaGrupoId, descripcion, fechaPublicacion) values (273, 16, 'descripción273', '2023-12-17 03:21:07');
insert into publicacionGrupo (publicacionGrupoId, mascotaGrupoId, descripcion, fechaPublicacion) values (274, 72, 'descripción274', '2022-04-06 04:10:55');
insert into publicacionGrupo (publicacionGrupoId, mascotaGrupoId, descripcion, fechaPublicacion) values (275, 250, 'descripción275', '2023-11-23 13:58:49');
insert into publicacionGrupo (publicacionGrupoId, mascotaGrupoId, descripcion, fechaPublicacion) values (276, 23, 'descripción276', '2023-06-21 12:54:59');
insert into publicacionGrupo (publicacionGrupoId, mascotaGrupoId, descripcion, fechaPublicacion) values (277, 246, 'descripción277', '2023-02-24 10:41:52');
insert into publicacionGrupo (publicacionGrupoId, mascotaGrupoId, descripcion, fechaPublicacion) values (278, 174, 'descripción278', '2023-06-11 02:27:04');
insert into publicacionGrupo (publicacionGrupoId, mascotaGrupoId, descripcion, fechaPublicacion) values (279, 187, 'descripción279', '2022-06-16 07:24:36');
insert into publicacionGrupo (publicacionGrupoId, mascotaGrupoId, descripcion, fechaPublicacion) values (280, 186, 'descripción280', '2023-02-23 06:39:54');
insert into publicacionGrupo (publicacionGrupoId, mascotaGrupoId, descripcion, fechaPublicacion) values (281, 63, 'descripción281', '2023-07-13 07:28:55');
insert into publicacionGrupo (publicacionGrupoId, mascotaGrupoId, descripcion, fechaPublicacion) values (282, 116, 'descripción282', '2022-07-24 00:58:29');
insert into publicacionGrupo (publicacionGrupoId, mascotaGrupoId, descripcion, fechaPublicacion) values (283, 207, 'descripción283', '2023-09-06 16:22:28');
insert into publicacionGrupo (publicacionGrupoId, mascotaGrupoId, descripcion, fechaPublicacion) values (284, 177, 'descripción284', '2022-01-13 08:54:31');
insert into publicacionGrupo (publicacionGrupoId, mascotaGrupoId, descripcion, fechaPublicacion) values (285, 23, 'descripción285', '2023-08-18 15:56:25');
insert into publicacionGrupo (publicacionGrupoId, mascotaGrupoId, descripcion, fechaPublicacion) values (286, 58, 'descripción286', '2022-09-18 09:49:34');
insert into publicacionGrupo (publicacionGrupoId, mascotaGrupoId, descripcion, fechaPublicacion) values (287, 281, 'descripción287', '2023-09-12 14:42:56');
insert into publicacionGrupo (publicacionGrupoId, mascotaGrupoId, descripcion, fechaPublicacion) values (288, 235, 'descripción288', '2023-10-18 02:42:10');
insert into publicacionGrupo (publicacionGrupoId, mascotaGrupoId, descripcion, fechaPublicacion) values (289, 147, 'descripción289', '2022-01-19 01:20:56');
insert into publicacionGrupo (publicacionGrupoId, mascotaGrupoId, descripcion, fechaPublicacion) values (290, 147, 'descripción290', '2023-06-02 23:46:49');
insert into publicacionGrupo (publicacionGrupoId, mascotaGrupoId, descripcion, fechaPublicacion) values (291, 185, 'descripción291', '2023-02-12 08:06:39');
insert into publicacionGrupo (publicacionGrupoId, mascotaGrupoId, descripcion, fechaPublicacion) values (292, 114, 'descripción292', '2023-09-01 10:46:16');
insert into publicacionGrupo (publicacionGrupoId, mascotaGrupoId, descripcion, fechaPublicacion) values (293, 25, 'descripción293', '2022-02-09 19:08:29');
insert into publicacionGrupo (publicacionGrupoId, mascotaGrupoId, descripcion, fechaPublicacion) values (294, 260, 'descripción294', '2022-12-07 00:43:45');
insert into publicacionGrupo (publicacionGrupoId, mascotaGrupoId, descripcion, fechaPublicacion) values (295, 86, 'descripción295', '2023-04-15 20:38:15');
insert into publicacionGrupo (publicacionGrupoId, mascotaGrupoId, descripcion, fechaPublicacion) values (296, 37, 'descripción296', '2023-12-17 18:37:53');
insert into publicacionGrupo (publicacionGrupoId, mascotaGrupoId, descripcion, fechaPublicacion) values (297, 63, 'descripción297', '2023-03-03 07:22:05');
insert into publicacionGrupo (publicacionGrupoId, mascotaGrupoId, descripcion, fechaPublicacion) values (298, 78, 'descripción298', '2022-11-20 10:44:03');
insert into publicacionGrupo (publicacionGrupoId, mascotaGrupoId, descripcion, fechaPublicacion) values (299, 175, 'descripción299', '2023-08-14 08:40:33');
insert into publicacionGrupo (publicacionGrupoId, mascotaGrupoId, descripcion, fechaPublicacion) values (300, 207, 'descripción300', '2022-06-02 17:05:05');

-- Datos multimediaGrupo
insert into multimediaGrupo (multimediaGrupoId, publicacionGrupoId, url) values (1, 1, 'http://dummyimage.com/117x100.png/ff4444/ffffff');
insert into multimediaGrupo (multimediaGrupoId, publicacionGrupoId, url) values (2, 2, 'http://dummyimage.com/143x100.png/5fa2dd/ffffff');
insert into multimediaGrupo (multimediaGrupoId, publicacionGrupoId, url) values (3, 3, 'http://dummyimage.com/216x100.png/ff4444/ffffff');
insert into multimediaGrupo (multimediaGrupoId, publicacionGrupoId, url) values (4, 4, 'http://dummyimage.com/170x100.png/cc0000/ffffff');
insert into multimediaGrupo (multimediaGrupoId, publicacionGrupoId, url) values (5, 5, 'http://dummyimage.com/131x100.png/5fa2dd/ffffff');
insert into multimediaGrupo (multimediaGrupoId, publicacionGrupoId, url) values (6, 6, 'http://dummyimage.com/172x100.png/cc0000/ffffff');
insert into multimediaGrupo (multimediaGrupoId, publicacionGrupoId, url) values (7, 7, 'http://dummyimage.com/190x100.png/dddddd/000000');
insert into multimediaGrupo (multimediaGrupoId, publicacionGrupoId, url) values (8, 8, 'http://dummyimage.com/211x100.png/dddddd/000000');
insert into multimediaGrupo (multimediaGrupoId, publicacionGrupoId, url) values (9, 9, 'http://dummyimage.com/111x100.png/5fa2dd/ffffff');
insert into multimediaGrupo (multimediaGrupoId, publicacionGrupoId, url) values (10, 10, 'http://dummyimage.com/215x100.png/ff4444/ffffff');
insert into multimediaGrupo (multimediaGrupoId, publicacionGrupoId, url) values (11, 11, 'http://dummyimage.com/199x100.png/dddddd/000000');
insert into multimediaGrupo (multimediaGrupoId, publicacionGrupoId, url) values (12, 12, 'http://dummyimage.com/241x100.png/ff4444/ffffff');
insert into multimediaGrupo (multimediaGrupoId, publicacionGrupoId, url) values (13, 13, 'http://dummyimage.com/182x100.png/dddddd/000000');
insert into multimediaGrupo (multimediaGrupoId, publicacionGrupoId, url) values (14, 14, 'http://dummyimage.com/107x100.png/ff4444/ffffff');
insert into multimediaGrupo (multimediaGrupoId, publicacionGrupoId, url) values (15, 15, 'http://dummyimage.com/238x100.png/5fa2dd/ffffff');
insert into multimediaGrupo (multimediaGrupoId, publicacionGrupoId, url) values (16, 16, 'http://dummyimage.com/103x100.png/ff4444/ffffff');
insert into multimediaGrupo (multimediaGrupoId, publicacionGrupoId, url) values (17, 17, 'http://dummyimage.com/166x100.png/5fa2dd/ffffff');
insert into multimediaGrupo (multimediaGrupoId, publicacionGrupoId, url) values (18, 18, 'http://dummyimage.com/123x100.png/dddddd/000000');
insert into multimediaGrupo (multimediaGrupoId, publicacionGrupoId, url) values (19, 19, 'http://dummyimage.com/133x100.png/ff4444/ffffff');
insert into multimediaGrupo (multimediaGrupoId, publicacionGrupoId, url) values (20, 20, 'http://dummyimage.com/122x100.png/dddddd/000000');
insert into multimediaGrupo (multimediaGrupoId, publicacionGrupoId, url) values (21, 21, 'http://dummyimage.com/194x100.png/ff4444/ffffff');
insert into multimediaGrupo (multimediaGrupoId, publicacionGrupoId, url) values (22, 22, 'http://dummyimage.com/188x100.png/5fa2dd/ffffff');
insert into multimediaGrupo (multimediaGrupoId, publicacionGrupoId, url) values (23, 23, 'http://dummyimage.com/186x100.png/5fa2dd/ffffff');
insert into multimediaGrupo (multimediaGrupoId, publicacionGrupoId, url) values (24, 24, 'http://dummyimage.com/244x100.png/cc0000/ffffff');
insert into multimediaGrupo (multimediaGrupoId, publicacionGrupoId, url) values (25, 25, 'http://dummyimage.com/244x100.png/5fa2dd/ffffff');
insert into multimediaGrupo (multimediaGrupoId, publicacionGrupoId, url) values (26, 26, 'http://dummyimage.com/135x100.png/cc0000/ffffff');
insert into multimediaGrupo (multimediaGrupoId, publicacionGrupoId, url) values (27, 27, 'http://dummyimage.com/151x100.png/ff4444/ffffff');
insert into multimediaGrupo (multimediaGrupoId, publicacionGrupoId, url) values (28, 28, 'http://dummyimage.com/242x100.png/dddddd/000000');
insert into multimediaGrupo (multimediaGrupoId, publicacionGrupoId, url) values (29, 29, 'http://dummyimage.com/101x100.png/ff4444/ffffff');
insert into multimediaGrupo (multimediaGrupoId, publicacionGrupoId, url) values (30, 30, 'http://dummyimage.com/118x100.png/5fa2dd/ffffff');
insert into multimediaGrupo (multimediaGrupoId, publicacionGrupoId, url) values (31, 31, 'http://dummyimage.com/198x100.png/dddddd/000000');
insert into multimediaGrupo (multimediaGrupoId, publicacionGrupoId, url) values (32, 32, 'http://dummyimage.com/190x100.png/cc0000/ffffff');
insert into multimediaGrupo (multimediaGrupoId, publicacionGrupoId, url) values (33, 33, 'http://dummyimage.com/250x100.png/dddddd/000000');
insert into multimediaGrupo (multimediaGrupoId, publicacionGrupoId, url) values (34, 34, 'http://dummyimage.com/194x100.png/dddddd/000000');
insert into multimediaGrupo (multimediaGrupoId, publicacionGrupoId, url) values (35, 35, 'http://dummyimage.com/195x100.png/ff4444/ffffff');
insert into multimediaGrupo (multimediaGrupoId, publicacionGrupoId, url) values (36, 36, 'http://dummyimage.com/130x100.png/cc0000/ffffff');
insert into multimediaGrupo (multimediaGrupoId, publicacionGrupoId, url) values (37, 37, 'http://dummyimage.com/241x100.png/cc0000/ffffff');
insert into multimediaGrupo (multimediaGrupoId, publicacionGrupoId, url) values (38, 38, 'http://dummyimage.com/152x100.png/5fa2dd/ffffff');
insert into multimediaGrupo (multimediaGrupoId, publicacionGrupoId, url) values (39, 39, 'http://dummyimage.com/123x100.png/5fa2dd/ffffff');
insert into multimediaGrupo (multimediaGrupoId, publicacionGrupoId, url) values (40, 40, 'http://dummyimage.com/105x100.png/5fa2dd/ffffff');
insert into multimediaGrupo (multimediaGrupoId, publicacionGrupoId, url) values (41, 41, 'http://dummyimage.com/101x100.png/cc0000/ffffff');
insert into multimediaGrupo (multimediaGrupoId, publicacionGrupoId, url) values (42, 42, 'http://dummyimage.com/182x100.png/cc0000/ffffff');
insert into multimediaGrupo (multimediaGrupoId, publicacionGrupoId, url) values (43, 43, 'http://dummyimage.com/241x100.png/5fa2dd/ffffff');
insert into multimediaGrupo (multimediaGrupoId, publicacionGrupoId, url) values (44, 44, 'http://dummyimage.com/102x100.png/dddddd/000000');
insert into multimediaGrupo (multimediaGrupoId, publicacionGrupoId, url) values (45, 45, 'http://dummyimage.com/205x100.png/dddddd/000000');
insert into multimediaGrupo (multimediaGrupoId, publicacionGrupoId, url) values (46, 46, 'http://dummyimage.com/155x100.png/5fa2dd/ffffff');
insert into multimediaGrupo (multimediaGrupoId, publicacionGrupoId, url) values (47, 47, 'http://dummyimage.com/188x100.png/5fa2dd/ffffff');
insert into multimediaGrupo (multimediaGrupoId, publicacionGrupoId, url) values (48, 48, 'http://dummyimage.com/190x100.png/ff4444/ffffff');
insert into multimediaGrupo (multimediaGrupoId, publicacionGrupoId, url) values (49, 49, 'http://dummyimage.com/182x100.png/cc0000/ffffff');
insert into multimediaGrupo (multimediaGrupoId, publicacionGrupoId, url) values (50, 50, 'http://dummyimage.com/165x100.png/dddddd/000000');
insert into multimediaGrupo (multimediaGrupoId, publicacionGrupoId, url) values (51, 51, 'http://dummyimage.com/130x100.png/dddddd/000000');
insert into multimediaGrupo (multimediaGrupoId, publicacionGrupoId, url) values (52, 52, 'http://dummyimage.com/136x100.png/ff4444/ffffff');
insert into multimediaGrupo (multimediaGrupoId, publicacionGrupoId, url) values (53, 53, 'http://dummyimage.com/114x100.png/5fa2dd/ffffff');
insert into multimediaGrupo (multimediaGrupoId, publicacionGrupoId, url) values (54, 54, 'http://dummyimage.com/182x100.png/dddddd/000000');
insert into multimediaGrupo (multimediaGrupoId, publicacionGrupoId, url) values (55, 55, 'http://dummyimage.com/185x100.png/ff4444/ffffff');
insert into multimediaGrupo (multimediaGrupoId, publicacionGrupoId, url) values (56, 56, 'http://dummyimage.com/121x100.png/cc0000/ffffff');
insert into multimediaGrupo (multimediaGrupoId, publicacionGrupoId, url) values (57, 57, 'http://dummyimage.com/167x100.png/ff4444/ffffff');
insert into multimediaGrupo (multimediaGrupoId, publicacionGrupoId, url) values (58, 58, 'http://dummyimage.com/196x100.png/ff4444/ffffff');
insert into multimediaGrupo (multimediaGrupoId, publicacionGrupoId, url) values (59, 59, 'http://dummyimage.com/122x100.png/5fa2dd/ffffff');
insert into multimediaGrupo (multimediaGrupoId, publicacionGrupoId, url) values (60, 60, 'http://dummyimage.com/152x100.png/ff4444/ffffff');
insert into multimediaGrupo (multimediaGrupoId, publicacionGrupoId, url) values (61, 61, 'http://dummyimage.com/159x100.png/ff4444/ffffff');
insert into multimediaGrupo (multimediaGrupoId, publicacionGrupoId, url) values (62, 62, 'http://dummyimage.com/216x100.png/ff4444/ffffff');
insert into multimediaGrupo (multimediaGrupoId, publicacionGrupoId, url) values (63, 63, 'http://dummyimage.com/210x100.png/5fa2dd/ffffff');
insert into multimediaGrupo (multimediaGrupoId, publicacionGrupoId, url) values (64, 64, 'http://dummyimage.com/239x100.png/dddddd/000000');
insert into multimediaGrupo (multimediaGrupoId, publicacionGrupoId, url) values (65, 65, 'http://dummyimage.com/170x100.png/ff4444/ffffff');
insert into multimediaGrupo (multimediaGrupoId, publicacionGrupoId, url) values (66, 66, 'http://dummyimage.com/108x100.png/5fa2dd/ffffff');
insert into multimediaGrupo (multimediaGrupoId, publicacionGrupoId, url) values (67, 67, 'http://dummyimage.com/165x100.png/ff4444/ffffff');
insert into multimediaGrupo (multimediaGrupoId, publicacionGrupoId, url) values (68, 68, 'http://dummyimage.com/155x100.png/dddddd/000000');
insert into multimediaGrupo (multimediaGrupoId, publicacionGrupoId, url) values (69, 69, 'http://dummyimage.com/199x100.png/ff4444/ffffff');
insert into multimediaGrupo (multimediaGrupoId, publicacionGrupoId, url) values (70, 70, 'http://dummyimage.com/111x100.png/ff4444/ffffff');
insert into multimediaGrupo (multimediaGrupoId, publicacionGrupoId, url) values (71, 71, 'http://dummyimage.com/135x100.png/5fa2dd/ffffff');
insert into multimediaGrupo (multimediaGrupoId, publicacionGrupoId, url) values (72, 72, 'http://dummyimage.com/122x100.png/cc0000/ffffff');
insert into multimediaGrupo (multimediaGrupoId, publicacionGrupoId, url) values (73, 73, 'http://dummyimage.com/105x100.png/5fa2dd/ffffff');
insert into multimediaGrupo (multimediaGrupoId, publicacionGrupoId, url) values (74, 74, 'http://dummyimage.com/100x100.png/dddddd/000000');
insert into multimediaGrupo (multimediaGrupoId, publicacionGrupoId, url) values (75, 75, 'http://dummyimage.com/206x100.png/ff4444/ffffff');
insert into multimediaGrupo (multimediaGrupoId, publicacionGrupoId, url) values (76, 76, 'http://dummyimage.com/205x100.png/ff4444/ffffff');
insert into multimediaGrupo (multimediaGrupoId, publicacionGrupoId, url) values (77, 77, 'http://dummyimage.com/102x100.png/cc0000/ffffff');
insert into multimediaGrupo (multimediaGrupoId, publicacionGrupoId, url) values (78, 78, 'http://dummyimage.com/194x100.png/ff4444/ffffff');
insert into multimediaGrupo (multimediaGrupoId, publicacionGrupoId, url) values (79, 79, 'http://dummyimage.com/174x100.png/dddddd/000000');
insert into multimediaGrupo (multimediaGrupoId, publicacionGrupoId, url) values (80, 80, 'http://dummyimage.com/187x100.png/dddddd/000000');
insert into multimediaGrupo (multimediaGrupoId, publicacionGrupoId, url) values (81, 81, 'http://dummyimage.com/201x100.png/ff4444/ffffff');
insert into multimediaGrupo (multimediaGrupoId, publicacionGrupoId, url) values (82, 82, 'http://dummyimage.com/198x100.png/ff4444/ffffff');
insert into multimediaGrupo (multimediaGrupoId, publicacionGrupoId, url) values (83, 83, 'http://dummyimage.com/227x100.png/cc0000/ffffff');
insert into multimediaGrupo (multimediaGrupoId, publicacionGrupoId, url) values (84, 84, 'http://dummyimage.com/104x100.png/cc0000/ffffff');
insert into multimediaGrupo (multimediaGrupoId, publicacionGrupoId, url) values (85, 85, 'http://dummyimage.com/151x100.png/ff4444/ffffff');
insert into multimediaGrupo (multimediaGrupoId, publicacionGrupoId, url) values (86, 86, 'http://dummyimage.com/219x100.png/5fa2dd/ffffff');
insert into multimediaGrupo (multimediaGrupoId, publicacionGrupoId, url) values (87, 87, 'http://dummyimage.com/123x100.png/ff4444/ffffff');
insert into multimediaGrupo (multimediaGrupoId, publicacionGrupoId, url) values (88, 88, 'http://dummyimage.com/140x100.png/ff4444/ffffff');
insert into multimediaGrupo (multimediaGrupoId, publicacionGrupoId, url) values (89, 89, 'http://dummyimage.com/113x100.png/5fa2dd/ffffff');
insert into multimediaGrupo (multimediaGrupoId, publicacionGrupoId, url) values (90, 90, 'http://dummyimage.com/201x100.png/5fa2dd/ffffff');
insert into multimediaGrupo (multimediaGrupoId, publicacionGrupoId, url) values (91, 91, 'http://dummyimage.com/207x100.png/5fa2dd/ffffff');
insert into multimediaGrupo (multimediaGrupoId, publicacionGrupoId, url) values (92, 92, 'http://dummyimage.com/201x100.png/ff4444/ffffff');
insert into multimediaGrupo (multimediaGrupoId, publicacionGrupoId, url) values (93, 93, 'http://dummyimage.com/250x100.png/5fa2dd/ffffff');
insert into multimediaGrupo (multimediaGrupoId, publicacionGrupoId, url) values (94, 94, 'http://dummyimage.com/184x100.png/ff4444/ffffff');
insert into multimediaGrupo (multimediaGrupoId, publicacionGrupoId, url) values (95, 95, 'http://dummyimage.com/223x100.png/dddddd/000000');
insert into multimediaGrupo (multimediaGrupoId, publicacionGrupoId, url) values (96, 96, 'http://dummyimage.com/202x100.png/dddddd/000000');
insert into multimediaGrupo (multimediaGrupoId, publicacionGrupoId, url) values (97, 97, 'http://dummyimage.com/198x100.png/ff4444/ffffff');
insert into multimediaGrupo (multimediaGrupoId, publicacionGrupoId, url) values (98, 98, 'http://dummyimage.com/228x100.png/5fa2dd/ffffff');
insert into multimediaGrupo (multimediaGrupoId, publicacionGrupoId, url) values (99, 99, 'http://dummyimage.com/123x100.png/5fa2dd/ffffff');
insert into multimediaGrupo (multimediaGrupoId, publicacionGrupoId, url) values (100, 100, 'http://dummyimage.com/169x100.png/ff4444/ffffff');
insert into multimediaGrupo (multimediaGrupoId, publicacionGrupoId, url) values (101, 101, 'http://dummyimage.com/220x100.png/ff4444/ffffff');
insert into multimediaGrupo (multimediaGrupoId, publicacionGrupoId, url) values (102, 102, 'http://dummyimage.com/172x100.png/cc0000/ffffff');
insert into multimediaGrupo (multimediaGrupoId, publicacionGrupoId, url) values (103, 103, 'http://dummyimage.com/100x100.png/ff4444/ffffff');
insert into multimediaGrupo (multimediaGrupoId, publicacionGrupoId, url) values (104, 104, 'http://dummyimage.com/239x100.png/5fa2dd/ffffff');
insert into multimediaGrupo (multimediaGrupoId, publicacionGrupoId, url) values (105, 105, 'http://dummyimage.com/100x100.png/cc0000/ffffff');
insert into multimediaGrupo (multimediaGrupoId, publicacionGrupoId, url) values (106, 106, 'http://dummyimage.com/138x100.png/ff4444/ffffff');
insert into multimediaGrupo (multimediaGrupoId, publicacionGrupoId, url) values (107, 107, 'http://dummyimage.com/238x100.png/ff4444/ffffff');
insert into multimediaGrupo (multimediaGrupoId, publicacionGrupoId, url) values (108, 108, 'http://dummyimage.com/222x100.png/5fa2dd/ffffff');
insert into multimediaGrupo (multimediaGrupoId, publicacionGrupoId, url) values (109, 109, 'http://dummyimage.com/209x100.png/ff4444/ffffff');
insert into multimediaGrupo (multimediaGrupoId, publicacionGrupoId, url) values (110, 110, 'http://dummyimage.com/120x100.png/5fa2dd/ffffff');
insert into multimediaGrupo (multimediaGrupoId, publicacionGrupoId, url) values (111, 111, 'http://dummyimage.com/181x100.png/cc0000/ffffff');
insert into multimediaGrupo (multimediaGrupoId, publicacionGrupoId, url) values (112, 112, 'http://dummyimage.com/211x100.png/5fa2dd/ffffff');
insert into multimediaGrupo (multimediaGrupoId, publicacionGrupoId, url) values (113, 113, 'http://dummyimage.com/199x100.png/ff4444/ffffff');
insert into multimediaGrupo (multimediaGrupoId, publicacionGrupoId, url) values (114, 114, 'http://dummyimage.com/152x100.png/5fa2dd/ffffff');
insert into multimediaGrupo (multimediaGrupoId, publicacionGrupoId, url) values (115, 115, 'http://dummyimage.com/236x100.png/5fa2dd/ffffff');
insert into multimediaGrupo (multimediaGrupoId, publicacionGrupoId, url) values (116, 116, 'http://dummyimage.com/142x100.png/cc0000/ffffff');
insert into multimediaGrupo (multimediaGrupoId, publicacionGrupoId, url) values (117, 117, 'http://dummyimage.com/249x100.png/ff4444/ffffff');
insert into multimediaGrupo (multimediaGrupoId, publicacionGrupoId, url) values (118, 118, 'http://dummyimage.com/187x100.png/dddddd/000000');
insert into multimediaGrupo (multimediaGrupoId, publicacionGrupoId, url) values (119, 119, 'http://dummyimage.com/105x100.png/5fa2dd/ffffff');
insert into multimediaGrupo (multimediaGrupoId, publicacionGrupoId, url) values (120, 120, 'http://dummyimage.com/228x100.png/5fa2dd/ffffff');
insert into multimediaGrupo (multimediaGrupoId, publicacionGrupoId, url) values (121, 121, 'http://dummyimage.com/115x100.png/ff4444/ffffff');
insert into multimediaGrupo (multimediaGrupoId, publicacionGrupoId, url) values (122, 122, 'http://dummyimage.com/119x100.png/dddddd/000000');
insert into multimediaGrupo (multimediaGrupoId, publicacionGrupoId, url) values (123, 123, 'http://dummyimage.com/211x100.png/5fa2dd/ffffff');
insert into multimediaGrupo (multimediaGrupoId, publicacionGrupoId, url) values (124, 124, 'http://dummyimage.com/141x100.png/ff4444/ffffff');
insert into multimediaGrupo (multimediaGrupoId, publicacionGrupoId, url) values (125, 125, 'http://dummyimage.com/116x100.png/dddddd/000000');
insert into multimediaGrupo (multimediaGrupoId, publicacionGrupoId, url) values (126, 126, 'http://dummyimage.com/209x100.png/5fa2dd/ffffff');
insert into multimediaGrupo (multimediaGrupoId, publicacionGrupoId, url) values (127, 127, 'http://dummyimage.com/229x100.png/ff4444/ffffff');
insert into multimediaGrupo (multimediaGrupoId, publicacionGrupoId, url) values (128, 128, 'http://dummyimage.com/169x100.png/dddddd/000000');
insert into multimediaGrupo (multimediaGrupoId, publicacionGrupoId, url) values (129, 129, 'http://dummyimage.com/115x100.png/cc0000/ffffff');
insert into multimediaGrupo (multimediaGrupoId, publicacionGrupoId, url) values (130, 130, 'http://dummyimage.com/214x100.png/5fa2dd/ffffff');
insert into multimediaGrupo (multimediaGrupoId, publicacionGrupoId, url) values (131, 131, 'http://dummyimage.com/140x100.png/cc0000/ffffff');
insert into multimediaGrupo (multimediaGrupoId, publicacionGrupoId, url) values (132, 132, 'http://dummyimage.com/210x100.png/cc0000/ffffff');
insert into multimediaGrupo (multimediaGrupoId, publicacionGrupoId, url) values (133, 133, 'http://dummyimage.com/158x100.png/dddddd/000000');
insert into multimediaGrupo (multimediaGrupoId, publicacionGrupoId, url) values (134, 134, 'http://dummyimage.com/118x100.png/dddddd/000000');
insert into multimediaGrupo (multimediaGrupoId, publicacionGrupoId, url) values (135, 135, 'http://dummyimage.com/127x100.png/dddddd/000000');
insert into multimediaGrupo (multimediaGrupoId, publicacionGrupoId, url) values (136, 136, 'http://dummyimage.com/175x100.png/5fa2dd/ffffff');
insert into multimediaGrupo (multimediaGrupoId, publicacionGrupoId, url) values (137, 137, 'http://dummyimage.com/140x100.png/5fa2dd/ffffff');
insert into multimediaGrupo (multimediaGrupoId, publicacionGrupoId, url) values (138, 138, 'http://dummyimage.com/207x100.png/cc0000/ffffff');
insert into multimediaGrupo (multimediaGrupoId, publicacionGrupoId, url) values (139, 139, 'http://dummyimage.com/166x100.png/ff4444/ffffff');
insert into multimediaGrupo (multimediaGrupoId, publicacionGrupoId, url) values (140, 140, 'http://dummyimage.com/183x100.png/cc0000/ffffff');
insert into multimediaGrupo (multimediaGrupoId, publicacionGrupoId, url) values (141, 141, 'http://dummyimage.com/201x100.png/5fa2dd/ffffff');
insert into multimediaGrupo (multimediaGrupoId, publicacionGrupoId, url) values (142, 142, 'http://dummyimage.com/236x100.png/ff4444/ffffff');
insert into multimediaGrupo (multimediaGrupoId, publicacionGrupoId, url) values (143, 143, 'http://dummyimage.com/171x100.png/dddddd/000000');
insert into multimediaGrupo (multimediaGrupoId, publicacionGrupoId, url) values (144, 144, 'http://dummyimage.com/207x100.png/ff4444/ffffff');
insert into multimediaGrupo (multimediaGrupoId, publicacionGrupoId, url) values (145, 145, 'http://dummyimage.com/127x100.png/dddddd/000000');
insert into multimediaGrupo (multimediaGrupoId, publicacionGrupoId, url) values (146, 146, 'http://dummyimage.com/109x100.png/ff4444/ffffff');
insert into multimediaGrupo (multimediaGrupoId, publicacionGrupoId, url) values (147, 147, 'http://dummyimage.com/142x100.png/5fa2dd/ffffff');
insert into multimediaGrupo (multimediaGrupoId, publicacionGrupoId, url) values (148, 148, 'http://dummyimage.com/242x100.png/ff4444/ffffff');
insert into multimediaGrupo (multimediaGrupoId, publicacionGrupoId, url) values (149, 149, 'http://dummyimage.com/123x100.png/5fa2dd/ffffff');
insert into multimediaGrupo (multimediaGrupoId, publicacionGrupoId, url) values (150, 150, 'http://dummyimage.com/144x100.png/ff4444/ffffff');
insert into multimediaGrupo (multimediaGrupoId, publicacionGrupoId, url) values (151, 151, 'http://dummyimage.com/111x100.png/cc0000/ffffff');
insert into multimediaGrupo (multimediaGrupoId, publicacionGrupoId, url) values (152, 152, 'http://dummyimage.com/127x100.png/cc0000/ffffff');
insert into multimediaGrupo (multimediaGrupoId, publicacionGrupoId, url) values (153, 153, 'http://dummyimage.com/228x100.png/5fa2dd/ffffff');
insert into multimediaGrupo (multimediaGrupoId, publicacionGrupoId, url) values (154, 154, 'http://dummyimage.com/187x100.png/dddddd/000000');
insert into multimediaGrupo (multimediaGrupoId, publicacionGrupoId, url) values (155, 155, 'http://dummyimage.com/196x100.png/5fa2dd/ffffff');
insert into multimediaGrupo (multimediaGrupoId, publicacionGrupoId, url) values (156, 156, 'http://dummyimage.com/249x100.png/ff4444/ffffff');
insert into multimediaGrupo (multimediaGrupoId, publicacionGrupoId, url) values (157, 157, 'http://dummyimage.com/153x100.png/cc0000/ffffff');
insert into multimediaGrupo (multimediaGrupoId, publicacionGrupoId, url) values (158, 158, 'http://dummyimage.com/187x100.png/5fa2dd/ffffff');
insert into multimediaGrupo (multimediaGrupoId, publicacionGrupoId, url) values (159, 159, 'http://dummyimage.com/227x100.png/cc0000/ffffff');
insert into multimediaGrupo (multimediaGrupoId, publicacionGrupoId, url) values (160, 160, 'http://dummyimage.com/178x100.png/ff4444/ffffff');
insert into multimediaGrupo (multimediaGrupoId, publicacionGrupoId, url) values (161, 161, 'http://dummyimage.com/108x100.png/cc0000/ffffff');
insert into multimediaGrupo (multimediaGrupoId, publicacionGrupoId, url) values (162, 162, 'http://dummyimage.com/131x100.png/cc0000/ffffff');
insert into multimediaGrupo (multimediaGrupoId, publicacionGrupoId, url) values (163, 163, 'http://dummyimage.com/130x100.png/5fa2dd/ffffff');
insert into multimediaGrupo (multimediaGrupoId, publicacionGrupoId, url) values (164, 164, 'http://dummyimage.com/220x100.png/5fa2dd/ffffff');
insert into multimediaGrupo (multimediaGrupoId, publicacionGrupoId, url) values (165, 165, 'http://dummyimage.com/133x100.png/5fa2dd/ffffff');
insert into multimediaGrupo (multimediaGrupoId, publicacionGrupoId, url) values (166, 166, 'http://dummyimage.com/196x100.png/ff4444/ffffff');
insert into multimediaGrupo (multimediaGrupoId, publicacionGrupoId, url) values (167, 167, 'http://dummyimage.com/152x100.png/5fa2dd/ffffff');
insert into multimediaGrupo (multimediaGrupoId, publicacionGrupoId, url) values (168, 168, 'http://dummyimage.com/213x100.png/ff4444/ffffff');
insert into multimediaGrupo (multimediaGrupoId, publicacionGrupoId, url) values (169, 169, 'http://dummyimage.com/209x100.png/ff4444/ffffff');
insert into multimediaGrupo (multimediaGrupoId, publicacionGrupoId, url) values (170, 170, 'http://dummyimage.com/209x100.png/cc0000/ffffff');
insert into multimediaGrupo (multimediaGrupoId, publicacionGrupoId, url) values (171, 171, 'http://dummyimage.com/247x100.png/dddddd/000000');
insert into multimediaGrupo (multimediaGrupoId, publicacionGrupoId, url) values (172, 172, 'http://dummyimage.com/219x100.png/cc0000/ffffff');
insert into multimediaGrupo (multimediaGrupoId, publicacionGrupoId, url) values (173, 173, 'http://dummyimage.com/136x100.png/5fa2dd/ffffff');
insert into multimediaGrupo (multimediaGrupoId, publicacionGrupoId, url) values (174, 174, 'http://dummyimage.com/126x100.png/ff4444/ffffff');
insert into multimediaGrupo (multimediaGrupoId, publicacionGrupoId, url) values (175, 175, 'http://dummyimage.com/113x100.png/ff4444/ffffff');
insert into multimediaGrupo (multimediaGrupoId, publicacionGrupoId, url) values (176, 176, 'http://dummyimage.com/130x100.png/ff4444/ffffff');
insert into multimediaGrupo (multimediaGrupoId, publicacionGrupoId, url) values (177, 177, 'http://dummyimage.com/201x100.png/dddddd/000000');
insert into multimediaGrupo (multimediaGrupoId, publicacionGrupoId, url) values (178, 178, 'http://dummyimage.com/140x100.png/5fa2dd/ffffff');
insert into multimediaGrupo (multimediaGrupoId, publicacionGrupoId, url) values (179, 179, 'http://dummyimage.com/188x100.png/cc0000/ffffff');
insert into multimediaGrupo (multimediaGrupoId, publicacionGrupoId, url) values (180, 180, 'http://dummyimage.com/131x100.png/5fa2dd/ffffff');
insert into multimediaGrupo (multimediaGrupoId, publicacionGrupoId, url) values (181, 181, 'http://dummyimage.com/185x100.png/dddddd/000000');
insert into multimediaGrupo (multimediaGrupoId, publicacionGrupoId, url) values (182, 182, 'http://dummyimage.com/197x100.png/ff4444/ffffff');
insert into multimediaGrupo (multimediaGrupoId, publicacionGrupoId, url) values (183, 183, 'http://dummyimage.com/225x100.png/cc0000/ffffff');
insert into multimediaGrupo (multimediaGrupoId, publicacionGrupoId, url) values (184, 184, 'http://dummyimage.com/169x100.png/5fa2dd/ffffff');
insert into multimediaGrupo (multimediaGrupoId, publicacionGrupoId, url) values (185, 185, 'http://dummyimage.com/199x100.png/cc0000/ffffff');
insert into multimediaGrupo (multimediaGrupoId, publicacionGrupoId, url) values (186, 186, 'http://dummyimage.com/205x100.png/ff4444/ffffff');
insert into multimediaGrupo (multimediaGrupoId, publicacionGrupoId, url) values (187, 187, 'http://dummyimage.com/146x100.png/ff4444/ffffff');
insert into multimediaGrupo (multimediaGrupoId, publicacionGrupoId, url) values (188, 188, 'http://dummyimage.com/170x100.png/ff4444/ffffff');
insert into multimediaGrupo (multimediaGrupoId, publicacionGrupoId, url) values (189, 189, 'http://dummyimage.com/243x100.png/dddddd/000000');
insert into multimediaGrupo (multimediaGrupoId, publicacionGrupoId, url) values (190, 190, 'http://dummyimage.com/208x100.png/5fa2dd/ffffff');
insert into multimediaGrupo (multimediaGrupoId, publicacionGrupoId, url) values (191, 191, 'http://dummyimage.com/179x100.png/5fa2dd/ffffff');
insert into multimediaGrupo (multimediaGrupoId, publicacionGrupoId, url) values (192, 192, 'http://dummyimage.com/219x100.png/5fa2dd/ffffff');
insert into multimediaGrupo (multimediaGrupoId, publicacionGrupoId, url) values (193, 193, 'http://dummyimage.com/162x100.png/cc0000/ffffff');
insert into multimediaGrupo (multimediaGrupoId, publicacionGrupoId, url) values (194, 194, 'http://dummyimage.com/182x100.png/dddddd/000000');
insert into multimediaGrupo (multimediaGrupoId, publicacionGrupoId, url) values (195, 195, 'http://dummyimage.com/141x100.png/dddddd/000000');
insert into multimediaGrupo (multimediaGrupoId, publicacionGrupoId, url) values (196, 196, 'http://dummyimage.com/237x100.png/5fa2dd/ffffff');
insert into multimediaGrupo (multimediaGrupoId, publicacionGrupoId, url) values (197, 197, 'http://dummyimage.com/199x100.png/dddddd/000000');
insert into multimediaGrupo (multimediaGrupoId, publicacionGrupoId, url) values (198, 198, 'http://dummyimage.com/116x100.png/ff4444/ffffff');
insert into multimediaGrupo (multimediaGrupoId, publicacionGrupoId, url) values (199, 199, 'http://dummyimage.com/220x100.png/ff4444/ffffff');
insert into multimediaGrupo (multimediaGrupoId, publicacionGrupoId, url) values (200, 200, 'http://dummyimage.com/198x100.png/ff4444/ffffff');
insert into multimediaGrupo (multimediaGrupoId, publicacionGrupoId, url) values (201, 201, 'http://dummyimage.com/196x100.png/dddddd/000000');
insert into multimediaGrupo (multimediaGrupoId, publicacionGrupoId, url) values (202, 202, 'http://dummyimage.com/181x100.png/cc0000/ffffff');
insert into multimediaGrupo (multimediaGrupoId, publicacionGrupoId, url) values (203, 203, 'http://dummyimage.com/160x100.png/cc0000/ffffff');
insert into multimediaGrupo (multimediaGrupoId, publicacionGrupoId, url) values (204, 204, 'http://dummyimage.com/206x100.png/ff4444/ffffff');
insert into multimediaGrupo (multimediaGrupoId, publicacionGrupoId, url) values (205, 205, 'http://dummyimage.com/204x100.png/cc0000/ffffff');
insert into multimediaGrupo (multimediaGrupoId, publicacionGrupoId, url) values (206, 206, 'http://dummyimage.com/148x100.png/cc0000/ffffff');
insert into multimediaGrupo (multimediaGrupoId, publicacionGrupoId, url) values (207, 207, 'http://dummyimage.com/218x100.png/ff4444/ffffff');
insert into multimediaGrupo (multimediaGrupoId, publicacionGrupoId, url) values (208, 208, 'http://dummyimage.com/136x100.png/5fa2dd/ffffff');
insert into multimediaGrupo (multimediaGrupoId, publicacionGrupoId, url) values (209, 209, 'http://dummyimage.com/245x100.png/cc0000/ffffff');
insert into multimediaGrupo (multimediaGrupoId, publicacionGrupoId, url) values (210, 210, 'http://dummyimage.com/194x100.png/ff4444/ffffff');
insert into multimediaGrupo (multimediaGrupoId, publicacionGrupoId, url) values (211, 211, 'http://dummyimage.com/208x100.png/dddddd/000000');
insert into multimediaGrupo (multimediaGrupoId, publicacionGrupoId, url) values (212, 212, 'http://dummyimage.com/126x100.png/dddddd/000000');
insert into multimediaGrupo (multimediaGrupoId, publicacionGrupoId, url) values (213, 213, 'http://dummyimage.com/106x100.png/cc0000/ffffff');
insert into multimediaGrupo (multimediaGrupoId, publicacionGrupoId, url) values (214, 214, 'http://dummyimage.com/250x100.png/ff4444/ffffff');
insert into multimediaGrupo (multimediaGrupoId, publicacionGrupoId, url) values (215, 215, 'http://dummyimage.com/184x100.png/dddddd/000000');
insert into multimediaGrupo (multimediaGrupoId, publicacionGrupoId, url) values (216, 216, 'http://dummyimage.com/167x100.png/ff4444/ffffff');
insert into multimediaGrupo (multimediaGrupoId, publicacionGrupoId, url) values (217, 217, 'http://dummyimage.com/164x100.png/cc0000/ffffff');
insert into multimediaGrupo (multimediaGrupoId, publicacionGrupoId, url) values (218, 218, 'http://dummyimage.com/177x100.png/ff4444/ffffff');
insert into multimediaGrupo (multimediaGrupoId, publicacionGrupoId, url) values (219, 219, 'http://dummyimage.com/115x100.png/5fa2dd/ffffff');
insert into multimediaGrupo (multimediaGrupoId, publicacionGrupoId, url) values (220, 220, 'http://dummyimage.com/168x100.png/ff4444/ffffff');
insert into multimediaGrupo (multimediaGrupoId, publicacionGrupoId, url) values (221, 221, 'http://dummyimage.com/204x100.png/dddddd/000000');
insert into multimediaGrupo (multimediaGrupoId, publicacionGrupoId, url) values (222, 222, 'http://dummyimage.com/139x100.png/ff4444/ffffff');
insert into multimediaGrupo (multimediaGrupoId, publicacionGrupoId, url) values (223, 223, 'http://dummyimage.com/188x100.png/5fa2dd/ffffff');
insert into multimediaGrupo (multimediaGrupoId, publicacionGrupoId, url) values (224, 224, 'http://dummyimage.com/247x100.png/cc0000/ffffff');
insert into multimediaGrupo (multimediaGrupoId, publicacionGrupoId, url) values (225, 225, 'http://dummyimage.com/200x100.png/5fa2dd/ffffff');
insert into multimediaGrupo (multimediaGrupoId, publicacionGrupoId, url) values (226, 226, 'http://dummyimage.com/146x100.png/ff4444/ffffff');
insert into multimediaGrupo (multimediaGrupoId, publicacionGrupoId, url) values (227, 227, 'http://dummyimage.com/182x100.png/cc0000/ffffff');
insert into multimediaGrupo (multimediaGrupoId, publicacionGrupoId, url) values (228, 228, 'http://dummyimage.com/233x100.png/5fa2dd/ffffff');
insert into multimediaGrupo (multimediaGrupoId, publicacionGrupoId, url) values (229, 229, 'http://dummyimage.com/234x100.png/dddddd/000000');
insert into multimediaGrupo (multimediaGrupoId, publicacionGrupoId, url) values (230, 230, 'http://dummyimage.com/186x100.png/5fa2dd/ffffff');
insert into multimediaGrupo (multimediaGrupoId, publicacionGrupoId, url) values (231, 231, 'http://dummyimage.com/120x100.png/ff4444/ffffff');
insert into multimediaGrupo (multimediaGrupoId, publicacionGrupoId, url) values (232, 232, 'http://dummyimage.com/158x100.png/dddddd/000000');
insert into multimediaGrupo (multimediaGrupoId, publicacionGrupoId, url) values (233, 233, 'http://dummyimage.com/231x100.png/5fa2dd/ffffff');
insert into multimediaGrupo (multimediaGrupoId, publicacionGrupoId, url) values (234, 234, 'http://dummyimage.com/160x100.png/5fa2dd/ffffff');
insert into multimediaGrupo (multimediaGrupoId, publicacionGrupoId, url) values (235, 235, 'http://dummyimage.com/168x100.png/cc0000/ffffff');
insert into multimediaGrupo (multimediaGrupoId, publicacionGrupoId, url) values (236, 236, 'http://dummyimage.com/172x100.png/cc0000/ffffff');
insert into multimediaGrupo (multimediaGrupoId, publicacionGrupoId, url) values (237, 237, 'http://dummyimage.com/187x100.png/5fa2dd/ffffff');
insert into multimediaGrupo (multimediaGrupoId, publicacionGrupoId, url) values (238, 238, 'http://dummyimage.com/118x100.png/cc0000/ffffff');
insert into multimediaGrupo (multimediaGrupoId, publicacionGrupoId, url) values (239, 239, 'http://dummyimage.com/166x100.png/5fa2dd/ffffff');
insert into multimediaGrupo (multimediaGrupoId, publicacionGrupoId, url) values (240, 240, 'http://dummyimage.com/199x100.png/5fa2dd/ffffff');
insert into multimediaGrupo (multimediaGrupoId, publicacionGrupoId, url) values (241, 241, 'http://dummyimage.com/216x100.png/ff4444/ffffff');
insert into multimediaGrupo (multimediaGrupoId, publicacionGrupoId, url) values (242, 242, 'http://dummyimage.com/176x100.png/cc0000/ffffff');
insert into multimediaGrupo (multimediaGrupoId, publicacionGrupoId, url) values (243, 243, 'http://dummyimage.com/183x100.png/cc0000/ffffff');
insert into multimediaGrupo (multimediaGrupoId, publicacionGrupoId, url) values (244, 244, 'http://dummyimage.com/245x100.png/5fa2dd/ffffff');
insert into multimediaGrupo (multimediaGrupoId, publicacionGrupoId, url) values (245, 245, 'http://dummyimage.com/123x100.png/5fa2dd/ffffff');
insert into multimediaGrupo (multimediaGrupoId, publicacionGrupoId, url) values (246, 246, 'http://dummyimage.com/219x100.png/ff4444/ffffff');
insert into multimediaGrupo (multimediaGrupoId, publicacionGrupoId, url) values (247, 247, 'http://dummyimage.com/147x100.png/5fa2dd/ffffff');
insert into multimediaGrupo (multimediaGrupoId, publicacionGrupoId, url) values (248, 248, 'http://dummyimage.com/114x100.png/cc0000/ffffff');
insert into multimediaGrupo (multimediaGrupoId, publicacionGrupoId, url) values (249, 249, 'http://dummyimage.com/199x100.png/5fa2dd/ffffff');
insert into multimediaGrupo (multimediaGrupoId, publicacionGrupoId, url) values (250, 250, 'http://dummyimage.com/129x100.png/ff4444/ffffff');
insert into multimediaGrupo (multimediaGrupoId, publicacionGrupoId, url) values (251, 251, 'http://dummyimage.com/244x100.png/cc0000/ffffff');
insert into multimediaGrupo (multimediaGrupoId, publicacionGrupoId, url) values (252, 252, 'http://dummyimage.com/150x100.png/cc0000/ffffff');
insert into multimediaGrupo (multimediaGrupoId, publicacionGrupoId, url) values (253, 253, 'http://dummyimage.com/200x100.png/dddddd/000000');
insert into multimediaGrupo (multimediaGrupoId, publicacionGrupoId, url) values (254, 254, 'http://dummyimage.com/140x100.png/cc0000/ffffff');
insert into multimediaGrupo (multimediaGrupoId, publicacionGrupoId, url) values (255, 255, 'http://dummyimage.com/183x100.png/5fa2dd/ffffff');
insert into multimediaGrupo (multimediaGrupoId, publicacionGrupoId, url) values (256, 256, 'http://dummyimage.com/109x100.png/cc0000/ffffff');
insert into multimediaGrupo (multimediaGrupoId, publicacionGrupoId, url) values (257, 257, 'http://dummyimage.com/140x100.png/cc0000/ffffff');
insert into multimediaGrupo (multimediaGrupoId, publicacionGrupoId, url) values (258, 258, 'http://dummyimage.com/184x100.png/5fa2dd/ffffff');
insert into multimediaGrupo (multimediaGrupoId, publicacionGrupoId, url) values (259, 259, 'http://dummyimage.com/219x100.png/cc0000/ffffff');
insert into multimediaGrupo (multimediaGrupoId, publicacionGrupoId, url) values (260, 260, 'http://dummyimage.com/114x100.png/dddddd/000000');
insert into multimediaGrupo (multimediaGrupoId, publicacionGrupoId, url) values (261, 261, 'http://dummyimage.com/108x100.png/ff4444/ffffff');
insert into multimediaGrupo (multimediaGrupoId, publicacionGrupoId, url) values (262, 262, 'http://dummyimage.com/250x100.png/dddddd/000000');
insert into multimediaGrupo (multimediaGrupoId, publicacionGrupoId, url) values (263, 263, 'http://dummyimage.com/151x100.png/5fa2dd/ffffff');
insert into multimediaGrupo (multimediaGrupoId, publicacionGrupoId, url) values (264, 264, 'http://dummyimage.com/121x100.png/cc0000/ffffff');
insert into multimediaGrupo (multimediaGrupoId, publicacionGrupoId, url) values (265, 265, 'http://dummyimage.com/173x100.png/5fa2dd/ffffff');
insert into multimediaGrupo (multimediaGrupoId, publicacionGrupoId, url) values (266, 266, 'http://dummyimage.com/185x100.png/5fa2dd/ffffff');
insert into multimediaGrupo (multimediaGrupoId, publicacionGrupoId, url) values (267, 267, 'http://dummyimage.com/164x100.png/5fa2dd/ffffff');
insert into multimediaGrupo (multimediaGrupoId, publicacionGrupoId, url) values (268, 268, 'http://dummyimage.com/215x100.png/cc0000/ffffff');
insert into multimediaGrupo (multimediaGrupoId, publicacionGrupoId, url) values (269, 269, 'http://dummyimage.com/171x100.png/cc0000/ffffff');
insert into multimediaGrupo (multimediaGrupoId, publicacionGrupoId, url) values (270, 270, 'http://dummyimage.com/106x100.png/dddddd/000000');
insert into multimediaGrupo (multimediaGrupoId, publicacionGrupoId, url) values (271, 271, 'http://dummyimage.com/249x100.png/dddddd/000000');
insert into multimediaGrupo (multimediaGrupoId, publicacionGrupoId, url) values (272, 272, 'http://dummyimage.com/137x100.png/cc0000/ffffff');
insert into multimediaGrupo (multimediaGrupoId, publicacionGrupoId, url) values (273, 273, 'http://dummyimage.com/237x100.png/cc0000/ffffff');
insert into multimediaGrupo (multimediaGrupoId, publicacionGrupoId, url) values (274, 274, 'http://dummyimage.com/175x100.png/dddddd/000000');
insert into multimediaGrupo (multimediaGrupoId, publicacionGrupoId, url) values (275, 275, 'http://dummyimage.com/143x100.png/ff4444/ffffff');
insert into multimediaGrupo (multimediaGrupoId, publicacionGrupoId, url) values (276, 276, 'http://dummyimage.com/216x100.png/ff4444/ffffff');
insert into multimediaGrupo (multimediaGrupoId, publicacionGrupoId, url) values (277, 277, 'http://dummyimage.com/134x100.png/cc0000/ffffff');
insert into multimediaGrupo (multimediaGrupoId, publicacionGrupoId, url) values (278, 278, 'http://dummyimage.com/192x100.png/5fa2dd/ffffff');
insert into multimediaGrupo (multimediaGrupoId, publicacionGrupoId, url) values (279, 279, 'http://dummyimage.com/178x100.png/dddddd/000000');
insert into multimediaGrupo (multimediaGrupoId, publicacionGrupoId, url) values (280, 280, 'http://dummyimage.com/243x100.png/dddddd/000000');
insert into multimediaGrupo (multimediaGrupoId, publicacionGrupoId, url) values (281, 281, 'http://dummyimage.com/174x100.png/ff4444/ffffff');
insert into multimediaGrupo (multimediaGrupoId, publicacionGrupoId, url) values (282, 282, 'http://dummyimage.com/149x100.png/cc0000/ffffff');
insert into multimediaGrupo (multimediaGrupoId, publicacionGrupoId, url) values (283, 283, 'http://dummyimage.com/102x100.png/ff4444/ffffff');
insert into multimediaGrupo (multimediaGrupoId, publicacionGrupoId, url) values (284, 284, 'http://dummyimage.com/179x100.png/dddddd/000000');
insert into multimediaGrupo (multimediaGrupoId, publicacionGrupoId, url) values (285, 285, 'http://dummyimage.com/117x100.png/5fa2dd/ffffff');
insert into multimediaGrupo (multimediaGrupoId, publicacionGrupoId, url) values (286, 286, 'http://dummyimage.com/105x100.png/dddddd/000000');
insert into multimediaGrupo (multimediaGrupoId, publicacionGrupoId, url) values (287, 287, 'http://dummyimage.com/132x100.png/cc0000/ffffff');
insert into multimediaGrupo (multimediaGrupoId, publicacionGrupoId, url) values (288, 288, 'http://dummyimage.com/138x100.png/ff4444/ffffff');
insert into multimediaGrupo (multimediaGrupoId, publicacionGrupoId, url) values (289, 289, 'http://dummyimage.com/156x100.png/cc0000/ffffff');
insert into multimediaGrupo (multimediaGrupoId, publicacionGrupoId, url) values (290, 290, 'http://dummyimage.com/154x100.png/5fa2dd/ffffff');
insert into multimediaGrupo (multimediaGrupoId, publicacionGrupoId, url) values (291, 291, 'http://dummyimage.com/233x100.png/dddddd/000000');
insert into multimediaGrupo (multimediaGrupoId, publicacionGrupoId, url) values (292, 292, 'http://dummyimage.com/162x100.png/dddddd/000000');
insert into multimediaGrupo (multimediaGrupoId, publicacionGrupoId, url) values (293, 293, 'http://dummyimage.com/143x100.png/dddddd/000000');
insert into multimediaGrupo (multimediaGrupoId, publicacionGrupoId, url) values (294, 294, 'http://dummyimage.com/240x100.png/dddddd/000000');
insert into multimediaGrupo (multimediaGrupoId, publicacionGrupoId, url) values (295, 295, 'http://dummyimage.com/205x100.png/cc0000/ffffff');
insert into multimediaGrupo (multimediaGrupoId, publicacionGrupoId, url) values (296, 296, 'http://dummyimage.com/102x100.png/cc0000/ffffff');
insert into multimediaGrupo (multimediaGrupoId, publicacionGrupoId, url) values (297, 297, 'http://dummyimage.com/230x100.png/ff4444/ffffff');
insert into multimediaGrupo (multimediaGrupoId, publicacionGrupoId, url) values (298, 298, 'http://dummyimage.com/128x100.png/ff4444/ffffff');
insert into multimediaGrupo (multimediaGrupoId, publicacionGrupoId, url) values (299, 299, 'http://dummyimage.com/102x100.png/dddddd/000000');
insert into multimediaGrupo (multimediaGrupoId, publicacionGrupoId, url) values (300, 300, 'http://dummyimage.com/145x100.png/ff4444/ffffff');

-- Datos reaccionPublicacionGrupo
insert into reaccionPublicacionGrupo (reaccionPublicacionGrupoId, publicacionGrupoId, mascotaId, tipoReaccion, fechaReaccion) values (1, 23, 1, 'Me entristece', '2022-11-16 08:58:08');
insert into reaccionPublicacionGrupo (reaccionPublicacionGrupoId, publicacionGrupoId, mascotaId, tipoReaccion, fechaReaccion) values (2, 228, 2, 'Me encanta', '2023-10-16 08:58:54');
insert into reaccionPublicacionGrupo (reaccionPublicacionGrupoId, publicacionGrupoId, mascotaId, tipoReaccion, fechaReaccion) values (3, 124, 3, 'Me enoja', '2023-12-05 20:30:07');
insert into reaccionPublicacionGrupo (reaccionPublicacionGrupoId, publicacionGrupoId, mascotaId, tipoReaccion, fechaReaccion) values (4, 153, 4, 'Me encanta', '2023-03-29 07:36:05');
insert into reaccionPublicacionGrupo (reaccionPublicacionGrupoId, publicacionGrupoId, mascotaId, tipoReaccion, fechaReaccion) values (5, 268, 5, 'Me encanta', '2022-07-13 15:51:27');
insert into reaccionPublicacionGrupo (reaccionPublicacionGrupoId, publicacionGrupoId, mascotaId, tipoReaccion, fechaReaccion) values (6, 15, 6, 'Me enoja', '2023-04-17 10:03:57');
insert into reaccionPublicacionGrupo (reaccionPublicacionGrupoId, publicacionGrupoId, mascotaId, tipoReaccion, fechaReaccion) values (7, 297, 7, 'Me entristece', '2023-07-23 15:32:43');
insert into reaccionPublicacionGrupo (reaccionPublicacionGrupoId, publicacionGrupoId, mascotaId, tipoReaccion, fechaReaccion) values (8, 245, 8, 'Me importa', '2022-03-04 06:24:25');
insert into reaccionPublicacionGrupo (reaccionPublicacionGrupoId, publicacionGrupoId, mascotaId, tipoReaccion, fechaReaccion) values (9, 251, 9, 'Me gusta', '2022-09-01 18:12:53');
insert into reaccionPublicacionGrupo (reaccionPublicacionGrupoId, publicacionGrupoId, mascotaId, tipoReaccion, fechaReaccion) values (10, 262, 10, 'Me importa', '2023-05-16 04:08:33');
insert into reaccionPublicacionGrupo (reaccionPublicacionGrupoId, publicacionGrupoId, mascotaId, tipoReaccion, fechaReaccion) values (11, 77, 11, 'Me divierte', '2022-11-12 02:59:39');
insert into reaccionPublicacionGrupo (reaccionPublicacionGrupoId, publicacionGrupoId, mascotaId, tipoReaccion, fechaReaccion) values (12, 99, 12, 'Me divierte', '2023-04-18 15:06:36');
insert into reaccionPublicacionGrupo (reaccionPublicacionGrupoId, publicacionGrupoId, mascotaId, tipoReaccion, fechaReaccion) values (13, 199, 13, 'Me entristece', '2022-01-28 06:09:21');
insert into reaccionPublicacionGrupo (reaccionPublicacionGrupoId, publicacionGrupoId, mascotaId, tipoReaccion, fechaReaccion) values (14, 114, 14, 'Me entristece', '2022-04-07 15:42:48');
insert into reaccionPublicacionGrupo (reaccionPublicacionGrupoId, publicacionGrupoId, mascotaId, tipoReaccion, fechaReaccion) values (15, 3, 15, 'Me enoja', '2022-06-08 02:12:33');
insert into reaccionPublicacionGrupo (reaccionPublicacionGrupoId, publicacionGrupoId, mascotaId, tipoReaccion, fechaReaccion) values (16, 167, 16, 'Me importa', '2022-06-18 19:43:57');
insert into reaccionPublicacionGrupo (reaccionPublicacionGrupoId, publicacionGrupoId, mascotaId, tipoReaccion, fechaReaccion) values (17, 122, 17, 'Me enoja', '2023-01-17 02:24:56');
insert into reaccionPublicacionGrupo (reaccionPublicacionGrupoId, publicacionGrupoId, mascotaId, tipoReaccion, fechaReaccion) values (18, 96, 18, 'Me importa', '2023-07-18 14:09:55');
insert into reaccionPublicacionGrupo (reaccionPublicacionGrupoId, publicacionGrupoId, mascotaId, tipoReaccion, fechaReaccion) values (19, 45, 19, 'Me entristece', '2023-09-06 14:44:06');
insert into reaccionPublicacionGrupo (reaccionPublicacionGrupoId, publicacionGrupoId, mascotaId, tipoReaccion, fechaReaccion) values (20, 22, 20, 'Me encanta', '2023-03-25 00:03:00');
insert into reaccionPublicacionGrupo (reaccionPublicacionGrupoId, publicacionGrupoId, mascotaId, tipoReaccion, fechaReaccion) values (21, 77, 21, 'Me asombra', '2023-04-10 12:46:53');
insert into reaccionPublicacionGrupo (reaccionPublicacionGrupoId, publicacionGrupoId, mascotaId, tipoReaccion, fechaReaccion) values (22, 68, 22, 'Me encanta', '2022-03-18 06:56:52');
insert into reaccionPublicacionGrupo (reaccionPublicacionGrupoId, publicacionGrupoId, mascotaId, tipoReaccion, fechaReaccion) values (23, 3, 23, 'Me enoja', '2023-03-10 06:31:09');
insert into reaccionPublicacionGrupo (reaccionPublicacionGrupoId, publicacionGrupoId, mascotaId, tipoReaccion, fechaReaccion) values (24, 17, 24, 'Me entristece', '2023-11-20 17:47:19');
insert into reaccionPublicacionGrupo (reaccionPublicacionGrupoId, publicacionGrupoId, mascotaId, tipoReaccion, fechaReaccion) values (25, 189, 25, 'Me entristece', '2023-07-30 17:38:31');
insert into reaccionPublicacionGrupo (reaccionPublicacionGrupoId, publicacionGrupoId, mascotaId, tipoReaccion, fechaReaccion) values (26, 13, 26, 'Me enoja', '2022-07-09 02:06:11');
insert into reaccionPublicacionGrupo (reaccionPublicacionGrupoId, publicacionGrupoId, mascotaId, tipoReaccion, fechaReaccion) values (27, 150, 27, 'Me divierte', '2022-06-09 17:12:13');
insert into reaccionPublicacionGrupo (reaccionPublicacionGrupoId, publicacionGrupoId, mascotaId, tipoReaccion, fechaReaccion) values (28, 291, 28, 'Me importa', '2023-08-14 15:06:44');
insert into reaccionPublicacionGrupo (reaccionPublicacionGrupoId, publicacionGrupoId, mascotaId, tipoReaccion, fechaReaccion) values (29, 200, 29, 'Me enoja', '2022-06-14 15:58:56');
insert into reaccionPublicacionGrupo (reaccionPublicacionGrupoId, publicacionGrupoId, mascotaId, tipoReaccion, fechaReaccion) values (30, 202, 30, 'Me gusta', '2023-09-18 17:57:42');
insert into reaccionPublicacionGrupo (reaccionPublicacionGrupoId, publicacionGrupoId, mascotaId, tipoReaccion, fechaReaccion) values (31, 132, 31, 'Me importa', '2023-05-08 16:16:05');
insert into reaccionPublicacionGrupo (reaccionPublicacionGrupoId, publicacionGrupoId, mascotaId, tipoReaccion, fechaReaccion) values (32, 239, 32, 'Me asombra', '2022-01-25 15:55:43');
insert into reaccionPublicacionGrupo (reaccionPublicacionGrupoId, publicacionGrupoId, mascotaId, tipoReaccion, fechaReaccion) values (33, 66, 33, 'Me entristece', '2023-04-13 00:16:33');
insert into reaccionPublicacionGrupo (reaccionPublicacionGrupoId, publicacionGrupoId, mascotaId, tipoReaccion, fechaReaccion) values (34, 192, 34, 'Me enoja', '2023-04-11 18:28:33');
insert into reaccionPublicacionGrupo (reaccionPublicacionGrupoId, publicacionGrupoId, mascotaId, tipoReaccion, fechaReaccion) values (35, 50, 35, 'Me asombra', '2023-06-21 01:56:21');
insert into reaccionPublicacionGrupo (reaccionPublicacionGrupoId, publicacionGrupoId, mascotaId, tipoReaccion, fechaReaccion) values (36, 81, 36, 'Me encanta', '2023-04-06 03:43:47');
insert into reaccionPublicacionGrupo (reaccionPublicacionGrupoId, publicacionGrupoId, mascotaId, tipoReaccion, fechaReaccion) values (37, 53, 37, 'Me entristece', '2023-06-17 12:02:26');
insert into reaccionPublicacionGrupo (reaccionPublicacionGrupoId, publicacionGrupoId, mascotaId, tipoReaccion, fechaReaccion) values (38, 34, 38, 'Me asombra', '2023-08-03 01:50:25');
insert into reaccionPublicacionGrupo (reaccionPublicacionGrupoId, publicacionGrupoId, mascotaId, tipoReaccion, fechaReaccion) values (39, 265, 39, 'Me entristece', '2022-06-23 14:02:44');
insert into reaccionPublicacionGrupo (reaccionPublicacionGrupoId, publicacionGrupoId, mascotaId, tipoReaccion, fechaReaccion) values (40, 167, 40, 'Me divierte', '2023-04-04 06:40:15');
insert into reaccionPublicacionGrupo (reaccionPublicacionGrupoId, publicacionGrupoId, mascotaId, tipoReaccion, fechaReaccion) values (41, 29, 41, 'Me entristece', '2022-03-11 14:35:26');
insert into reaccionPublicacionGrupo (reaccionPublicacionGrupoId, publicacionGrupoId, mascotaId, tipoReaccion, fechaReaccion) values (42, 29, 42, 'Me encanta', '2023-03-21 17:59:45');
insert into reaccionPublicacionGrupo (reaccionPublicacionGrupoId, publicacionGrupoId, mascotaId, tipoReaccion, fechaReaccion) values (43, 292, 43, 'Me enoja', '2023-05-20 14:13:33');
insert into reaccionPublicacionGrupo (reaccionPublicacionGrupoId, publicacionGrupoId, mascotaId, tipoReaccion, fechaReaccion) values (44, 98, 44, 'Me encanta', '2023-09-13 12:43:58');
insert into reaccionPublicacionGrupo (reaccionPublicacionGrupoId, publicacionGrupoId, mascotaId, tipoReaccion, fechaReaccion) values (45, 98, 45, 'Me gusta', '2022-05-30 06:26:01');
insert into reaccionPublicacionGrupo (reaccionPublicacionGrupoId, publicacionGrupoId, mascotaId, tipoReaccion, fechaReaccion) values (46, 81, 46, 'Me enoja', '2022-08-15 15:25:46');
insert into reaccionPublicacionGrupo (reaccionPublicacionGrupoId, publicacionGrupoId, mascotaId, tipoReaccion, fechaReaccion) values (47, 12, 47, 'Me entristece', '2023-11-06 10:35:43');
insert into reaccionPublicacionGrupo (reaccionPublicacionGrupoId, publicacionGrupoId, mascotaId, tipoReaccion, fechaReaccion) values (48, 266, 48, 'Me enoja', '2022-10-04 15:34:18');
insert into reaccionPublicacionGrupo (reaccionPublicacionGrupoId, publicacionGrupoId, mascotaId, tipoReaccion, fechaReaccion) values (49, 193, 49, 'Me encanta', '2023-07-26 16:06:07');
insert into reaccionPublicacionGrupo (reaccionPublicacionGrupoId, publicacionGrupoId, mascotaId, tipoReaccion, fechaReaccion) values (50, 265, 50, 'Me gusta', '2022-02-07 14:17:23');
insert into reaccionPublicacionGrupo (reaccionPublicacionGrupoId, publicacionGrupoId, mascotaId, tipoReaccion, fechaReaccion) values (51, 139, 51, 'Me encanta', '2022-09-23 16:33:37');
insert into reaccionPublicacionGrupo (reaccionPublicacionGrupoId, publicacionGrupoId, mascotaId, tipoReaccion, fechaReaccion) values (52, 265, 52, 'Me entristece', '2023-12-29 00:47:41');
insert into reaccionPublicacionGrupo (reaccionPublicacionGrupoId, publicacionGrupoId, mascotaId, tipoReaccion, fechaReaccion) values (53, 8, 53, 'Me enoja', '2023-01-02 00:13:08');
insert into reaccionPublicacionGrupo (reaccionPublicacionGrupoId, publicacionGrupoId, mascotaId, tipoReaccion, fechaReaccion) values (54, 212, 54, 'Me gusta', '2023-12-10 07:49:33');
insert into reaccionPublicacionGrupo (reaccionPublicacionGrupoId, publicacionGrupoId, mascotaId, tipoReaccion, fechaReaccion) values (55, 46, 55, 'Me divierte', '2022-06-12 11:37:30');
insert into reaccionPublicacionGrupo (reaccionPublicacionGrupoId, publicacionGrupoId, mascotaId, tipoReaccion, fechaReaccion) values (56, 44, 56, 'Me encanta', '2022-08-23 04:11:16');
insert into reaccionPublicacionGrupo (reaccionPublicacionGrupoId, publicacionGrupoId, mascotaId, tipoReaccion, fechaReaccion) values (57, 237, 57, 'Me enoja', '2023-05-26 14:11:13');
insert into reaccionPublicacionGrupo (reaccionPublicacionGrupoId, publicacionGrupoId, mascotaId, tipoReaccion, fechaReaccion) values (58, 218, 58, 'Me asombra', '2023-10-12 20:03:22');
insert into reaccionPublicacionGrupo (reaccionPublicacionGrupoId, publicacionGrupoId, mascotaId, tipoReaccion, fechaReaccion) values (59, 245, 59, 'Me gusta', '2023-09-28 12:10:52');
insert into reaccionPublicacionGrupo (reaccionPublicacionGrupoId, publicacionGrupoId, mascotaId, tipoReaccion, fechaReaccion) values (60, 90, 60, 'Me asombra', '2022-04-27 18:25:28');
insert into reaccionPublicacionGrupo (reaccionPublicacionGrupoId, publicacionGrupoId, mascotaId, tipoReaccion, fechaReaccion) values (61, 261, 61, 'Me importa', '2023-02-02 08:33:26');
insert into reaccionPublicacionGrupo (reaccionPublicacionGrupoId, publicacionGrupoId, mascotaId, tipoReaccion, fechaReaccion) values (62, 64, 62, 'Me encanta', '2023-12-11 13:21:25');
insert into reaccionPublicacionGrupo (reaccionPublicacionGrupoId, publicacionGrupoId, mascotaId, tipoReaccion, fechaReaccion) values (63, 97, 63, 'Me encanta', '2023-07-26 04:14:32');
insert into reaccionPublicacionGrupo (reaccionPublicacionGrupoId, publicacionGrupoId, mascotaId, tipoReaccion, fechaReaccion) values (64, 4, 64, 'Me importa', '2022-04-29 14:37:19');
insert into reaccionPublicacionGrupo (reaccionPublicacionGrupoId, publicacionGrupoId, mascotaId, tipoReaccion, fechaReaccion) values (65, 126, 65, 'Me entristece', '2022-06-19 23:50:49');
insert into reaccionPublicacionGrupo (reaccionPublicacionGrupoId, publicacionGrupoId, mascotaId, tipoReaccion, fechaReaccion) values (66, 42, 66, 'Me encanta', '2023-10-25 18:41:11');
insert into reaccionPublicacionGrupo (reaccionPublicacionGrupoId, publicacionGrupoId, mascotaId, tipoReaccion, fechaReaccion) values (67, 123, 67, 'Me importa', '2023-03-07 18:00:17');
insert into reaccionPublicacionGrupo (reaccionPublicacionGrupoId, publicacionGrupoId, mascotaId, tipoReaccion, fechaReaccion) values (68, 184, 68, 'Me importa', '2023-08-19 00:30:20');
insert into reaccionPublicacionGrupo (reaccionPublicacionGrupoId, publicacionGrupoId, mascotaId, tipoReaccion, fechaReaccion) values (69, 263, 69, 'Me gusta', '2022-11-05 13:52:49');
insert into reaccionPublicacionGrupo (reaccionPublicacionGrupoId, publicacionGrupoId, mascotaId, tipoReaccion, fechaReaccion) values (70, 191, 70, 'Me divierte', '2022-02-06 20:02:50');
insert into reaccionPublicacionGrupo (reaccionPublicacionGrupoId, publicacionGrupoId, mascotaId, tipoReaccion, fechaReaccion) values (71, 20, 71, 'Me importa', '2023-07-08 17:36:01');
insert into reaccionPublicacionGrupo (reaccionPublicacionGrupoId, publicacionGrupoId, mascotaId, tipoReaccion, fechaReaccion) values (72, 244, 72, 'Me enoja', '2022-06-22 14:47:05');
insert into reaccionPublicacionGrupo (reaccionPublicacionGrupoId, publicacionGrupoId, mascotaId, tipoReaccion, fechaReaccion) values (73, 101, 73, 'Me entristece', '2023-01-26 00:25:46');
insert into reaccionPublicacionGrupo (reaccionPublicacionGrupoId, publicacionGrupoId, mascotaId, tipoReaccion, fechaReaccion) values (74, 285, 74, 'Me enoja', '2022-02-08 15:04:42');
insert into reaccionPublicacionGrupo (reaccionPublicacionGrupoId, publicacionGrupoId, mascotaId, tipoReaccion, fechaReaccion) values (75, 128, 75, 'Me entristece', '2023-01-01 04:23:14');
insert into reaccionPublicacionGrupo (reaccionPublicacionGrupoId, publicacionGrupoId, mascotaId, tipoReaccion, fechaReaccion) values (76, 258, 76, 'Me divierte', '2023-08-26 14:29:25');
insert into reaccionPublicacionGrupo (reaccionPublicacionGrupoId, publicacionGrupoId, mascotaId, tipoReaccion, fechaReaccion) values (77, 206, 77, 'Me gusta', '2022-09-06 18:24:08');
insert into reaccionPublicacionGrupo (reaccionPublicacionGrupoId, publicacionGrupoId, mascotaId, tipoReaccion, fechaReaccion) values (78, 123, 78, 'Me asombra', '2022-09-02 01:04:08');
insert into reaccionPublicacionGrupo (reaccionPublicacionGrupoId, publicacionGrupoId, mascotaId, tipoReaccion, fechaReaccion) values (79, 263, 79, 'Me divierte', '2022-09-18 17:10:16');
insert into reaccionPublicacionGrupo (reaccionPublicacionGrupoId, publicacionGrupoId, mascotaId, tipoReaccion, fechaReaccion) values (80, 142, 80, 'Me importa', '2022-02-03 04:21:00');
insert into reaccionPublicacionGrupo (reaccionPublicacionGrupoId, publicacionGrupoId, mascotaId, tipoReaccion, fechaReaccion) values (81, 66, 81, 'Me entristece', '2023-10-30 09:31:31');
insert into reaccionPublicacionGrupo (reaccionPublicacionGrupoId, publicacionGrupoId, mascotaId, tipoReaccion, fechaReaccion) values (82, 25, 82, 'Me enoja', '2023-12-29 18:37:08');
insert into reaccionPublicacionGrupo (reaccionPublicacionGrupoId, publicacionGrupoId, mascotaId, tipoReaccion, fechaReaccion) values (83, 170, 83, 'Me divierte', '2023-08-14 09:09:32');
insert into reaccionPublicacionGrupo (reaccionPublicacionGrupoId, publicacionGrupoId, mascotaId, tipoReaccion, fechaReaccion) values (84, 159, 84, 'Me divierte', '2022-05-28 12:40:31');
insert into reaccionPublicacionGrupo (reaccionPublicacionGrupoId, publicacionGrupoId, mascotaId, tipoReaccion, fechaReaccion) values (85, 167, 85, 'Me enoja', '2022-04-07 00:13:05');
insert into reaccionPublicacionGrupo (reaccionPublicacionGrupoId, publicacionGrupoId, mascotaId, tipoReaccion, fechaReaccion) values (86, 166, 86, 'Me asombra', '2022-08-11 21:35:53');
insert into reaccionPublicacionGrupo (reaccionPublicacionGrupoId, publicacionGrupoId, mascotaId, tipoReaccion, fechaReaccion) values (87, 11, 87, 'Me asombra', '2022-04-18 20:30:03');
insert into reaccionPublicacionGrupo (reaccionPublicacionGrupoId, publicacionGrupoId, mascotaId, tipoReaccion, fechaReaccion) values (88, 251, 88, 'Me divierte', '2023-10-03 21:24:12');
insert into reaccionPublicacionGrupo (reaccionPublicacionGrupoId, publicacionGrupoId, mascotaId, tipoReaccion, fechaReaccion) values (89, 247, 89, 'Me enoja', '2023-09-17 20:31:12');
insert into reaccionPublicacionGrupo (reaccionPublicacionGrupoId, publicacionGrupoId, mascotaId, tipoReaccion, fechaReaccion) values (90, 67, 90, 'Me divierte', '2023-06-14 19:40:17');
insert into reaccionPublicacionGrupo (reaccionPublicacionGrupoId, publicacionGrupoId, mascotaId, tipoReaccion, fechaReaccion) values (91, 109, 91, 'Me enoja', '2023-11-01 20:13:56');
insert into reaccionPublicacionGrupo (reaccionPublicacionGrupoId, publicacionGrupoId, mascotaId, tipoReaccion, fechaReaccion) values (92, 297, 92, 'Me asombra', '2023-07-07 17:04:13');
insert into reaccionPublicacionGrupo (reaccionPublicacionGrupoId, publicacionGrupoId, mascotaId, tipoReaccion, fechaReaccion) values (93, 108, 93, 'Me gusta', '2023-05-21 04:05:36');
insert into reaccionPublicacionGrupo (reaccionPublicacionGrupoId, publicacionGrupoId, mascotaId, tipoReaccion, fechaReaccion) values (94, 147, 94, 'Me gusta', '2022-12-25 16:49:18');
insert into reaccionPublicacionGrupo (reaccionPublicacionGrupoId, publicacionGrupoId, mascotaId, tipoReaccion, fechaReaccion) values (95, 173, 95, 'Me enoja', '2022-10-22 06:28:51');
insert into reaccionPublicacionGrupo (reaccionPublicacionGrupoId, publicacionGrupoId, mascotaId, tipoReaccion, fechaReaccion) values (96, 10, 96, 'Me divierte', '2022-01-06 18:56:40');
insert into reaccionPublicacionGrupo (reaccionPublicacionGrupoId, publicacionGrupoId, mascotaId, tipoReaccion, fechaReaccion) values (97, 276, 97, 'Me asombra', '2023-10-02 16:37:48');
insert into reaccionPublicacionGrupo (reaccionPublicacionGrupoId, publicacionGrupoId, mascotaId, tipoReaccion, fechaReaccion) values (98, 280, 98, 'Me entristece', '2022-04-23 01:23:34');
insert into reaccionPublicacionGrupo (reaccionPublicacionGrupoId, publicacionGrupoId, mascotaId, tipoReaccion, fechaReaccion) values (99, 231, 99, 'Me importa', '2022-12-06 10:07:25');
insert into reaccionPublicacionGrupo (reaccionPublicacionGrupoId, publicacionGrupoId, mascotaId, tipoReaccion, fechaReaccion) values (100, 221, 100, 'Me gusta', '2023-01-28 13:42:02');

-- Datos comentarioPublicacionGrupo
insert into comentarioPublicacionGrupo (comentarioPublicacionGrupoId, publicacionGrupoId, mascotaId, contenido, fechaComentario) values (1, 22, 84, 'comentario 1', '2023-03-21 06:23:06');
insert into comentarioPublicacionGrupo (comentarioPublicacionGrupoId, publicacionGrupoId, mascotaId, contenido, fechaComentario) values (2, 12, 20, 'comentario 2', '2023-12-20 22:03:21');
insert into comentarioPublicacionGrupo (comentarioPublicacionGrupoId, publicacionGrupoId, mascotaId, contenido, fechaComentario) values (3, 68, 45, 'comentario 3', '2023-10-02 09:51:20');
insert into comentarioPublicacionGrupo (comentarioPublicacionGrupoId, publicacionGrupoId, mascotaId, contenido, fechaComentario) values (4, 24, 79, 'comentario 4', '2023-08-16 02:35:47');
insert into comentarioPublicacionGrupo (comentarioPublicacionGrupoId, publicacionGrupoId, mascotaId, contenido, fechaComentario) values (5, 23, 68, 'comentario 5', '2023-06-21 15:27:05');
insert into comentarioPublicacionGrupo (comentarioPublicacionGrupoId, publicacionGrupoId, mascotaId, contenido, fechaComentario) values (6, 10, 2, 'comentario 6', '2022-08-07 04:44:37');
insert into comentarioPublicacionGrupo (comentarioPublicacionGrupoId, publicacionGrupoId, mascotaId, contenido, fechaComentario) values (7, 92, 57, 'comentario 7', '2022-05-18 12:59:50');
insert into comentarioPublicacionGrupo (comentarioPublicacionGrupoId, publicacionGrupoId, mascotaId, contenido, fechaComentario) values (8, 38, 83, 'comentario 8', '2022-11-12 10:22:40');
insert into comentarioPublicacionGrupo (comentarioPublicacionGrupoId, publicacionGrupoId, mascotaId, contenido, fechaComentario) values (9, 15, 20, 'comentario 9', '2023-11-30 18:51:58');
insert into comentarioPublicacionGrupo (comentarioPublicacionGrupoId, publicacionGrupoId, mascotaId, contenido, fechaComentario) values (10, 80, 46, 'comentario 10', '2023-12-08 15:50:18');
insert into comentarioPublicacionGrupo (comentarioPublicacionGrupoId, publicacionGrupoId, mascotaId, contenido, fechaComentario) values (11, 81, 27, 'comentario 11', '2023-07-31 16:48:59');
insert into comentarioPublicacionGrupo (comentarioPublicacionGrupoId, publicacionGrupoId, mascotaId, contenido, fechaComentario) values (12, 11, 81, 'comentario 12', '2022-07-17 17:22:11');
insert into comentarioPublicacionGrupo (comentarioPublicacionGrupoId, publicacionGrupoId, mascotaId, contenido, fechaComentario) values (13, 61, 57, 'comentario 13', '2022-03-19 09:09:35');
insert into comentarioPublicacionGrupo (comentarioPublicacionGrupoId, publicacionGrupoId, mascotaId, contenido, fechaComentario) values (14, 4, 100, 'comentario 14', '2023-11-02 16:09:24');
insert into comentarioPublicacionGrupo (comentarioPublicacionGrupoId, publicacionGrupoId, mascotaId, contenido, fechaComentario) values (15, 78, 80, 'comentario 15', '2022-01-04 14:41:11');
insert into comentarioPublicacionGrupo (comentarioPublicacionGrupoId, publicacionGrupoId, mascotaId, contenido, fechaComentario) values (16, 23, 44, 'comentario 16', '2022-04-28 03:24:54');
insert into comentarioPublicacionGrupo (comentarioPublicacionGrupoId, publicacionGrupoId, mascotaId, contenido, fechaComentario) values (17, 42, 85, 'comentario 17', '2023-12-25 20:19:43');
insert into comentarioPublicacionGrupo (comentarioPublicacionGrupoId, publicacionGrupoId, mascotaId, contenido, fechaComentario) values (18, 95, 60, 'comentario 18', '2023-07-13 21:31:09');
insert into comentarioPublicacionGrupo (comentarioPublicacionGrupoId, publicacionGrupoId, mascotaId, contenido, fechaComentario) values (19, 38, 79, 'comentario 19', '2023-11-24 03:38:41');
insert into comentarioPublicacionGrupo (comentarioPublicacionGrupoId, publicacionGrupoId, mascotaId, contenido, fechaComentario) values (20, 89, 71, 'comentario 20', '2022-05-25 23:58:24');
insert into comentarioPublicacionGrupo (comentarioPublicacionGrupoId, publicacionGrupoId, mascotaId, contenido, fechaComentario) values (21, 58, 77, 'comentario 21', '2022-01-28 03:51:21');
insert into comentarioPublicacionGrupo (comentarioPublicacionGrupoId, publicacionGrupoId, mascotaId, contenido, fechaComentario) values (22, 61, 16, 'comentario 22', '2023-06-19 17:52:16');
insert into comentarioPublicacionGrupo (comentarioPublicacionGrupoId, publicacionGrupoId, mascotaId, contenido, fechaComentario) values (23, 2, 80, 'comentario 23', '2022-01-08 04:59:03');
insert into comentarioPublicacionGrupo (comentarioPublicacionGrupoId, publicacionGrupoId, mascotaId, contenido, fechaComentario) values (24, 90, 82, 'comentario 24', '2023-09-30 10:37:31');
insert into comentarioPublicacionGrupo (comentarioPublicacionGrupoId, publicacionGrupoId, mascotaId, contenido, fechaComentario) values (25, 38, 79, 'comentario 25', '2022-06-30 15:02:08');
insert into comentarioPublicacionGrupo (comentarioPublicacionGrupoId, publicacionGrupoId, mascotaId, contenido, fechaComentario) values (26, 7, 67, 'comentario 26', '2023-12-17 08:23:29');
insert into comentarioPublicacionGrupo (comentarioPublicacionGrupoId, publicacionGrupoId, mascotaId, contenido, fechaComentario) values (27, 21, 54, 'comentario 27', '2023-12-29 10:08:51');
insert into comentarioPublicacionGrupo (comentarioPublicacionGrupoId, publicacionGrupoId, mascotaId, contenido, fechaComentario) values (28, 6, 48, 'comentario 28', '2022-09-28 06:37:11');
insert into comentarioPublicacionGrupo (comentarioPublicacionGrupoId, publicacionGrupoId, mascotaId, contenido, fechaComentario) values (29, 98, 70, 'comentario 29', '2023-11-12 22:38:15');
insert into comentarioPublicacionGrupo (comentarioPublicacionGrupoId, publicacionGrupoId, mascotaId, contenido, fechaComentario) values (30, 95, 72, 'comentario 30', '2023-03-26 21:14:43');
insert into comentarioPublicacionGrupo (comentarioPublicacionGrupoId, publicacionGrupoId, mascotaId, contenido, fechaComentario) values (31, 90, 30, 'comentario 31', '2023-03-31 15:56:05');
insert into comentarioPublicacionGrupo (comentarioPublicacionGrupoId, publicacionGrupoId, mascotaId, contenido, fechaComentario) values (32, 89, 76, 'comentario 32', '2023-02-22 02:06:06');
insert into comentarioPublicacionGrupo (comentarioPublicacionGrupoId, publicacionGrupoId, mascotaId, contenido, fechaComentario) values (33, 71, 8, 'comentario 33', '2022-08-27 03:53:34');
insert into comentarioPublicacionGrupo (comentarioPublicacionGrupoId, publicacionGrupoId, mascotaId, contenido, fechaComentario) values (34, 6, 1, 'comentario 34', '2023-06-22 07:31:58');
insert into comentarioPublicacionGrupo (comentarioPublicacionGrupoId, publicacionGrupoId, mascotaId, contenido, fechaComentario) values (35, 47, 70, 'comentario 35', '2022-02-14 11:56:40');
insert into comentarioPublicacionGrupo (comentarioPublicacionGrupoId, publicacionGrupoId, mascotaId, contenido, fechaComentario) values (36, 16, 1, 'comentario 36', '2023-07-09 16:17:20');
insert into comentarioPublicacionGrupo (comentarioPublicacionGrupoId, publicacionGrupoId, mascotaId, contenido, fechaComentario) values (37, 16, 87, 'comentario 37', '2023-06-11 16:05:53');
insert into comentarioPublicacionGrupo (comentarioPublicacionGrupoId, publicacionGrupoId, mascotaId, contenido, fechaComentario) values (38, 96, 66, 'comentario 38', '2023-05-30 17:38:26');
insert into comentarioPublicacionGrupo (comentarioPublicacionGrupoId, publicacionGrupoId, mascotaId, contenido, fechaComentario) values (39, 4, 38, 'comentario 39', '2022-12-07 11:31:40');
insert into comentarioPublicacionGrupo (comentarioPublicacionGrupoId, publicacionGrupoId, mascotaId, contenido, fechaComentario) values (40, 42, 55, 'comentario 40', '2022-07-14 19:55:34');
insert into comentarioPublicacionGrupo (comentarioPublicacionGrupoId, publicacionGrupoId, mascotaId, contenido, fechaComentario) values (41, 99, 93, 'comentario 41', '2023-12-29 15:16:47');
insert into comentarioPublicacionGrupo (comentarioPublicacionGrupoId, publicacionGrupoId, mascotaId, contenido, fechaComentario) values (42, 39, 3, 'comentario 42', '2022-07-21 14:17:29');
insert into comentarioPublicacionGrupo (comentarioPublicacionGrupoId, publicacionGrupoId, mascotaId, contenido, fechaComentario) values (43, 50, 53, 'comentario 43', '2022-11-03 16:40:00');
insert into comentarioPublicacionGrupo (comentarioPublicacionGrupoId, publicacionGrupoId, mascotaId, contenido, fechaComentario) values (44, 33, 60, 'comentario 44', '2023-07-03 03:12:03');
insert into comentarioPublicacionGrupo (comentarioPublicacionGrupoId, publicacionGrupoId, mascotaId, contenido, fechaComentario) values (45, 89, 35, 'comentario 45', '2023-11-06 17:18:32');
insert into comentarioPublicacionGrupo (comentarioPublicacionGrupoId, publicacionGrupoId, mascotaId, contenido, fechaComentario) values (46, 46, 57, 'comentario 46', '2023-10-15 03:31:46');
insert into comentarioPublicacionGrupo (comentarioPublicacionGrupoId, publicacionGrupoId, mascotaId, contenido, fechaComentario) values (47, 42, 83, 'comentario 47', '2022-05-30 00:46:37');
insert into comentarioPublicacionGrupo (comentarioPublicacionGrupoId, publicacionGrupoId, mascotaId, contenido, fechaComentario) values (48, 88, 43, 'comentario 48', '2023-09-07 10:37:12');
insert into comentarioPublicacionGrupo (comentarioPublicacionGrupoId, publicacionGrupoId, mascotaId, contenido, fechaComentario) values (49, 84, 77, 'comentario 49', '2023-12-25 03:29:36');
insert into comentarioPublicacionGrupo (comentarioPublicacionGrupoId, publicacionGrupoId, mascotaId, contenido, fechaComentario) values (50, 39, 100, 'comentario 50', '2022-11-14 14:37:53');
insert into comentarioPublicacionGrupo (comentarioPublicacionGrupoId, publicacionGrupoId, mascotaId, contenido, fechaComentario) values (51, 14, 94, 'comentario 51', '2022-04-23 13:00:55');
insert into comentarioPublicacionGrupo (comentarioPublicacionGrupoId, publicacionGrupoId, mascotaId, contenido, fechaComentario) values (52, 54, 84, 'comentario 52', '2023-05-04 03:28:26');
insert into comentarioPublicacionGrupo (comentarioPublicacionGrupoId, publicacionGrupoId, mascotaId, contenido, fechaComentario) values (53, 97, 31, 'comentario 53', '2023-01-12 09:28:38');
insert into comentarioPublicacionGrupo (comentarioPublicacionGrupoId, publicacionGrupoId, mascotaId, contenido, fechaComentario) values (54, 17, 65, 'comentario 54', '2022-08-25 11:48:34');
insert into comentarioPublicacionGrupo (comentarioPublicacionGrupoId, publicacionGrupoId, mascotaId, contenido, fechaComentario) values (55, 66, 60, 'comentario 55', '2022-01-16 21:11:02');
insert into comentarioPublicacionGrupo (comentarioPublicacionGrupoId, publicacionGrupoId, mascotaId, contenido, fechaComentario) values (56, 83, 2, 'comentario 56', '2023-09-20 11:18:25');
insert into comentarioPublicacionGrupo (comentarioPublicacionGrupoId, publicacionGrupoId, mascotaId, contenido, fechaComentario) values (57, 73, 20, 'comentario 57', '2023-09-08 05:24:48');
insert into comentarioPublicacionGrupo (comentarioPublicacionGrupoId, publicacionGrupoId, mascotaId, contenido, fechaComentario) values (58, 86, 63, 'comentario 58', '2023-03-01 01:34:24');
insert into comentarioPublicacionGrupo (comentarioPublicacionGrupoId, publicacionGrupoId, mascotaId, contenido, fechaComentario) values (59, 73, 65, 'comentario 59', '2023-07-31 03:50:19');
insert into comentarioPublicacionGrupo (comentarioPublicacionGrupoId, publicacionGrupoId, mascotaId, contenido, fechaComentario) values (60, 74, 41, 'comentario 60', '2022-10-31 15:16:44');
insert into comentarioPublicacionGrupo (comentarioPublicacionGrupoId, publicacionGrupoId, mascotaId, contenido, fechaComentario) values (61, 35, 84, 'comentario 61', '2023-05-11 15:27:43');
insert into comentarioPublicacionGrupo (comentarioPublicacionGrupoId, publicacionGrupoId, mascotaId, contenido, fechaComentario) values (62, 16, 17, 'comentario 62', '2023-09-03 03:02:41');
insert into comentarioPublicacionGrupo (comentarioPublicacionGrupoId, publicacionGrupoId, mascotaId, contenido, fechaComentario) values (63, 33, 44, 'comentario 63', '2023-06-18 13:11:54');
insert into comentarioPublicacionGrupo (comentarioPublicacionGrupoId, publicacionGrupoId, mascotaId, contenido, fechaComentario) values (64, 57, 9, 'comentario 64', '2023-09-19 16:35:16');
insert into comentarioPublicacionGrupo (comentarioPublicacionGrupoId, publicacionGrupoId, mascotaId, contenido, fechaComentario) values (65, 63, 52, 'comentario 65', '2022-01-27 08:29:21');
insert into comentarioPublicacionGrupo (comentarioPublicacionGrupoId, publicacionGrupoId, mascotaId, contenido, fechaComentario) values (66, 11, 30, 'comentario 66', '2022-02-04 10:35:53');
insert into comentarioPublicacionGrupo (comentarioPublicacionGrupoId, publicacionGrupoId, mascotaId, contenido, fechaComentario) values (67, 37, 77, 'comentario 67', '2023-10-12 03:22:41');
insert into comentarioPublicacionGrupo (comentarioPublicacionGrupoId, publicacionGrupoId, mascotaId, contenido, fechaComentario) values (68, 36, 76, 'comentario 68', '2023-06-22 10:07:40');
insert into comentarioPublicacionGrupo (comentarioPublicacionGrupoId, publicacionGrupoId, mascotaId, contenido, fechaComentario) values (69, 60, 59, 'comentario 69', '2023-08-31 22:17:43');
insert into comentarioPublicacionGrupo (comentarioPublicacionGrupoId, publicacionGrupoId, mascotaId, contenido, fechaComentario) values (70, 36, 71, 'comentario 70', '2022-01-10 17:38:04');
insert into comentarioPublicacionGrupo (comentarioPublicacionGrupoId, publicacionGrupoId, mascotaId, contenido, fechaComentario) values (71, 71, 73, 'comentario 71', '2022-02-16 01:13:42');
insert into comentarioPublicacionGrupo (comentarioPublicacionGrupoId, publicacionGrupoId, mascotaId, contenido, fechaComentario) values (72, 76, 62, 'comentario 72', '2022-05-14 21:10:50');
insert into comentarioPublicacionGrupo (comentarioPublicacionGrupoId, publicacionGrupoId, mascotaId, contenido, fechaComentario) values (73, 77, 25, 'comentario 73', '2022-02-08 11:04:26');
insert into comentarioPublicacionGrupo (comentarioPublicacionGrupoId, publicacionGrupoId, mascotaId, contenido, fechaComentario) values (74, 19, 80, 'comentario 74', '2022-09-04 03:01:48');
insert into comentarioPublicacionGrupo (comentarioPublicacionGrupoId, publicacionGrupoId, mascotaId, contenido, fechaComentario) values (75, 33, 38, 'comentario 75', '2022-03-11 11:17:17');
insert into comentarioPublicacionGrupo (comentarioPublicacionGrupoId, publicacionGrupoId, mascotaId, contenido, fechaComentario) values (76, 44, 42, 'comentario 76', '2023-10-18 05:08:42');
insert into comentarioPublicacionGrupo (comentarioPublicacionGrupoId, publicacionGrupoId, mascotaId, contenido, fechaComentario) values (77, 28, 37, 'comentario 77', '2022-06-09 06:22:53');
insert into comentarioPublicacionGrupo (comentarioPublicacionGrupoId, publicacionGrupoId, mascotaId, contenido, fechaComentario) values (78, 39, 98, 'comentario 78', '2023-04-06 19:37:43');
insert into comentarioPublicacionGrupo (comentarioPublicacionGrupoId, publicacionGrupoId, mascotaId, contenido, fechaComentario) values (79, 35, 81, 'comentario 79', '2023-01-05 13:58:52');
insert into comentarioPublicacionGrupo (comentarioPublicacionGrupoId, publicacionGrupoId, mascotaId, contenido, fechaComentario) values (80, 70, 98, 'comentario 80', '2022-02-14 19:25:56');
insert into comentarioPublicacionGrupo (comentarioPublicacionGrupoId, publicacionGrupoId, mascotaId, contenido, fechaComentario) values (81, 8, 31, 'comentario 81', '2023-06-14 10:09:47');
insert into comentarioPublicacionGrupo (comentarioPublicacionGrupoId, publicacionGrupoId, mascotaId, contenido, fechaComentario) values (82, 96, 47, 'comentario 82', '2022-11-05 17:26:33');
insert into comentarioPublicacionGrupo (comentarioPublicacionGrupoId, publicacionGrupoId, mascotaId, contenido, fechaComentario) values (83, 87, 37, 'comentario 83', '2022-05-06 06:32:50');
insert into comentarioPublicacionGrupo (comentarioPublicacionGrupoId, publicacionGrupoId, mascotaId, contenido, fechaComentario) values (84, 65, 27, 'comentario 84', '2023-04-23 04:38:19');
insert into comentarioPublicacionGrupo (comentarioPublicacionGrupoId, publicacionGrupoId, mascotaId, contenido, fechaComentario) values (85, 18, 25, 'comentario 85', '2023-08-11 17:36:17');
insert into comentarioPublicacionGrupo (comentarioPublicacionGrupoId, publicacionGrupoId, mascotaId, contenido, fechaComentario) values (86, 38, 41, 'comentario 86', '2022-09-07 10:11:21');
insert into comentarioPublicacionGrupo (comentarioPublicacionGrupoId, publicacionGrupoId, mascotaId, contenido, fechaComentario) values (87, 96, 78, 'comentario 87', '2023-02-04 22:06:36');
insert into comentarioPublicacionGrupo (comentarioPublicacionGrupoId, publicacionGrupoId, mascotaId, contenido, fechaComentario) values (88, 88, 48, 'comentario 88', '2023-07-07 19:09:53');
insert into comentarioPublicacionGrupo (comentarioPublicacionGrupoId, publicacionGrupoId, mascotaId, contenido, fechaComentario) values (89, 25, 88, 'comentario 89', '2022-01-07 01:35:52');
insert into comentarioPublicacionGrupo (comentarioPublicacionGrupoId, publicacionGrupoId, mascotaId, contenido, fechaComentario) values (90, 3, 48, 'comentario 90', '2023-12-30 05:40:26');
insert into comentarioPublicacionGrupo (comentarioPublicacionGrupoId, publicacionGrupoId, mascotaId, contenido, fechaComentario) values (91, 88, 37, 'comentario 91', '2022-12-16 16:57:59');
insert into comentarioPublicacionGrupo (comentarioPublicacionGrupoId, publicacionGrupoId, mascotaId, contenido, fechaComentario) values (92, 43, 66, 'comentario 92', '2023-03-30 09:23:21');
insert into comentarioPublicacionGrupo (comentarioPublicacionGrupoId, publicacionGrupoId, mascotaId, contenido, fechaComentario) values (93, 24, 22, 'comentario 93', '2023-11-29 14:06:34');
insert into comentarioPublicacionGrupo (comentarioPublicacionGrupoId, publicacionGrupoId, mascotaId, contenido, fechaComentario) values (94, 25, 17, 'comentario 94', '2023-07-30 02:48:26');
insert into comentarioPublicacionGrupo (comentarioPublicacionGrupoId, publicacionGrupoId, mascotaId, contenido, fechaComentario) values (95, 38, 26, 'comentario 95', '2022-03-16 07:47:58');
insert into comentarioPublicacionGrupo (comentarioPublicacionGrupoId, publicacionGrupoId, mascotaId, contenido, fechaComentario) values (96, 1, 25, 'comentario 96', '2022-03-24 16:05:44');
insert into comentarioPublicacionGrupo (comentarioPublicacionGrupoId, publicacionGrupoId, mascotaId, contenido, fechaComentario) values (97, 87, 20, 'comentario 97', '2022-11-07 17:39:29');
insert into comentarioPublicacionGrupo (comentarioPublicacionGrupoId, publicacionGrupoId, mascotaId, contenido, fechaComentario) values (98, 14, 87, 'comentario 98', '2023-07-27 17:35:00');
insert into comentarioPublicacionGrupo (comentarioPublicacionGrupoId, publicacionGrupoId, mascotaId, contenido, fechaComentario) values (99, 1, 17, 'comentario 99', '2022-12-12 04:30:22');
insert into comentarioPublicacionGrupo (comentarioPublicacionGrupoId, publicacionGrupoId, mascotaId, contenido, fechaComentario) values (100, 33, 55, 'comentario 100', '2022-11-20 17:38:26');
insert into comentarioPublicacionGrupo (comentarioPublicacionGrupoId, publicacionGrupoId, mascotaId, contenido, fechaComentario) values (101, 50, 27, 'comentario 101', '2022-08-04 01:08:47');
insert into comentarioPublicacionGrupo (comentarioPublicacionGrupoId, publicacionGrupoId, mascotaId, contenido, fechaComentario) values (102, 22, 85, 'comentario 102', '2023-06-16 17:43:13');
insert into comentarioPublicacionGrupo (comentarioPublicacionGrupoId, publicacionGrupoId, mascotaId, contenido, fechaComentario) values (103, 67, 10, 'comentario 103', '2022-09-29 04:19:22');
insert into comentarioPublicacionGrupo (comentarioPublicacionGrupoId, publicacionGrupoId, mascotaId, contenido, fechaComentario) values (104, 1, 61, 'comentario 104', '2022-07-31 15:14:52');
insert into comentarioPublicacionGrupo (comentarioPublicacionGrupoId, publicacionGrupoId, mascotaId, contenido, fechaComentario) values (105, 45, 74, 'comentario 105', '2023-01-31 04:58:15');
insert into comentarioPublicacionGrupo (comentarioPublicacionGrupoId, publicacionGrupoId, mascotaId, contenido, fechaComentario) values (106, 32, 91, 'comentario 106', '2022-12-19 20:16:49');
insert into comentarioPublicacionGrupo (comentarioPublicacionGrupoId, publicacionGrupoId, mascotaId, contenido, fechaComentario) values (107, 88, 51, 'comentario 107', '2022-11-23 22:20:23');
insert into comentarioPublicacionGrupo (comentarioPublicacionGrupoId, publicacionGrupoId, mascotaId, contenido, fechaComentario) values (108, 34, 94, 'comentario 108', '2022-09-13 22:35:46');
insert into comentarioPublicacionGrupo (comentarioPublicacionGrupoId, publicacionGrupoId, mascotaId, contenido, fechaComentario) values (109, 71, 7, 'comentario 109', '2022-09-12 00:16:46');
insert into comentarioPublicacionGrupo (comentarioPublicacionGrupoId, publicacionGrupoId, mascotaId, contenido, fechaComentario) values (110, 75, 8, 'comentario 110', '2022-09-27 01:01:00');
insert into comentarioPublicacionGrupo (comentarioPublicacionGrupoId, publicacionGrupoId, mascotaId, contenido, fechaComentario) values (111, 21, 49, 'comentario 111', '2023-04-09 19:23:18');
insert into comentarioPublicacionGrupo (comentarioPublicacionGrupoId, publicacionGrupoId, mascotaId, contenido, fechaComentario) values (112, 8, 23, 'comentario 112', '2023-03-18 12:16:30');
insert into comentarioPublicacionGrupo (comentarioPublicacionGrupoId, publicacionGrupoId, mascotaId, contenido, fechaComentario) values (113, 86, 56, 'comentario 113', '2023-10-13 06:38:07');
insert into comentarioPublicacionGrupo (comentarioPublicacionGrupoId, publicacionGrupoId, mascotaId, contenido, fechaComentario) values (114, 2, 46, 'comentario 114', '2022-02-22 18:58:55');
insert into comentarioPublicacionGrupo (comentarioPublicacionGrupoId, publicacionGrupoId, mascotaId, contenido, fechaComentario) values (115, 73, 90, 'comentario 115', '2022-10-09 04:20:40');
insert into comentarioPublicacionGrupo (comentarioPublicacionGrupoId, publicacionGrupoId, mascotaId, contenido, fechaComentario) values (116, 89, 50, 'comentario 116', '2022-12-13 17:06:54');
insert into comentarioPublicacionGrupo (comentarioPublicacionGrupoId, publicacionGrupoId, mascotaId, contenido, fechaComentario) values (117, 94, 73, 'comentario 117', '2022-01-14 10:29:10');
insert into comentarioPublicacionGrupo (comentarioPublicacionGrupoId, publicacionGrupoId, mascotaId, contenido, fechaComentario) values (118, 5, 92, 'comentario 118', '2022-04-09 22:28:19');
insert into comentarioPublicacionGrupo (comentarioPublicacionGrupoId, publicacionGrupoId, mascotaId, contenido, fechaComentario) values (119, 83, 41, 'comentario 119', '2023-05-29 23:31:34');
insert into comentarioPublicacionGrupo (comentarioPublicacionGrupoId, publicacionGrupoId, mascotaId, contenido, fechaComentario) values (120, 60, 33, 'comentario 120', '2022-10-02 03:47:12');
insert into comentarioPublicacionGrupo (comentarioPublicacionGrupoId, publicacionGrupoId, mascotaId, contenido, fechaComentario) values (121, 26, 67, 'comentario 121', '2022-02-04 15:45:34');
insert into comentarioPublicacionGrupo (comentarioPublicacionGrupoId, publicacionGrupoId, mascotaId, contenido, fechaComentario) values (122, 23, 86, 'comentario 122', '2023-12-28 12:55:01');
insert into comentarioPublicacionGrupo (comentarioPublicacionGrupoId, publicacionGrupoId, mascotaId, contenido, fechaComentario) values (123, 89, 43, 'comentario 123', '2022-11-02 22:35:01');
insert into comentarioPublicacionGrupo (comentarioPublicacionGrupoId, publicacionGrupoId, mascotaId, contenido, fechaComentario) values (124, 1, 98, 'comentario 124', '2022-11-23 06:46:53');
insert into comentarioPublicacionGrupo (comentarioPublicacionGrupoId, publicacionGrupoId, mascotaId, contenido, fechaComentario) values (125, 83, 27, 'comentario 125', '2022-07-15 01:21:58');
insert into comentarioPublicacionGrupo (comentarioPublicacionGrupoId, publicacionGrupoId, mascotaId, contenido, fechaComentario) values (126, 76, 87, 'comentario 126', '2022-10-07 13:20:01');
insert into comentarioPublicacionGrupo (comentarioPublicacionGrupoId, publicacionGrupoId, mascotaId, contenido, fechaComentario) values (127, 45, 42, 'comentario 127', '2023-04-03 12:28:54');
insert into comentarioPublicacionGrupo (comentarioPublicacionGrupoId, publicacionGrupoId, mascotaId, contenido, fechaComentario) values (128, 46, 59, 'comentario 128', '2023-08-26 20:06:28');
insert into comentarioPublicacionGrupo (comentarioPublicacionGrupoId, publicacionGrupoId, mascotaId, contenido, fechaComentario) values (129, 56, 92, 'comentario 129', '2022-11-15 04:44:17');
insert into comentarioPublicacionGrupo (comentarioPublicacionGrupoId, publicacionGrupoId, mascotaId, contenido, fechaComentario) values (130, 29, 27, 'comentario 130', '2023-04-19 23:26:45');
insert into comentarioPublicacionGrupo (comentarioPublicacionGrupoId, publicacionGrupoId, mascotaId, contenido, fechaComentario) values (131, 86, 60, 'comentario 131', '2023-12-18 18:00:16');
insert into comentarioPublicacionGrupo (comentarioPublicacionGrupoId, publicacionGrupoId, mascotaId, contenido, fechaComentario) values (132, 23, 22, 'comentario 132', '2023-01-10 18:50:05');
insert into comentarioPublicacionGrupo (comentarioPublicacionGrupoId, publicacionGrupoId, mascotaId, contenido, fechaComentario) values (133, 7, 6, 'comentario 133', '2023-03-07 12:00:18');
insert into comentarioPublicacionGrupo (comentarioPublicacionGrupoId, publicacionGrupoId, mascotaId, contenido, fechaComentario) values (134, 10, 13, 'comentario 134', '2022-06-12 16:59:28');
insert into comentarioPublicacionGrupo (comentarioPublicacionGrupoId, publicacionGrupoId, mascotaId, contenido, fechaComentario) values (135, 22, 42, 'comentario 135', '2023-02-19 10:40:58');
insert into comentarioPublicacionGrupo (comentarioPublicacionGrupoId, publicacionGrupoId, mascotaId, contenido, fechaComentario) values (136, 73, 87, 'comentario 136', '2023-08-03 07:38:15');
insert into comentarioPublicacionGrupo (comentarioPublicacionGrupoId, publicacionGrupoId, mascotaId, contenido, fechaComentario) values (137, 2, 13, 'comentario 137', '2022-01-21 11:20:42');
insert into comentarioPublicacionGrupo (comentarioPublicacionGrupoId, publicacionGrupoId, mascotaId, contenido, fechaComentario) values (138, 23, 57, 'comentario 138', '2023-02-18 08:26:40');
insert into comentarioPublicacionGrupo (comentarioPublicacionGrupoId, publicacionGrupoId, mascotaId, contenido, fechaComentario) values (139, 82, 13, 'comentario 139', '2022-04-04 12:26:34');
insert into comentarioPublicacionGrupo (comentarioPublicacionGrupoId, publicacionGrupoId, mascotaId, contenido, fechaComentario) values (140, 2, 75, 'comentario 140', '2022-06-26 21:24:25');
insert into comentarioPublicacionGrupo (comentarioPublicacionGrupoId, publicacionGrupoId, mascotaId, contenido, fechaComentario) values (141, 91, 2, 'comentario 141', '2022-02-18 16:07:19');
insert into comentarioPublicacionGrupo (comentarioPublicacionGrupoId, publicacionGrupoId, mascotaId, contenido, fechaComentario) values (142, 28, 37, 'comentario 142', '2022-09-15 21:11:54');
insert into comentarioPublicacionGrupo (comentarioPublicacionGrupoId, publicacionGrupoId, mascotaId, contenido, fechaComentario) values (143, 46, 51, 'comentario 143', '2023-09-11 17:21:34');
insert into comentarioPublicacionGrupo (comentarioPublicacionGrupoId, publicacionGrupoId, mascotaId, contenido, fechaComentario) values (144, 80, 70, 'comentario 144', '2022-03-31 10:32:14');
insert into comentarioPublicacionGrupo (comentarioPublicacionGrupoId, publicacionGrupoId, mascotaId, contenido, fechaComentario) values (145, 16, 84, 'comentario 145', '2023-10-05 17:22:36');
insert into comentarioPublicacionGrupo (comentarioPublicacionGrupoId, publicacionGrupoId, mascotaId, contenido, fechaComentario) values (146, 82, 85, 'comentario 146', '2023-06-26 08:51:25');
insert into comentarioPublicacionGrupo (comentarioPublicacionGrupoId, publicacionGrupoId, mascotaId, contenido, fechaComentario) values (147, 27, 99, 'comentario 147', '2022-10-14 18:05:50');
insert into comentarioPublicacionGrupo (comentarioPublicacionGrupoId, publicacionGrupoId, mascotaId, contenido, fechaComentario) values (148, 83, 20, 'comentario 148', '2023-01-07 12:50:16');
insert into comentarioPublicacionGrupo (comentarioPublicacionGrupoId, publicacionGrupoId, mascotaId, contenido, fechaComentario) values (149, 55, 31, 'comentario 149', '2023-08-29 02:02:59');
insert into comentarioPublicacionGrupo (comentarioPublicacionGrupoId, publicacionGrupoId, mascotaId, contenido, fechaComentario) values (150, 52, 63, 'comentario 150', '2023-05-07 19:31:55');
insert into comentarioPublicacionGrupo (comentarioPublicacionGrupoId, publicacionGrupoId, mascotaId, contenido, fechaComentario) values (151, 38, 87, 'comentario 151', '2022-04-04 20:10:51');
insert into comentarioPublicacionGrupo (comentarioPublicacionGrupoId, publicacionGrupoId, mascotaId, contenido, fechaComentario) values (152, 18, 32, 'comentario 152', '2022-07-02 02:54:14');
insert into comentarioPublicacionGrupo (comentarioPublicacionGrupoId, publicacionGrupoId, mascotaId, contenido, fechaComentario) values (153, 47, 46, 'comentario 153', '2023-04-24 18:48:54');
insert into comentarioPublicacionGrupo (comentarioPublicacionGrupoId, publicacionGrupoId, mascotaId, contenido, fechaComentario) values (154, 98, 100, 'comentario 154', '2023-01-03 21:51:56');
insert into comentarioPublicacionGrupo (comentarioPublicacionGrupoId, publicacionGrupoId, mascotaId, contenido, fechaComentario) values (155, 89, 33, 'comentario 155', '2022-05-22 00:26:50');
insert into comentarioPublicacionGrupo (comentarioPublicacionGrupoId, publicacionGrupoId, mascotaId, contenido, fechaComentario) values (156, 88, 83, 'comentario 156', '2023-11-23 17:03:07');
insert into comentarioPublicacionGrupo (comentarioPublicacionGrupoId, publicacionGrupoId, mascotaId, contenido, fechaComentario) values (157, 33, 39, 'comentario 157', '2023-02-20 09:03:28');
insert into comentarioPublicacionGrupo (comentarioPublicacionGrupoId, publicacionGrupoId, mascotaId, contenido, fechaComentario) values (158, 69, 45, 'comentario 158', '2022-10-04 19:40:37');
insert into comentarioPublicacionGrupo (comentarioPublicacionGrupoId, publicacionGrupoId, mascotaId, contenido, fechaComentario) values (159, 62, 39, 'comentario 159', '2022-08-19 16:46:07');
insert into comentarioPublicacionGrupo (comentarioPublicacionGrupoId, publicacionGrupoId, mascotaId, contenido, fechaComentario) values (160, 40, 99, 'comentario 160', '2023-06-06 04:14:00');
insert into comentarioPublicacionGrupo (comentarioPublicacionGrupoId, publicacionGrupoId, mascotaId, contenido, fechaComentario) values (161, 87, 8, 'comentario 161', '2022-09-30 17:11:17');
insert into comentarioPublicacionGrupo (comentarioPublicacionGrupoId, publicacionGrupoId, mascotaId, contenido, fechaComentario) values (162, 77, 28, 'comentario 162', '2023-04-13 18:04:40');
insert into comentarioPublicacionGrupo (comentarioPublicacionGrupoId, publicacionGrupoId, mascotaId, contenido, fechaComentario) values (163, 93, 60, 'comentario 163', '2023-01-18 22:36:28');
insert into comentarioPublicacionGrupo (comentarioPublicacionGrupoId, publicacionGrupoId, mascotaId, contenido, fechaComentario) values (164, 16, 42, 'comentario 164', '2023-10-11 01:19:52');
insert into comentarioPublicacionGrupo (comentarioPublicacionGrupoId, publicacionGrupoId, mascotaId, contenido, fechaComentario) values (165, 12, 74, 'comentario 165', '2022-01-30 15:56:15');
insert into comentarioPublicacionGrupo (comentarioPublicacionGrupoId, publicacionGrupoId, mascotaId, contenido, fechaComentario) values (166, 77, 24, 'comentario 166', '2022-03-10 20:33:57');
insert into comentarioPublicacionGrupo (comentarioPublicacionGrupoId, publicacionGrupoId, mascotaId, contenido, fechaComentario) values (167, 75, 68, 'comentario 167', '2022-04-16 15:50:30');
insert into comentarioPublicacionGrupo (comentarioPublicacionGrupoId, publicacionGrupoId, mascotaId, contenido, fechaComentario) values (168, 41, 6, 'comentario 168', '2022-12-15 15:09:27');
insert into comentarioPublicacionGrupo (comentarioPublicacionGrupoId, publicacionGrupoId, mascotaId, contenido, fechaComentario) values (169, 53, 56, 'comentario 169', '2023-04-24 17:07:27');
insert into comentarioPublicacionGrupo (comentarioPublicacionGrupoId, publicacionGrupoId, mascotaId, contenido, fechaComentario) values (170, 60, 12, 'comentario 170', '2022-05-08 13:56:48');
insert into comentarioPublicacionGrupo (comentarioPublicacionGrupoId, publicacionGrupoId, mascotaId, contenido, fechaComentario) values (171, 42, 49, 'comentario 171', '2023-01-15 03:27:09');
insert into comentarioPublicacionGrupo (comentarioPublicacionGrupoId, publicacionGrupoId, mascotaId, contenido, fechaComentario) values (172, 66, 100, 'comentario 172', '2022-06-14 09:21:36');
insert into comentarioPublicacionGrupo (comentarioPublicacionGrupoId, publicacionGrupoId, mascotaId, contenido, fechaComentario) values (173, 16, 42, 'comentario 173', '2022-06-19 09:08:18');
insert into comentarioPublicacionGrupo (comentarioPublicacionGrupoId, publicacionGrupoId, mascotaId, contenido, fechaComentario) values (174, 49, 79, 'comentario 174', '2022-09-14 09:29:38');
insert into comentarioPublicacionGrupo (comentarioPublicacionGrupoId, publicacionGrupoId, mascotaId, contenido, fechaComentario) values (175, 45, 64, 'comentario 175', '2022-11-26 19:27:23');
insert into comentarioPublicacionGrupo (comentarioPublicacionGrupoId, publicacionGrupoId, mascotaId, contenido, fechaComentario) values (176, 27, 80, 'comentario 176', '2022-05-07 02:02:28');
insert into comentarioPublicacionGrupo (comentarioPublicacionGrupoId, publicacionGrupoId, mascotaId, contenido, fechaComentario) values (177, 7, 92, 'comentario 177', '2023-05-15 04:31:03');
insert into comentarioPublicacionGrupo (comentarioPublicacionGrupoId, publicacionGrupoId, mascotaId, contenido, fechaComentario) values (178, 94, 93, 'comentario 178', '2023-12-06 14:48:34');
insert into comentarioPublicacionGrupo (comentarioPublicacionGrupoId, publicacionGrupoId, mascotaId, contenido, fechaComentario) values (179, 96, 49, 'comentario 179', '2022-12-21 14:46:30');
insert into comentarioPublicacionGrupo (comentarioPublicacionGrupoId, publicacionGrupoId, mascotaId, contenido, fechaComentario) values (180, 20, 25, 'comentario 180', '2022-07-17 15:18:55');
insert into comentarioPublicacionGrupo (comentarioPublicacionGrupoId, publicacionGrupoId, mascotaId, contenido, fechaComentario) values (181, 64, 99, 'comentario 181', '2022-10-18 19:34:39');
insert into comentarioPublicacionGrupo (comentarioPublicacionGrupoId, publicacionGrupoId, mascotaId, contenido, fechaComentario) values (182, 56, 84, 'comentario 182', '2023-03-10 08:48:53');
insert into comentarioPublicacionGrupo (comentarioPublicacionGrupoId, publicacionGrupoId, mascotaId, contenido, fechaComentario) values (183, 41, 60, 'comentario 183', '2023-12-11 16:33:55');
insert into comentarioPublicacionGrupo (comentarioPublicacionGrupoId, publicacionGrupoId, mascotaId, contenido, fechaComentario) values (184, 83, 3, 'comentario 184', '2023-11-15 04:00:07');
insert into comentarioPublicacionGrupo (comentarioPublicacionGrupoId, publicacionGrupoId, mascotaId, contenido, fechaComentario) values (185, 9, 56, 'comentario 185', '2023-12-27 18:19:15');
insert into comentarioPublicacionGrupo (comentarioPublicacionGrupoId, publicacionGrupoId, mascotaId, contenido, fechaComentario) values (186, 23, 70, 'comentario 186', '2022-02-13 09:05:31');
insert into comentarioPublicacionGrupo (comentarioPublicacionGrupoId, publicacionGrupoId, mascotaId, contenido, fechaComentario) values (187, 52, 11, 'comentario 187', '2023-07-05 04:44:54');
insert into comentarioPublicacionGrupo (comentarioPublicacionGrupoId, publicacionGrupoId, mascotaId, contenido, fechaComentario) values (188, 65, 12, 'comentario 188', '2023-03-18 19:12:56');
insert into comentarioPublicacionGrupo (comentarioPublicacionGrupoId, publicacionGrupoId, mascotaId, contenido, fechaComentario) values (189, 52, 33, 'comentario 189', '2022-02-09 23:55:20');
insert into comentarioPublicacionGrupo (comentarioPublicacionGrupoId, publicacionGrupoId, mascotaId, contenido, fechaComentario) values (190, 35, 37, 'comentario 190', '2022-06-22 20:11:50');
insert into comentarioPublicacionGrupo (comentarioPublicacionGrupoId, publicacionGrupoId, mascotaId, contenido, fechaComentario) values (191, 46, 15, 'comentario 191', '2023-09-25 02:33:50');
insert into comentarioPublicacionGrupo (comentarioPublicacionGrupoId, publicacionGrupoId, mascotaId, contenido, fechaComentario) values (192, 100, 56, 'comentario 192', '2022-05-27 06:39:18');
insert into comentarioPublicacionGrupo (comentarioPublicacionGrupoId, publicacionGrupoId, mascotaId, contenido, fechaComentario) values (193, 73, 95, 'comentario 193', '2022-05-14 17:51:42');
insert into comentarioPublicacionGrupo (comentarioPublicacionGrupoId, publicacionGrupoId, mascotaId, contenido, fechaComentario) values (194, 82, 37, 'comentario 194', '2022-03-11 14:17:35');
insert into comentarioPublicacionGrupo (comentarioPublicacionGrupoId, publicacionGrupoId, mascotaId, contenido, fechaComentario) values (195, 93, 86, 'comentario 195', '2023-12-08 01:45:51');
insert into comentarioPublicacionGrupo (comentarioPublicacionGrupoId, publicacionGrupoId, mascotaId, contenido, fechaComentario) values (196, 99, 69, 'comentario 196', '2022-05-28 00:06:35');
insert into comentarioPublicacionGrupo (comentarioPublicacionGrupoId, publicacionGrupoId, mascotaId, contenido, fechaComentario) values (197, 1, 29, 'comentario 197', '2022-02-20 01:17:41');
insert into comentarioPublicacionGrupo (comentarioPublicacionGrupoId, publicacionGrupoId, mascotaId, contenido, fechaComentario) values (198, 11, 98, 'comentario 198', '2023-10-12 20:07:58');
insert into comentarioPublicacionGrupo (comentarioPublicacionGrupoId, publicacionGrupoId, mascotaId, contenido, fechaComentario) values (199, 68, 2, 'comentario 199', '2022-01-15 06:28:41');
insert into comentarioPublicacionGrupo (comentarioPublicacionGrupoId, publicacionGrupoId, mascotaId, contenido, fechaComentario) values (200, 25, 44, 'comentario 200', '2023-01-07 15:14:29');
insert into comentarioPublicacionGrupo (comentarioPublicacionGrupoId, publicacionGrupoId, mascotaId, contenido, fechaComentario) values (201, 65, 14, 'comentario 201', '2022-11-25 11:35:06');
insert into comentarioPublicacionGrupo (comentarioPublicacionGrupoId, publicacionGrupoId, mascotaId, contenido, fechaComentario) values (202, 89, 16, 'comentario 202', '2023-09-30 00:20:04');
insert into comentarioPublicacionGrupo (comentarioPublicacionGrupoId, publicacionGrupoId, mascotaId, contenido, fechaComentario) values (203, 94, 2, 'comentario 203', '2022-07-21 18:15:42');
insert into comentarioPublicacionGrupo (comentarioPublicacionGrupoId, publicacionGrupoId, mascotaId, contenido, fechaComentario) values (204, 38, 73, 'comentario 204', '2023-05-29 07:27:44');
insert into comentarioPublicacionGrupo (comentarioPublicacionGrupoId, publicacionGrupoId, mascotaId, contenido, fechaComentario) values (205, 33, 79, 'comentario 205', '2023-03-23 23:33:30');
insert into comentarioPublicacionGrupo (comentarioPublicacionGrupoId, publicacionGrupoId, mascotaId, contenido, fechaComentario) values (206, 2, 59, 'comentario 206', '2023-10-05 03:18:22');
insert into comentarioPublicacionGrupo (comentarioPublicacionGrupoId, publicacionGrupoId, mascotaId, contenido, fechaComentario) values (207, 23, 54, 'comentario 207', '2022-03-31 15:29:19');
insert into comentarioPublicacionGrupo (comentarioPublicacionGrupoId, publicacionGrupoId, mascotaId, contenido, fechaComentario) values (208, 45, 31, 'comentario 208', '2022-11-26 17:04:49');
insert into comentarioPublicacionGrupo (comentarioPublicacionGrupoId, publicacionGrupoId, mascotaId, contenido, fechaComentario) values (209, 1, 66, 'comentario 209', '2023-09-14 01:26:40');
insert into comentarioPublicacionGrupo (comentarioPublicacionGrupoId, publicacionGrupoId, mascotaId, contenido, fechaComentario) values (210, 19, 76, 'comentario 210', '2022-11-14 22:09:20');
insert into comentarioPublicacionGrupo (comentarioPublicacionGrupoId, publicacionGrupoId, mascotaId, contenido, fechaComentario) values (211, 23, 68, 'comentario 211', '2023-04-20 06:07:50');
insert into comentarioPublicacionGrupo (comentarioPublicacionGrupoId, publicacionGrupoId, mascotaId, contenido, fechaComentario) values (212, 27, 70, 'comentario 212', '2023-07-15 23:15:55');
insert into comentarioPublicacionGrupo (comentarioPublicacionGrupoId, publicacionGrupoId, mascotaId, contenido, fechaComentario) values (213, 12, 46, 'comentario 213', '2022-05-28 04:22:44');
insert into comentarioPublicacionGrupo (comentarioPublicacionGrupoId, publicacionGrupoId, mascotaId, contenido, fechaComentario) values (214, 23, 93, 'comentario 214', '2022-10-14 17:59:24');
insert into comentarioPublicacionGrupo (comentarioPublicacionGrupoId, publicacionGrupoId, mascotaId, contenido, fechaComentario) values (215, 23, 77, 'comentario 215', '2023-06-15 10:12:10');
insert into comentarioPublicacionGrupo (comentarioPublicacionGrupoId, publicacionGrupoId, mascotaId, contenido, fechaComentario) values (216, 26, 40, 'comentario 216', '2022-12-12 23:32:44');
insert into comentarioPublicacionGrupo (comentarioPublicacionGrupoId, publicacionGrupoId, mascotaId, contenido, fechaComentario) values (217, 74, 12, 'comentario 217', '2023-08-23 12:58:15');
insert into comentarioPublicacionGrupo (comentarioPublicacionGrupoId, publicacionGrupoId, mascotaId, contenido, fechaComentario) values (218, 64, 5, 'comentario 218', '2023-11-11 02:38:53');
insert into comentarioPublicacionGrupo (comentarioPublicacionGrupoId, publicacionGrupoId, mascotaId, contenido, fechaComentario) values (219, 52, 43, 'comentario 219', '2022-08-04 14:39:54');
insert into comentarioPublicacionGrupo (comentarioPublicacionGrupoId, publicacionGrupoId, mascotaId, contenido, fechaComentario) values (220, 43, 45, 'comentario 220', '2022-02-26 14:04:38');
insert into comentarioPublicacionGrupo (comentarioPublicacionGrupoId, publicacionGrupoId, mascotaId, contenido, fechaComentario) values (221, 10, 63, 'comentario 221', '2022-12-16 00:28:35');
insert into comentarioPublicacionGrupo (comentarioPublicacionGrupoId, publicacionGrupoId, mascotaId, contenido, fechaComentario) values (222, 24, 85, 'comentario 222', '2022-08-20 12:53:26');
insert into comentarioPublicacionGrupo (comentarioPublicacionGrupoId, publicacionGrupoId, mascotaId, contenido, fechaComentario) values (223, 85, 8, 'comentario 223', '2022-05-15 22:39:19');
insert into comentarioPublicacionGrupo (comentarioPublicacionGrupoId, publicacionGrupoId, mascotaId, contenido, fechaComentario) values (224, 88, 59, 'comentario 224', '2023-11-26 05:33:13');
insert into comentarioPublicacionGrupo (comentarioPublicacionGrupoId, publicacionGrupoId, mascotaId, contenido, fechaComentario) values (225, 80, 5, 'comentario 225', '2023-11-04 15:14:44');
insert into comentarioPublicacionGrupo (comentarioPublicacionGrupoId, publicacionGrupoId, mascotaId, contenido, fechaComentario) values (226, 1, 90, 'comentario 226', '2023-02-13 11:27:55');
insert into comentarioPublicacionGrupo (comentarioPublicacionGrupoId, publicacionGrupoId, mascotaId, contenido, fechaComentario) values (227, 100, 90, 'comentario 227', '2023-11-18 06:47:32');
insert into comentarioPublicacionGrupo (comentarioPublicacionGrupoId, publicacionGrupoId, mascotaId, contenido, fechaComentario) values (228, 84, 93, 'comentario 228', '2023-09-15 21:04:56');
insert into comentarioPublicacionGrupo (comentarioPublicacionGrupoId, publicacionGrupoId, mascotaId, contenido, fechaComentario) values (229, 5, 21, 'comentario 229', '2022-11-26 20:09:02');
insert into comentarioPublicacionGrupo (comentarioPublicacionGrupoId, publicacionGrupoId, mascotaId, contenido, fechaComentario) values (230, 56, 83, 'comentario 230', '2022-12-03 15:33:05');
insert into comentarioPublicacionGrupo (comentarioPublicacionGrupoId, publicacionGrupoId, mascotaId, contenido, fechaComentario) values (231, 95, 1, 'comentario 231', '2022-10-21 06:03:09');
insert into comentarioPublicacionGrupo (comentarioPublicacionGrupoId, publicacionGrupoId, mascotaId, contenido, fechaComentario) values (232, 27, 6, 'comentario 232', '2023-06-09 04:39:03');
insert into comentarioPublicacionGrupo (comentarioPublicacionGrupoId, publicacionGrupoId, mascotaId, contenido, fechaComentario) values (233, 62, 56, 'comentario 233', '2022-08-08 04:49:45');
insert into comentarioPublicacionGrupo (comentarioPublicacionGrupoId, publicacionGrupoId, mascotaId, contenido, fechaComentario) values (234, 20, 47, 'comentario 234', '2022-07-27 10:50:28');
insert into comentarioPublicacionGrupo (comentarioPublicacionGrupoId, publicacionGrupoId, mascotaId, contenido, fechaComentario) values (235, 98, 63, 'comentario 235', '2022-09-21 15:29:08');
insert into comentarioPublicacionGrupo (comentarioPublicacionGrupoId, publicacionGrupoId, mascotaId, contenido, fechaComentario) values (236, 40, 77, 'comentario 236', '2023-06-04 12:51:37');
insert into comentarioPublicacionGrupo (comentarioPublicacionGrupoId, publicacionGrupoId, mascotaId, contenido, fechaComentario) values (237, 87, 99, 'comentario 237', '2023-07-30 17:04:44');
insert into comentarioPublicacionGrupo (comentarioPublicacionGrupoId, publicacionGrupoId, mascotaId, contenido, fechaComentario) values (238, 20, 40, 'comentario 238', '2023-07-20 23:45:10');
insert into comentarioPublicacionGrupo (comentarioPublicacionGrupoId, publicacionGrupoId, mascotaId, contenido, fechaComentario) values (239, 97, 53, 'comentario 239', '2023-07-02 02:21:36');
insert into comentarioPublicacionGrupo (comentarioPublicacionGrupoId, publicacionGrupoId, mascotaId, contenido, fechaComentario) values (240, 89, 16, 'comentario 240', '2023-11-07 20:41:15');
insert into comentarioPublicacionGrupo (comentarioPublicacionGrupoId, publicacionGrupoId, mascotaId, contenido, fechaComentario) values (241, 68, 92, 'comentario 241', '2023-12-16 10:36:47');
insert into comentarioPublicacionGrupo (comentarioPublicacionGrupoId, publicacionGrupoId, mascotaId, contenido, fechaComentario) values (242, 9, 64, 'comentario 242', '2023-06-10 13:26:01');
insert into comentarioPublicacionGrupo (comentarioPublicacionGrupoId, publicacionGrupoId, mascotaId, contenido, fechaComentario) values (243, 68, 34, 'comentario 243', '2022-02-27 02:16:55');
insert into comentarioPublicacionGrupo (comentarioPublicacionGrupoId, publicacionGrupoId, mascotaId, contenido, fechaComentario) values (244, 51, 82, 'comentario 244', '2023-09-07 04:03:23');
insert into comentarioPublicacionGrupo (comentarioPublicacionGrupoId, publicacionGrupoId, mascotaId, contenido, fechaComentario) values (245, 93, 14, 'comentario 245', '2022-04-25 22:05:56');
insert into comentarioPublicacionGrupo (comentarioPublicacionGrupoId, publicacionGrupoId, mascotaId, contenido, fechaComentario) values (246, 78, 36, 'comentario 246', '2022-08-20 06:52:26');
insert into comentarioPublicacionGrupo (comentarioPublicacionGrupoId, publicacionGrupoId, mascotaId, contenido, fechaComentario) values (247, 69, 59, 'comentario 247', '2023-11-16 12:15:22');
insert into comentarioPublicacionGrupo (comentarioPublicacionGrupoId, publicacionGrupoId, mascotaId, contenido, fechaComentario) values (248, 45, 85, 'comentario 248', '2022-08-09 11:14:21');
insert into comentarioPublicacionGrupo (comentarioPublicacionGrupoId, publicacionGrupoId, mascotaId, contenido, fechaComentario) values (249, 26, 77, 'comentario 249', '2022-01-02 10:23:26');
insert into comentarioPublicacionGrupo (comentarioPublicacionGrupoId, publicacionGrupoId, mascotaId, contenido, fechaComentario) values (250, 20, 52, 'comentario 250', '2023-01-01 02:53:46');
insert into comentarioPublicacionGrupo (comentarioPublicacionGrupoId, publicacionGrupoId, mascotaId, contenido, fechaComentario) values (251, 30, 3, 'comentario 251', '2023-09-03 03:20:22');
insert into comentarioPublicacionGrupo (comentarioPublicacionGrupoId, publicacionGrupoId, mascotaId, contenido, fechaComentario) values (252, 25, 78, 'comentario 252', '2022-08-03 15:40:52');
insert into comentarioPublicacionGrupo (comentarioPublicacionGrupoId, publicacionGrupoId, mascotaId, contenido, fechaComentario) values (253, 43, 59, 'comentario 253', '2022-05-21 09:46:25');
insert into comentarioPublicacionGrupo (comentarioPublicacionGrupoId, publicacionGrupoId, mascotaId, contenido, fechaComentario) values (254, 14, 3, 'comentario 254', '2023-06-26 06:25:58');
insert into comentarioPublicacionGrupo (comentarioPublicacionGrupoId, publicacionGrupoId, mascotaId, contenido, fechaComentario) values (255, 24, 14, 'comentario 255', '2023-07-16 18:38:05');
insert into comentarioPublicacionGrupo (comentarioPublicacionGrupoId, publicacionGrupoId, mascotaId, contenido, fechaComentario) values (256, 42, 56, 'comentario 256', '2023-11-26 04:16:19');
insert into comentarioPublicacionGrupo (comentarioPublicacionGrupoId, publicacionGrupoId, mascotaId, contenido, fechaComentario) values (257, 80, 24, 'comentario 257', '2023-03-06 07:51:30');
insert into comentarioPublicacionGrupo (comentarioPublicacionGrupoId, publicacionGrupoId, mascotaId, contenido, fechaComentario) values (258, 2, 22, 'comentario 258', '2023-03-26 12:00:00');
insert into comentarioPublicacionGrupo (comentarioPublicacionGrupoId, publicacionGrupoId, mascotaId, contenido, fechaComentario) values (259, 23, 53, 'comentario 259', '2023-05-14 04:34:55');
insert into comentarioPublicacionGrupo (comentarioPublicacionGrupoId, publicacionGrupoId, mascotaId, contenido, fechaComentario) values (260, 90, 68, 'comentario 260', '2023-02-13 02:55:11');
insert into comentarioPublicacionGrupo (comentarioPublicacionGrupoId, publicacionGrupoId, mascotaId, contenido, fechaComentario) values (261, 3, 52, 'comentario 261', '2022-01-30 09:56:18');
insert into comentarioPublicacionGrupo (comentarioPublicacionGrupoId, publicacionGrupoId, mascotaId, contenido, fechaComentario) values (262, 11, 69, 'comentario 262', '2022-04-30 18:42:43');
insert into comentarioPublicacionGrupo (comentarioPublicacionGrupoId, publicacionGrupoId, mascotaId, contenido, fechaComentario) values (263, 6, 84, 'comentario 263', '2023-06-09 11:35:38');
insert into comentarioPublicacionGrupo (comentarioPublicacionGrupoId, publicacionGrupoId, mascotaId, contenido, fechaComentario) values (264, 71, 98, 'comentario 264', '2023-05-24 21:16:16');
insert into comentarioPublicacionGrupo (comentarioPublicacionGrupoId, publicacionGrupoId, mascotaId, contenido, fechaComentario) values (265, 15, 90, 'comentario 265', '2023-07-17 21:32:03');
insert into comentarioPublicacionGrupo (comentarioPublicacionGrupoId, publicacionGrupoId, mascotaId, contenido, fechaComentario) values (266, 77, 97, 'comentario 266', '2022-08-29 20:14:39');
insert into comentarioPublicacionGrupo (comentarioPublicacionGrupoId, publicacionGrupoId, mascotaId, contenido, fechaComentario) values (267, 71, 92, 'comentario 267', '2022-06-25 15:48:36');
insert into comentarioPublicacionGrupo (comentarioPublicacionGrupoId, publicacionGrupoId, mascotaId, contenido, fechaComentario) values (268, 1, 87, 'comentario 268', '2023-01-12 10:07:11');
insert into comentarioPublicacionGrupo (comentarioPublicacionGrupoId, publicacionGrupoId, mascotaId, contenido, fechaComentario) values (269, 65, 44, 'comentario 269', '2023-01-14 08:31:16');
insert into comentarioPublicacionGrupo (comentarioPublicacionGrupoId, publicacionGrupoId, mascotaId, contenido, fechaComentario) values (270, 67, 100, 'comentario 270', '2023-11-19 20:13:16');
insert into comentarioPublicacionGrupo (comentarioPublicacionGrupoId, publicacionGrupoId, mascotaId, contenido, fechaComentario) values (271, 24, 63, 'comentario 271', '2023-07-04 18:48:40');
insert into comentarioPublicacionGrupo (comentarioPublicacionGrupoId, publicacionGrupoId, mascotaId, contenido, fechaComentario) values (272, 57, 15, 'comentario 272', '2022-02-01 08:55:09');
insert into comentarioPublicacionGrupo (comentarioPublicacionGrupoId, publicacionGrupoId, mascotaId, contenido, fechaComentario) values (273, 77, 100, 'comentario 273', '2023-03-20 01:26:06');
insert into comentarioPublicacionGrupo (comentarioPublicacionGrupoId, publicacionGrupoId, mascotaId, contenido, fechaComentario) values (274, 90, 24, 'comentario 274', '2023-10-20 10:22:48');
insert into comentarioPublicacionGrupo (comentarioPublicacionGrupoId, publicacionGrupoId, mascotaId, contenido, fechaComentario) values (275, 47, 97, 'comentario 275', '2023-05-07 22:45:28');
insert into comentarioPublicacionGrupo (comentarioPublicacionGrupoId, publicacionGrupoId, mascotaId, contenido, fechaComentario) values (276, 84, 60, 'comentario 276', '2023-05-31 00:08:35');
insert into comentarioPublicacionGrupo (comentarioPublicacionGrupoId, publicacionGrupoId, mascotaId, contenido, fechaComentario) values (277, 64, 1, 'comentario 277', '2022-08-18 17:36:58');
insert into comentarioPublicacionGrupo (comentarioPublicacionGrupoId, publicacionGrupoId, mascotaId, contenido, fechaComentario) values (278, 12, 33, 'comentario 278', '2022-01-27 16:01:05');
insert into comentarioPublicacionGrupo (comentarioPublicacionGrupoId, publicacionGrupoId, mascotaId, contenido, fechaComentario) values (279, 84, 40, 'comentario 279', '2022-09-16 02:23:42');
insert into comentarioPublicacionGrupo (comentarioPublicacionGrupoId, publicacionGrupoId, mascotaId, contenido, fechaComentario) values (280, 73, 57, 'comentario 280', '2023-12-28 06:51:11');
insert into comentarioPublicacionGrupo (comentarioPublicacionGrupoId, publicacionGrupoId, mascotaId, contenido, fechaComentario) values (281, 28, 18, 'comentario 281', '2023-05-14 10:42:07');
insert into comentarioPublicacionGrupo (comentarioPublicacionGrupoId, publicacionGrupoId, mascotaId, contenido, fechaComentario) values (282, 2, 88, 'comentario 282', '2023-02-02 22:17:43');
insert into comentarioPublicacionGrupo (comentarioPublicacionGrupoId, publicacionGrupoId, mascotaId, contenido, fechaComentario) values (283, 91, 92, 'comentario 283', '2023-05-06 08:32:41');
insert into comentarioPublicacionGrupo (comentarioPublicacionGrupoId, publicacionGrupoId, mascotaId, contenido, fechaComentario) values (284, 24, 75, 'comentario 284', '2022-08-22 20:22:34');
insert into comentarioPublicacionGrupo (comentarioPublicacionGrupoId, publicacionGrupoId, mascotaId, contenido, fechaComentario) values (285, 75, 53, 'comentario 285', '2022-10-27 23:24:45');
insert into comentarioPublicacionGrupo (comentarioPublicacionGrupoId, publicacionGrupoId, mascotaId, contenido, fechaComentario) values (286, 45, 67, 'comentario 286', '2022-08-23 23:03:38');
insert into comentarioPublicacionGrupo (comentarioPublicacionGrupoId, publicacionGrupoId, mascotaId, contenido, fechaComentario) values (287, 39, 28, 'comentario 287', '2023-12-11 14:52:16');
insert into comentarioPublicacionGrupo (comentarioPublicacionGrupoId, publicacionGrupoId, mascotaId, contenido, fechaComentario) values (288, 21, 44, 'comentario 288', '2022-12-31 05:10:38');
insert into comentarioPublicacionGrupo (comentarioPublicacionGrupoId, publicacionGrupoId, mascotaId, contenido, fechaComentario) values (289, 18, 15, 'comentario 289', '2022-04-04 02:32:44');
insert into comentarioPublicacionGrupo (comentarioPublicacionGrupoId, publicacionGrupoId, mascotaId, contenido, fechaComentario) values (290, 3, 16, 'comentario 290', '2022-01-11 02:59:42');
insert into comentarioPublicacionGrupo (comentarioPublicacionGrupoId, publicacionGrupoId, mascotaId, contenido, fechaComentario) values (291, 17, 83, 'comentario 291', '2022-06-11 11:46:19');
insert into comentarioPublicacionGrupo (comentarioPublicacionGrupoId, publicacionGrupoId, mascotaId, contenido, fechaComentario) values (292, 86, 39, 'comentario 292', '2022-03-12 04:20:43');
insert into comentarioPublicacionGrupo (comentarioPublicacionGrupoId, publicacionGrupoId, mascotaId, contenido, fechaComentario) values (293, 32, 92, 'comentario 293', '2023-01-28 18:37:05');
insert into comentarioPublicacionGrupo (comentarioPublicacionGrupoId, publicacionGrupoId, mascotaId, contenido, fechaComentario) values (294, 27, 38, 'comentario 294', '2022-09-25 09:16:19');
insert into comentarioPublicacionGrupo (comentarioPublicacionGrupoId, publicacionGrupoId, mascotaId, contenido, fechaComentario) values (295, 73, 72, 'comentario 295', '2022-06-04 15:07:42');
insert into comentarioPublicacionGrupo (comentarioPublicacionGrupoId, publicacionGrupoId, mascotaId, contenido, fechaComentario) values (296, 51, 41, 'comentario 296', '2022-07-09 15:46:53');
insert into comentarioPublicacionGrupo (comentarioPublicacionGrupoId, publicacionGrupoId, mascotaId, contenido, fechaComentario) values (297, 99, 11, 'comentario 297', '2023-03-04 21:34:46');
insert into comentarioPublicacionGrupo (comentarioPublicacionGrupoId, publicacionGrupoId, mascotaId, contenido, fechaComentario) values (298, 26, 72, 'comentario 298', '2022-07-22 10:27:42');
insert into comentarioPublicacionGrupo (comentarioPublicacionGrupoId, publicacionGrupoId, mascotaId, contenido, fechaComentario) values (299, 49, 39, 'comentario 299', '2023-12-06 08:21:29');
insert into comentarioPublicacionGrupo (comentarioPublicacionGrupoId, publicacionGrupoId, mascotaId, contenido, fechaComentario) values (300, 99, 21, 'comentario 300', '2023-03-16 17:31:38');
insert into comentarioPublicacionGrupo (comentarioPublicacionGrupoId, publicacionGrupoId, mascotaId, contenido, fechaComentario) values (301, 65, 53, 'comentario 301', '2022-09-26 15:25:42');
insert into comentarioPublicacionGrupo (comentarioPublicacionGrupoId, publicacionGrupoId, mascotaId, contenido, fechaComentario) values (302, 5, 67, 'comentario 302', '2023-11-01 04:57:18');
insert into comentarioPublicacionGrupo (comentarioPublicacionGrupoId, publicacionGrupoId, mascotaId, contenido, fechaComentario) values (303, 25, 39, 'comentario 303', '2023-03-06 07:59:12');
insert into comentarioPublicacionGrupo (comentarioPublicacionGrupoId, publicacionGrupoId, mascotaId, contenido, fechaComentario) values (304, 12, 71, 'comentario 304', '2023-04-14 14:04:20');
insert into comentarioPublicacionGrupo (comentarioPublicacionGrupoId, publicacionGrupoId, mascotaId, contenido, fechaComentario) values (305, 88, 81, 'comentario 305', '2022-08-19 10:10:23');
insert into comentarioPublicacionGrupo (comentarioPublicacionGrupoId, publicacionGrupoId, mascotaId, contenido, fechaComentario) values (306, 30, 18, 'comentario 306', '2022-12-01 01:56:21');
insert into comentarioPublicacionGrupo (comentarioPublicacionGrupoId, publicacionGrupoId, mascotaId, contenido, fechaComentario) values (307, 93, 54, 'comentario 307', '2023-05-18 14:04:21');
insert into comentarioPublicacionGrupo (comentarioPublicacionGrupoId, publicacionGrupoId, mascotaId, contenido, fechaComentario) values (308, 60, 34, 'comentario 308', '2023-04-21 09:07:31');
insert into comentarioPublicacionGrupo (comentarioPublicacionGrupoId, publicacionGrupoId, mascotaId, contenido, fechaComentario) values (309, 42, 65, 'comentario 309', '2023-04-05 06:08:32');
insert into comentarioPublicacionGrupo (comentarioPublicacionGrupoId, publicacionGrupoId, mascotaId, contenido, fechaComentario) values (310, 95, 40, 'comentario 310', '2023-09-09 10:30:42');
insert into comentarioPublicacionGrupo (comentarioPublicacionGrupoId, publicacionGrupoId, mascotaId, contenido, fechaComentario) values (311, 24, 81, 'comentario 311', '2023-10-25 03:18:36');
insert into comentarioPublicacionGrupo (comentarioPublicacionGrupoId, publicacionGrupoId, mascotaId, contenido, fechaComentario) values (312, 63, 36, 'comentario 312', '2023-02-22 22:44:55');
insert into comentarioPublicacionGrupo (comentarioPublicacionGrupoId, publicacionGrupoId, mascotaId, contenido, fechaComentario) values (313, 84, 3, 'comentario 313', '2023-03-12 08:12:20');
insert into comentarioPublicacionGrupo (comentarioPublicacionGrupoId, publicacionGrupoId, mascotaId, contenido, fechaComentario) values (314, 15, 74, 'comentario 314', '2023-12-28 20:30:03');
insert into comentarioPublicacionGrupo (comentarioPublicacionGrupoId, publicacionGrupoId, mascotaId, contenido, fechaComentario) values (315, 11, 9, 'comentario 315', '2022-04-18 22:09:28');
insert into comentarioPublicacionGrupo (comentarioPublicacionGrupoId, publicacionGrupoId, mascotaId, contenido, fechaComentario) values (316, 62, 75, 'comentario 316', '2022-11-29 02:20:01');
insert into comentarioPublicacionGrupo (comentarioPublicacionGrupoId, publicacionGrupoId, mascotaId, contenido, fechaComentario) values (317, 21, 21, 'comentario 317', '2022-08-29 13:32:44');
insert into comentarioPublicacionGrupo (comentarioPublicacionGrupoId, publicacionGrupoId, mascotaId, contenido, fechaComentario) values (318, 67, 30, 'comentario 318', '2022-11-19 03:02:44');
insert into comentarioPublicacionGrupo (comentarioPublicacionGrupoId, publicacionGrupoId, mascotaId, contenido, fechaComentario) values (319, 46, 59, 'comentario 319', '2022-09-27 22:40:10');
insert into comentarioPublicacionGrupo (comentarioPublicacionGrupoId, publicacionGrupoId, mascotaId, contenido, fechaComentario) values (320, 23, 37, 'comentario 320', '2022-09-04 12:43:25');
insert into comentarioPublicacionGrupo (comentarioPublicacionGrupoId, publicacionGrupoId, mascotaId, contenido, fechaComentario) values (321, 87, 59, 'comentario 321', '2023-12-13 12:21:44');
insert into comentarioPublicacionGrupo (comentarioPublicacionGrupoId, publicacionGrupoId, mascotaId, contenido, fechaComentario) values (322, 4, 89, 'comentario 322', '2023-02-09 13:55:07');
insert into comentarioPublicacionGrupo (comentarioPublicacionGrupoId, publicacionGrupoId, mascotaId, contenido, fechaComentario) values (323, 88, 42, 'comentario 323', '2022-05-15 05:07:52');
insert into comentarioPublicacionGrupo (comentarioPublicacionGrupoId, publicacionGrupoId, mascotaId, contenido, fechaComentario) values (324, 68, 64, 'comentario 324', '2022-09-25 23:29:15');
insert into comentarioPublicacionGrupo (comentarioPublicacionGrupoId, publicacionGrupoId, mascotaId, contenido, fechaComentario) values (325, 36, 47, 'comentario 325', '2023-11-05 02:07:07');
insert into comentarioPublicacionGrupo (comentarioPublicacionGrupoId, publicacionGrupoId, mascotaId, contenido, fechaComentario) values (326, 97, 34, 'comentario 326', '2022-03-14 15:48:55');
insert into comentarioPublicacionGrupo (comentarioPublicacionGrupoId, publicacionGrupoId, mascotaId, contenido, fechaComentario) values (327, 85, 34, 'comentario 327', '2023-07-11 15:37:54');
insert into comentarioPublicacionGrupo (comentarioPublicacionGrupoId, publicacionGrupoId, mascotaId, contenido, fechaComentario) values (328, 99, 45, 'comentario 328', '2023-10-02 00:47:46');
insert into comentarioPublicacionGrupo (comentarioPublicacionGrupoId, publicacionGrupoId, mascotaId, contenido, fechaComentario) values (329, 94, 44, 'comentario 329', '2023-08-05 19:13:14');
insert into comentarioPublicacionGrupo (comentarioPublicacionGrupoId, publicacionGrupoId, mascotaId, contenido, fechaComentario) values (330, 95, 88, 'comentario 330', '2023-02-05 13:51:39');
insert into comentarioPublicacionGrupo (comentarioPublicacionGrupoId, publicacionGrupoId, mascotaId, contenido, fechaComentario) values (331, 45, 82, 'comentario 331', '2022-07-06 05:01:23');
insert into comentarioPublicacionGrupo (comentarioPublicacionGrupoId, publicacionGrupoId, mascotaId, contenido, fechaComentario) values (332, 74, 68, 'comentario 332', '2022-05-25 04:40:29');
insert into comentarioPublicacionGrupo (comentarioPublicacionGrupoId, publicacionGrupoId, mascotaId, contenido, fechaComentario) values (333, 22, 44, 'comentario 333', '2023-02-11 12:15:28');
insert into comentarioPublicacionGrupo (comentarioPublicacionGrupoId, publicacionGrupoId, mascotaId, contenido, fechaComentario) values (334, 6, 17, 'comentario 334', '2022-12-31 16:22:22');
insert into comentarioPublicacionGrupo (comentarioPublicacionGrupoId, publicacionGrupoId, mascotaId, contenido, fechaComentario) values (335, 10, 10, 'comentario 335', '2022-07-06 11:33:22');
insert into comentarioPublicacionGrupo (comentarioPublicacionGrupoId, publicacionGrupoId, mascotaId, contenido, fechaComentario) values (336, 86, 91, 'comentario 336', '2022-04-23 04:53:13');
insert into comentarioPublicacionGrupo (comentarioPublicacionGrupoId, publicacionGrupoId, mascotaId, contenido, fechaComentario) values (337, 61, 95, 'comentario 337', '2023-05-10 18:29:10');
insert into comentarioPublicacionGrupo (comentarioPublicacionGrupoId, publicacionGrupoId, mascotaId, contenido, fechaComentario) values (338, 4, 29, 'comentario 338', '2022-03-28 13:38:49');
insert into comentarioPublicacionGrupo (comentarioPublicacionGrupoId, publicacionGrupoId, mascotaId, contenido, fechaComentario) values (339, 60, 93, 'comentario 339', '2022-12-20 18:06:23');
insert into comentarioPublicacionGrupo (comentarioPublicacionGrupoId, publicacionGrupoId, mascotaId, contenido, fechaComentario) values (340, 4, 18, 'comentario 340', '2023-10-18 11:41:26');
insert into comentarioPublicacionGrupo (comentarioPublicacionGrupoId, publicacionGrupoId, mascotaId, contenido, fechaComentario) values (341, 23, 33, 'comentario 341', '2023-02-04 18:53:22');
insert into comentarioPublicacionGrupo (comentarioPublicacionGrupoId, publicacionGrupoId, mascotaId, contenido, fechaComentario) values (342, 77, 8, 'comentario 342', '2023-08-25 08:32:37');
insert into comentarioPublicacionGrupo (comentarioPublicacionGrupoId, publicacionGrupoId, mascotaId, contenido, fechaComentario) values (343, 82, 99, 'comentario 343', '2023-07-14 01:20:36');
insert into comentarioPublicacionGrupo (comentarioPublicacionGrupoId, publicacionGrupoId, mascotaId, contenido, fechaComentario) values (344, 70, 4, 'comentario 344', '2023-07-14 11:26:33');
insert into comentarioPublicacionGrupo (comentarioPublicacionGrupoId, publicacionGrupoId, mascotaId, contenido, fechaComentario) values (345, 54, 94, 'comentario 345', '2023-02-25 00:49:18');
insert into comentarioPublicacionGrupo (comentarioPublicacionGrupoId, publicacionGrupoId, mascotaId, contenido, fechaComentario) values (346, 7, 21, 'comentario 346', '2022-02-04 03:12:24');
insert into comentarioPublicacionGrupo (comentarioPublicacionGrupoId, publicacionGrupoId, mascotaId, contenido, fechaComentario) values (347, 80, 12, 'comentario 347', '2023-11-17 12:06:31');
insert into comentarioPublicacionGrupo (comentarioPublicacionGrupoId, publicacionGrupoId, mascotaId, contenido, fechaComentario) values (348, 91, 25, 'comentario 348', '2023-01-17 17:05:05');
insert into comentarioPublicacionGrupo (comentarioPublicacionGrupoId, publicacionGrupoId, mascotaId, contenido, fechaComentario) values (349, 68, 50, 'comentario 349', '2022-08-19 05:46:31');
insert into comentarioPublicacionGrupo (comentarioPublicacionGrupoId, publicacionGrupoId, mascotaId, contenido, fechaComentario) values (350, 90, 54, 'comentario 350', '2022-02-21 22:28:25');
insert into comentarioPublicacionGrupo (comentarioPublicacionGrupoId, publicacionGrupoId, mascotaId, contenido, fechaComentario) values (351, 89, 10, 'comentario 351', '2022-06-27 07:42:13');
insert into comentarioPublicacionGrupo (comentarioPublicacionGrupoId, publicacionGrupoId, mascotaId, contenido, fechaComentario) values (352, 36, 71, 'comentario 352', '2023-07-02 13:43:15');
insert into comentarioPublicacionGrupo (comentarioPublicacionGrupoId, publicacionGrupoId, mascotaId, contenido, fechaComentario) values (353, 23, 63, 'comentario 353', '2023-08-23 00:37:45');
insert into comentarioPublicacionGrupo (comentarioPublicacionGrupoId, publicacionGrupoId, mascotaId, contenido, fechaComentario) values (354, 41, 72, 'comentario 354', '2022-08-03 09:54:55');
insert into comentarioPublicacionGrupo (comentarioPublicacionGrupoId, publicacionGrupoId, mascotaId, contenido, fechaComentario) values (355, 90, 13, 'comentario 355', '2022-01-03 11:32:01');
insert into comentarioPublicacionGrupo (comentarioPublicacionGrupoId, publicacionGrupoId, mascotaId, contenido, fechaComentario) values (356, 100, 45, 'comentario 356', '2023-08-08 18:34:22');
insert into comentarioPublicacionGrupo (comentarioPublicacionGrupoId, publicacionGrupoId, mascotaId, contenido, fechaComentario) values (357, 66, 94, 'comentario 357', '2023-03-04 16:11:40');
insert into comentarioPublicacionGrupo (comentarioPublicacionGrupoId, publicacionGrupoId, mascotaId, contenido, fechaComentario) values (358, 81, 100, 'comentario 358', '2022-10-21 23:29:09');
insert into comentarioPublicacionGrupo (comentarioPublicacionGrupoId, publicacionGrupoId, mascotaId, contenido, fechaComentario) values (359, 88, 76, 'comentario 359', '2023-03-05 13:13:48');
insert into comentarioPublicacionGrupo (comentarioPublicacionGrupoId, publicacionGrupoId, mascotaId, contenido, fechaComentario) values (360, 28, 1, 'comentario 360', '2023-09-03 04:49:02');
insert into comentarioPublicacionGrupo (comentarioPublicacionGrupoId, publicacionGrupoId, mascotaId, contenido, fechaComentario) values (361, 50, 49, 'comentario 361', '2023-06-22 06:45:53');
insert into comentarioPublicacionGrupo (comentarioPublicacionGrupoId, publicacionGrupoId, mascotaId, contenido, fechaComentario) values (362, 98, 28, 'comentario 362', '2022-03-08 19:47:56');
insert into comentarioPublicacionGrupo (comentarioPublicacionGrupoId, publicacionGrupoId, mascotaId, contenido, fechaComentario) values (363, 86, 11, 'comentario 363', '2023-02-06 14:18:03');
insert into comentarioPublicacionGrupo (comentarioPublicacionGrupoId, publicacionGrupoId, mascotaId, contenido, fechaComentario) values (364, 9, 46, 'comentario 364', '2023-08-10 07:32:01');
insert into comentarioPublicacionGrupo (comentarioPublicacionGrupoId, publicacionGrupoId, mascotaId, contenido, fechaComentario) values (365, 84, 52, 'comentario 365', '2023-08-06 23:40:41');
insert into comentarioPublicacionGrupo (comentarioPublicacionGrupoId, publicacionGrupoId, mascotaId, contenido, fechaComentario) values (366, 23, 32, 'comentario 366', '2022-01-17 19:36:32');
insert into comentarioPublicacionGrupo (comentarioPublicacionGrupoId, publicacionGrupoId, mascotaId, contenido, fechaComentario) values (367, 45, 60, 'comentario 367', '2022-04-06 10:14:28');
insert into comentarioPublicacionGrupo (comentarioPublicacionGrupoId, publicacionGrupoId, mascotaId, contenido, fechaComentario) values (368, 34, 41, 'comentario 368', '2022-04-04 14:25:15');
insert into comentarioPublicacionGrupo (comentarioPublicacionGrupoId, publicacionGrupoId, mascotaId, contenido, fechaComentario) values (369, 57, 84, 'comentario 369', '2023-10-29 10:33:36');
insert into comentarioPublicacionGrupo (comentarioPublicacionGrupoId, publicacionGrupoId, mascotaId, contenido, fechaComentario) values (370, 82, 32, 'comentario 370', '2023-11-12 13:01:36');
insert into comentarioPublicacionGrupo (comentarioPublicacionGrupoId, publicacionGrupoId, mascotaId, contenido, fechaComentario) values (371, 84, 85, 'comentario 371', '2023-09-22 09:24:37');
insert into comentarioPublicacionGrupo (comentarioPublicacionGrupoId, publicacionGrupoId, mascotaId, contenido, fechaComentario) values (372, 39, 91, 'comentario 372', '2023-10-26 11:54:17');
insert into comentarioPublicacionGrupo (comentarioPublicacionGrupoId, publicacionGrupoId, mascotaId, contenido, fechaComentario) values (373, 47, 33, 'comentario 373', '2023-06-01 15:30:13');
insert into comentarioPublicacionGrupo (comentarioPublicacionGrupoId, publicacionGrupoId, mascotaId, contenido, fechaComentario) values (374, 40, 73, 'comentario 374', '2022-11-25 00:28:40');
insert into comentarioPublicacionGrupo (comentarioPublicacionGrupoId, publicacionGrupoId, mascotaId, contenido, fechaComentario) values (375, 5, 51, 'comentario 375', '2023-01-24 23:31:52');
insert into comentarioPublicacionGrupo (comentarioPublicacionGrupoId, publicacionGrupoId, mascotaId, contenido, fechaComentario) values (376, 3, 85, 'comentario 376', '2023-05-05 06:17:14');
insert into comentarioPublicacionGrupo (comentarioPublicacionGrupoId, publicacionGrupoId, mascotaId, contenido, fechaComentario) values (377, 55, 63, 'comentario 377', '2022-11-03 06:58:03');
insert into comentarioPublicacionGrupo (comentarioPublicacionGrupoId, publicacionGrupoId, mascotaId, contenido, fechaComentario) values (378, 76, 57, 'comentario 378', '2023-12-24 08:05:22');
insert into comentarioPublicacionGrupo (comentarioPublicacionGrupoId, publicacionGrupoId, mascotaId, contenido, fechaComentario) values (379, 23, 65, 'comentario 379', '2023-03-25 23:03:15');
insert into comentarioPublicacionGrupo (comentarioPublicacionGrupoId, publicacionGrupoId, mascotaId, contenido, fechaComentario) values (380, 70, 27, 'comentario 380', '2022-09-15 08:32:51');
insert into comentarioPublicacionGrupo (comentarioPublicacionGrupoId, publicacionGrupoId, mascotaId, contenido, fechaComentario) values (381, 60, 1, 'comentario 381', '2023-05-23 12:46:17');
insert into comentarioPublicacionGrupo (comentarioPublicacionGrupoId, publicacionGrupoId, mascotaId, contenido, fechaComentario) values (382, 8, 15, 'comentario 382', '2023-05-27 16:25:59');
insert into comentarioPublicacionGrupo (comentarioPublicacionGrupoId, publicacionGrupoId, mascotaId, contenido, fechaComentario) values (383, 67, 29, 'comentario 383', '2022-03-02 08:32:43');
insert into comentarioPublicacionGrupo (comentarioPublicacionGrupoId, publicacionGrupoId, mascotaId, contenido, fechaComentario) values (384, 89, 84, 'comentario 384', '2023-10-30 15:54:32');
insert into comentarioPublicacionGrupo (comentarioPublicacionGrupoId, publicacionGrupoId, mascotaId, contenido, fechaComentario) values (385, 64, 47, 'comentario 385', '2023-01-29 12:20:47');
insert into comentarioPublicacionGrupo (comentarioPublicacionGrupoId, publicacionGrupoId, mascotaId, contenido, fechaComentario) values (386, 90, 62, 'comentario 386', '2023-10-22 03:16:31');
insert into comentarioPublicacionGrupo (comentarioPublicacionGrupoId, publicacionGrupoId, mascotaId, contenido, fechaComentario) values (387, 43, 71, 'comentario 387', '2022-02-04 22:48:33');
insert into comentarioPublicacionGrupo (comentarioPublicacionGrupoId, publicacionGrupoId, mascotaId, contenido, fechaComentario) values (388, 44, 96, 'comentario 388', '2023-05-18 18:07:19');
insert into comentarioPublicacionGrupo (comentarioPublicacionGrupoId, publicacionGrupoId, mascotaId, contenido, fechaComentario) values (389, 8, 20, 'comentario 389', '2022-09-08 10:00:56');
insert into comentarioPublicacionGrupo (comentarioPublicacionGrupoId, publicacionGrupoId, mascotaId, contenido, fechaComentario) values (390, 40, 32, 'comentario 390', '2022-09-12 09:13:54');
insert into comentarioPublicacionGrupo (comentarioPublicacionGrupoId, publicacionGrupoId, mascotaId, contenido, fechaComentario) values (391, 81, 65, 'comentario 391', '2023-02-12 01:08:46');
insert into comentarioPublicacionGrupo (comentarioPublicacionGrupoId, publicacionGrupoId, mascotaId, contenido, fechaComentario) values (392, 51, 6, 'comentario 392', '2023-12-05 21:43:46');
insert into comentarioPublicacionGrupo (comentarioPublicacionGrupoId, publicacionGrupoId, mascotaId, contenido, fechaComentario) values (393, 95, 39, 'comentario 393', '2023-01-30 23:26:38');
insert into comentarioPublicacionGrupo (comentarioPublicacionGrupoId, publicacionGrupoId, mascotaId, contenido, fechaComentario) values (394, 8, 70, 'comentario 394', '2022-07-11 18:37:06');
insert into comentarioPublicacionGrupo (comentarioPublicacionGrupoId, publicacionGrupoId, mascotaId, contenido, fechaComentario) values (395, 85, 11, 'comentario 395', '2023-11-18 01:01:48');
insert into comentarioPublicacionGrupo (comentarioPublicacionGrupoId, publicacionGrupoId, mascotaId, contenido, fechaComentario) values (396, 43, 26, 'comentario 396', '2022-01-14 03:46:53');
insert into comentarioPublicacionGrupo (comentarioPublicacionGrupoId, publicacionGrupoId, mascotaId, contenido, fechaComentario) values (397, 4, 11, 'comentario 397', '2023-05-08 18:38:19');
insert into comentarioPublicacionGrupo (comentarioPublicacionGrupoId, publicacionGrupoId, mascotaId, contenido, fechaComentario) values (398, 68, 19, 'comentario 398', '2022-02-14 02:17:00');
insert into comentarioPublicacionGrupo (comentarioPublicacionGrupoId, publicacionGrupoId, mascotaId, contenido, fechaComentario) values (399, 31, 74, 'comentario 399', '2023-02-02 16:40:57');
insert into comentarioPublicacionGrupo (comentarioPublicacionGrupoId, publicacionGrupoId, mascotaId, contenido, fechaComentario) values (400, 97, 32, 'comentario 400', '2023-01-01 04:01:10');
insert into comentarioPublicacionGrupo (comentarioPublicacionGrupoId, publicacionGrupoId, mascotaId, contenido, fechaComentario) values (401, 62, 100, 'comentario 401', '2022-01-19 12:41:48');
insert into comentarioPublicacionGrupo (comentarioPublicacionGrupoId, publicacionGrupoId, mascotaId, contenido, fechaComentario) values (402, 87, 53, 'comentario 402', '2022-04-05 20:23:49');
insert into comentarioPublicacionGrupo (comentarioPublicacionGrupoId, publicacionGrupoId, mascotaId, contenido, fechaComentario) values (403, 99, 9, 'comentario 403', '2023-09-05 12:08:14');
insert into comentarioPublicacionGrupo (comentarioPublicacionGrupoId, publicacionGrupoId, mascotaId, contenido, fechaComentario) values (404, 80, 4, 'comentario 404', '2022-05-02 15:07:28');
insert into comentarioPublicacionGrupo (comentarioPublicacionGrupoId, publicacionGrupoId, mascotaId, contenido, fechaComentario) values (405, 34, 13, 'comentario 405', '2023-05-26 19:40:43');
insert into comentarioPublicacionGrupo (comentarioPublicacionGrupoId, publicacionGrupoId, mascotaId, contenido, fechaComentario) values (406, 89, 16, 'comentario 406', '2023-09-08 04:53:23');
insert into comentarioPublicacionGrupo (comentarioPublicacionGrupoId, publicacionGrupoId, mascotaId, contenido, fechaComentario) values (407, 70, 75, 'comentario 407', '2023-09-12 18:27:36');
insert into comentarioPublicacionGrupo (comentarioPublicacionGrupoId, publicacionGrupoId, mascotaId, contenido, fechaComentario) values (408, 71, 65, 'comentario 408', '2022-03-01 20:06:11');
insert into comentarioPublicacionGrupo (comentarioPublicacionGrupoId, publicacionGrupoId, mascotaId, contenido, fechaComentario) values (409, 5, 1, 'comentario 409', '2022-03-19 14:37:20');
insert into comentarioPublicacionGrupo (comentarioPublicacionGrupoId, publicacionGrupoId, mascotaId, contenido, fechaComentario) values (410, 39, 83, 'comentario 410', '2023-07-14 02:12:14');
insert into comentarioPublicacionGrupo (comentarioPublicacionGrupoId, publicacionGrupoId, mascotaId, contenido, fechaComentario) values (411, 52, 65, 'comentario 411', '2022-11-20 14:13:57');
insert into comentarioPublicacionGrupo (comentarioPublicacionGrupoId, publicacionGrupoId, mascotaId, contenido, fechaComentario) values (412, 88, 79, 'comentario 412', '2023-03-15 07:22:50');
insert into comentarioPublicacionGrupo (comentarioPublicacionGrupoId, publicacionGrupoId, mascotaId, contenido, fechaComentario) values (413, 36, 18, 'comentario 413', '2023-12-27 01:51:44');
insert into comentarioPublicacionGrupo (comentarioPublicacionGrupoId, publicacionGrupoId, mascotaId, contenido, fechaComentario) values (414, 18, 77, 'comentario 414', '2022-01-19 01:06:37');
insert into comentarioPublicacionGrupo (comentarioPublicacionGrupoId, publicacionGrupoId, mascotaId, contenido, fechaComentario) values (415, 97, 82, 'comentario 415', '2023-11-23 18:38:55');
insert into comentarioPublicacionGrupo (comentarioPublicacionGrupoId, publicacionGrupoId, mascotaId, contenido, fechaComentario) values (416, 59, 31, 'comentario 416', '2023-07-04 03:13:01');
insert into comentarioPublicacionGrupo (comentarioPublicacionGrupoId, publicacionGrupoId, mascotaId, contenido, fechaComentario) values (417, 84, 62, 'comentario 417', '2023-04-18 21:57:43');
insert into comentarioPublicacionGrupo (comentarioPublicacionGrupoId, publicacionGrupoId, mascotaId, contenido, fechaComentario) values (418, 77, 21, 'comentario 418', '2022-03-18 12:19:47');
insert into comentarioPublicacionGrupo (comentarioPublicacionGrupoId, publicacionGrupoId, mascotaId, contenido, fechaComentario) values (419, 53, 14, 'comentario 419', '2022-04-28 09:09:48');
insert into comentarioPublicacionGrupo (comentarioPublicacionGrupoId, publicacionGrupoId, mascotaId, contenido, fechaComentario) values (420, 5, 3, 'comentario 420', '2022-03-06 18:16:05');
insert into comentarioPublicacionGrupo (comentarioPublicacionGrupoId, publicacionGrupoId, mascotaId, contenido, fechaComentario) values (421, 22, 47, 'comentario 421', '2022-03-05 01:45:23');
insert into comentarioPublicacionGrupo (comentarioPublicacionGrupoId, publicacionGrupoId, mascotaId, contenido, fechaComentario) values (422, 40, 1, 'comentario 422', '2023-01-11 17:15:03');
insert into comentarioPublicacionGrupo (comentarioPublicacionGrupoId, publicacionGrupoId, mascotaId, contenido, fechaComentario) values (423, 80, 8, 'comentario 423', '2023-01-14 22:00:58');
insert into comentarioPublicacionGrupo (comentarioPublicacionGrupoId, publicacionGrupoId, mascotaId, contenido, fechaComentario) values (424, 89, 45, 'comentario 424', '2023-05-13 22:02:08');
insert into comentarioPublicacionGrupo (comentarioPublicacionGrupoId, publicacionGrupoId, mascotaId, contenido, fechaComentario) values (425, 49, 11, 'comentario 425', '2023-07-21 16:42:03');
insert into comentarioPublicacionGrupo (comentarioPublicacionGrupoId, publicacionGrupoId, mascotaId, contenido, fechaComentario) values (426, 30, 81, 'comentario 426', '2023-09-03 05:59:11');
insert into comentarioPublicacionGrupo (comentarioPublicacionGrupoId, publicacionGrupoId, mascotaId, contenido, fechaComentario) values (427, 60, 91, 'comentario 427', '2022-03-08 18:40:44');
insert into comentarioPublicacionGrupo (comentarioPublicacionGrupoId, publicacionGrupoId, mascotaId, contenido, fechaComentario) values (428, 91, 96, 'comentario 428', '2022-01-14 17:02:45');
insert into comentarioPublicacionGrupo (comentarioPublicacionGrupoId, publicacionGrupoId, mascotaId, contenido, fechaComentario) values (429, 1, 64, 'comentario 429', '2022-06-25 05:07:52');
insert into comentarioPublicacionGrupo (comentarioPublicacionGrupoId, publicacionGrupoId, mascotaId, contenido, fechaComentario) values (430, 37, 94, 'comentario 430', '2023-12-22 10:13:34');
insert into comentarioPublicacionGrupo (comentarioPublicacionGrupoId, publicacionGrupoId, mascotaId, contenido, fechaComentario) values (431, 67, 19, 'comentario 431', '2023-02-08 18:56:13');
insert into comentarioPublicacionGrupo (comentarioPublicacionGrupoId, publicacionGrupoId, mascotaId, contenido, fechaComentario) values (432, 30, 16, 'comentario 432', '2023-09-11 15:27:24');
insert into comentarioPublicacionGrupo (comentarioPublicacionGrupoId, publicacionGrupoId, mascotaId, contenido, fechaComentario) values (433, 61, 91, 'comentario 433', '2023-10-09 00:16:15');
insert into comentarioPublicacionGrupo (comentarioPublicacionGrupoId, publicacionGrupoId, mascotaId, contenido, fechaComentario) values (434, 3, 60, 'comentario 434', '2022-08-29 00:39:41');
insert into comentarioPublicacionGrupo (comentarioPublicacionGrupoId, publicacionGrupoId, mascotaId, contenido, fechaComentario) values (435, 43, 87, 'comentario 435', '2023-02-21 08:18:40');
insert into comentarioPublicacionGrupo (comentarioPublicacionGrupoId, publicacionGrupoId, mascotaId, contenido, fechaComentario) values (436, 34, 100, 'comentario 436', '2022-01-02 07:01:07');
insert into comentarioPublicacionGrupo (comentarioPublicacionGrupoId, publicacionGrupoId, mascotaId, contenido, fechaComentario) values (437, 25, 48, 'comentario 437', '2023-04-13 10:14:10');
insert into comentarioPublicacionGrupo (comentarioPublicacionGrupoId, publicacionGrupoId, mascotaId, contenido, fechaComentario) values (438, 56, 69, 'comentario 438', '2023-12-23 18:46:10');
insert into comentarioPublicacionGrupo (comentarioPublicacionGrupoId, publicacionGrupoId, mascotaId, contenido, fechaComentario) values (439, 13, 18, 'comentario 439', '2022-11-02 12:17:53');
insert into comentarioPublicacionGrupo (comentarioPublicacionGrupoId, publicacionGrupoId, mascotaId, contenido, fechaComentario) values (440, 96, 92, 'comentario 440', '2022-12-11 16:16:17');
insert into comentarioPublicacionGrupo (comentarioPublicacionGrupoId, publicacionGrupoId, mascotaId, contenido, fechaComentario) values (441, 52, 48, 'comentario 441', '2023-10-13 00:42:38');
insert into comentarioPublicacionGrupo (comentarioPublicacionGrupoId, publicacionGrupoId, mascotaId, contenido, fechaComentario) values (442, 66, 35, 'comentario 442', '2022-04-24 21:10:59');
insert into comentarioPublicacionGrupo (comentarioPublicacionGrupoId, publicacionGrupoId, mascotaId, contenido, fechaComentario) values (443, 1, 52, 'comentario 443', '2022-04-26 16:48:05');
insert into comentarioPublicacionGrupo (comentarioPublicacionGrupoId, publicacionGrupoId, mascotaId, contenido, fechaComentario) values (444, 32, 13, 'comentario 444', '2022-03-23 07:58:28');
insert into comentarioPublicacionGrupo (comentarioPublicacionGrupoId, publicacionGrupoId, mascotaId, contenido, fechaComentario) values (445, 89, 44, 'comentario 445', '2023-01-11 11:31:12');
insert into comentarioPublicacionGrupo (comentarioPublicacionGrupoId, publicacionGrupoId, mascotaId, contenido, fechaComentario) values (446, 63, 67, 'comentario 446', '2023-04-17 21:16:06');
insert into comentarioPublicacionGrupo (comentarioPublicacionGrupoId, publicacionGrupoId, mascotaId, contenido, fechaComentario) values (447, 44, 2, 'comentario 447', '2022-07-18 02:28:03');
insert into comentarioPublicacionGrupo (comentarioPublicacionGrupoId, publicacionGrupoId, mascotaId, contenido, fechaComentario) values (448, 47, 65, 'comentario 448', '2023-11-30 07:57:20');
insert into comentarioPublicacionGrupo (comentarioPublicacionGrupoId, publicacionGrupoId, mascotaId, contenido, fechaComentario) values (449, 73, 51, 'comentario 449', '2022-08-16 20:29:27');
insert into comentarioPublicacionGrupo (comentarioPublicacionGrupoId, publicacionGrupoId, mascotaId, contenido, fechaComentario) values (450, 5, 56, 'comentario 450', '2023-07-19 11:23:30');
insert into comentarioPublicacionGrupo (comentarioPublicacionGrupoId, publicacionGrupoId, mascotaId, contenido, fechaComentario) values (451, 26, 45, 'comentario 451', '2022-11-05 07:35:07');
insert into comentarioPublicacionGrupo (comentarioPublicacionGrupoId, publicacionGrupoId, mascotaId, contenido, fechaComentario) values (452, 73, 78, 'comentario 452', '2023-10-21 01:31:23');
insert into comentarioPublicacionGrupo (comentarioPublicacionGrupoId, publicacionGrupoId, mascotaId, contenido, fechaComentario) values (453, 11, 21, 'comentario 453', '2022-07-03 03:58:32');
insert into comentarioPublicacionGrupo (comentarioPublicacionGrupoId, publicacionGrupoId, mascotaId, contenido, fechaComentario) values (454, 11, 38, 'comentario 454', '2023-04-26 12:09:53');
insert into comentarioPublicacionGrupo (comentarioPublicacionGrupoId, publicacionGrupoId, mascotaId, contenido, fechaComentario) values (455, 68, 10, 'comentario 455', '2022-12-01 09:30:25');
insert into comentarioPublicacionGrupo (comentarioPublicacionGrupoId, publicacionGrupoId, mascotaId, contenido, fechaComentario) values (456, 63, 93, 'comentario 456', '2022-07-07 18:49:03');
insert into comentarioPublicacionGrupo (comentarioPublicacionGrupoId, publicacionGrupoId, mascotaId, contenido, fechaComentario) values (457, 17, 97, 'comentario 457', '2022-07-03 16:03:05');
insert into comentarioPublicacionGrupo (comentarioPublicacionGrupoId, publicacionGrupoId, mascotaId, contenido, fechaComentario) values (458, 84, 25, 'comentario 458', '2023-08-18 23:09:01');
insert into comentarioPublicacionGrupo (comentarioPublicacionGrupoId, publicacionGrupoId, mascotaId, contenido, fechaComentario) values (459, 94, 32, 'comentario 459', '2023-09-17 20:38:56');
insert into comentarioPublicacionGrupo (comentarioPublicacionGrupoId, publicacionGrupoId, mascotaId, contenido, fechaComentario) values (460, 34, 65, 'comentario 460', '2022-09-23 15:23:52');
insert into comentarioPublicacionGrupo (comentarioPublicacionGrupoId, publicacionGrupoId, mascotaId, contenido, fechaComentario) values (461, 19, 10, 'comentario 461', '2023-08-05 17:30:20');
insert into comentarioPublicacionGrupo (comentarioPublicacionGrupoId, publicacionGrupoId, mascotaId, contenido, fechaComentario) values (462, 39, 72, 'comentario 462', '2023-09-29 10:05:41');
insert into comentarioPublicacionGrupo (comentarioPublicacionGrupoId, publicacionGrupoId, mascotaId, contenido, fechaComentario) values (463, 16, 37, 'comentario 463', '2022-04-25 07:14:59');
insert into comentarioPublicacionGrupo (comentarioPublicacionGrupoId, publicacionGrupoId, mascotaId, contenido, fechaComentario) values (464, 1, 22, 'comentario 464', '2023-05-28 17:52:22');
insert into comentarioPublicacionGrupo (comentarioPublicacionGrupoId, publicacionGrupoId, mascotaId, contenido, fechaComentario) values (465, 14, 23, 'comentario 465', '2022-08-09 18:52:16');
insert into comentarioPublicacionGrupo (comentarioPublicacionGrupoId, publicacionGrupoId, mascotaId, contenido, fechaComentario) values (466, 23, 57, 'comentario 466', '2022-10-25 10:42:36');
insert into comentarioPublicacionGrupo (comentarioPublicacionGrupoId, publicacionGrupoId, mascotaId, contenido, fechaComentario) values (467, 68, 67, 'comentario 467', '2023-08-23 15:04:16');
insert into comentarioPublicacionGrupo (comentarioPublicacionGrupoId, publicacionGrupoId, mascotaId, contenido, fechaComentario) values (468, 63, 13, 'comentario 468', '2022-06-23 00:21:01');
insert into comentarioPublicacionGrupo (comentarioPublicacionGrupoId, publicacionGrupoId, mascotaId, contenido, fechaComentario) values (469, 57, 28, 'comentario 469', '2023-04-22 00:48:19');
insert into comentarioPublicacionGrupo (comentarioPublicacionGrupoId, publicacionGrupoId, mascotaId, contenido, fechaComentario) values (470, 21, 65, 'comentario 470', '2022-10-05 05:24:03');
insert into comentarioPublicacionGrupo (comentarioPublicacionGrupoId, publicacionGrupoId, mascotaId, contenido, fechaComentario) values (471, 73, 45, 'comentario 471', '2023-01-23 21:59:26');
insert into comentarioPublicacionGrupo (comentarioPublicacionGrupoId, publicacionGrupoId, mascotaId, contenido, fechaComentario) values (472, 22, 29, 'comentario 472', '2022-07-15 13:30:34');
insert into comentarioPublicacionGrupo (comentarioPublicacionGrupoId, publicacionGrupoId, mascotaId, contenido, fechaComentario) values (473, 90, 99, 'comentario 473', '2022-03-21 15:16:42');
insert into comentarioPublicacionGrupo (comentarioPublicacionGrupoId, publicacionGrupoId, mascotaId, contenido, fechaComentario) values (474, 6, 46, 'comentario 474', '2022-12-15 17:30:18');
insert into comentarioPublicacionGrupo (comentarioPublicacionGrupoId, publicacionGrupoId, mascotaId, contenido, fechaComentario) values (475, 56, 48, 'comentario 475', '2023-12-11 17:26:43');
insert into comentarioPublicacionGrupo (comentarioPublicacionGrupoId, publicacionGrupoId, mascotaId, contenido, fechaComentario) values (476, 20, 58, 'comentario 476', '2023-12-22 17:58:21');
insert into comentarioPublicacionGrupo (comentarioPublicacionGrupoId, publicacionGrupoId, mascotaId, contenido, fechaComentario) values (477, 33, 97, 'comentario 477', '2022-04-22 01:10:01');
insert into comentarioPublicacionGrupo (comentarioPublicacionGrupoId, publicacionGrupoId, mascotaId, contenido, fechaComentario) values (478, 83, 63, 'comentario 478', '2022-06-08 23:41:21');
insert into comentarioPublicacionGrupo (comentarioPublicacionGrupoId, publicacionGrupoId, mascotaId, contenido, fechaComentario) values (479, 74, 27, 'comentario 479', '2023-09-25 02:36:35');
insert into comentarioPublicacionGrupo (comentarioPublicacionGrupoId, publicacionGrupoId, mascotaId, contenido, fechaComentario) values (480, 3, 63, 'comentario 480', '2023-05-30 23:04:18');
insert into comentarioPublicacionGrupo (comentarioPublicacionGrupoId, publicacionGrupoId, mascotaId, contenido, fechaComentario) values (481, 3, 22, 'comentario 481', '2022-12-26 07:03:16');
insert into comentarioPublicacionGrupo (comentarioPublicacionGrupoId, publicacionGrupoId, mascotaId, contenido, fechaComentario) values (482, 94, 18, 'comentario 482', '2022-07-26 22:30:44');
insert into comentarioPublicacionGrupo (comentarioPublicacionGrupoId, publicacionGrupoId, mascotaId, contenido, fechaComentario) values (483, 34, 98, 'comentario 483', '2023-06-07 10:25:47');
insert into comentarioPublicacionGrupo (comentarioPublicacionGrupoId, publicacionGrupoId, mascotaId, contenido, fechaComentario) values (484, 46, 65, 'comentario 484', '2023-12-21 06:30:11');
insert into comentarioPublicacionGrupo (comentarioPublicacionGrupoId, publicacionGrupoId, mascotaId, contenido, fechaComentario) values (485, 71, 20, 'comentario 485', '2023-01-02 08:04:48');
insert into comentarioPublicacionGrupo (comentarioPublicacionGrupoId, publicacionGrupoId, mascotaId, contenido, fechaComentario) values (486, 75, 56, 'comentario 486', '2023-05-01 23:20:03');
insert into comentarioPublicacionGrupo (comentarioPublicacionGrupoId, publicacionGrupoId, mascotaId, contenido, fechaComentario) values (487, 73, 29, 'comentario 487', '2022-07-06 06:42:12');
insert into comentarioPublicacionGrupo (comentarioPublicacionGrupoId, publicacionGrupoId, mascotaId, contenido, fechaComentario) values (488, 13, 66, 'comentario 488', '2022-02-19 06:25:51');
insert into comentarioPublicacionGrupo (comentarioPublicacionGrupoId, publicacionGrupoId, mascotaId, contenido, fechaComentario) values (489, 53, 40, 'comentario 489', '2022-01-28 19:39:42');
insert into comentarioPublicacionGrupo (comentarioPublicacionGrupoId, publicacionGrupoId, mascotaId, contenido, fechaComentario) values (490, 39, 44, 'comentario 490', '2022-09-16 19:49:06');
insert into comentarioPublicacionGrupo (comentarioPublicacionGrupoId, publicacionGrupoId, mascotaId, contenido, fechaComentario) values (491, 17, 2, 'comentario 491', '2023-03-11 05:32:13');
insert into comentarioPublicacionGrupo (comentarioPublicacionGrupoId, publicacionGrupoId, mascotaId, contenido, fechaComentario) values (492, 88, 95, 'comentario 492', '2022-10-23 01:59:23');
insert into comentarioPublicacionGrupo (comentarioPublicacionGrupoId, publicacionGrupoId, mascotaId, contenido, fechaComentario) values (493, 57, 78, 'comentario 493', '2022-05-13 16:49:32');
insert into comentarioPublicacionGrupo (comentarioPublicacionGrupoId, publicacionGrupoId, mascotaId, contenido, fechaComentario) values (494, 18, 64, 'comentario 494', '2022-10-27 11:13:44');
insert into comentarioPublicacionGrupo (comentarioPublicacionGrupoId, publicacionGrupoId, mascotaId, contenido, fechaComentario) values (495, 96, 93, 'comentario 495', '2022-09-14 18:51:05');
insert into comentarioPublicacionGrupo (comentarioPublicacionGrupoId, publicacionGrupoId, mascotaId, contenido, fechaComentario) values (496, 2, 95, 'comentario 496', '2022-04-19 06:34:58');
insert into comentarioPublicacionGrupo (comentarioPublicacionGrupoId, publicacionGrupoId, mascotaId, contenido, fechaComentario) values (497, 71, 16, 'comentario 497', '2022-04-14 20:10:18');
insert into comentarioPublicacionGrupo (comentarioPublicacionGrupoId, publicacionGrupoId, mascotaId, contenido, fechaComentario) values (498, 68, 62, 'comentario 498', '2022-09-17 17:10:12');
insert into comentarioPublicacionGrupo (comentarioPublicacionGrupoId, publicacionGrupoId, mascotaId, contenido, fechaComentario) values (499, 33, 44, 'comentario 499', '2022-09-28 13:52:15');
insert into comentarioPublicacionGrupo (comentarioPublicacionGrupoId, publicacionGrupoId, mascotaId, contenido, fechaComentario) values (500, 3, 71, 'comentario 500', '2023-11-15 21:12:55');


-- Datos denunciaPublicacionGrupo
insert into denunciaPublicacionGrupo (denunciaPublicacionGrupoId, publicacionGrupoId, mascotaId, motivo, descripcion, fechaDenuncia) values (1, 74, 1, 'Fraude', 'denuncia publicación grupo1', '2022-03-20 00:10:06');
insert into denunciaPublicacionGrupo (denunciaPublicacionGrupoId, publicacionGrupoId, mascotaId, motivo, descripcion, fechaDenuncia) values (2, 95, 2, 'Maltrato animal', 'denuncia publicación grupo2', '2022-10-02 09:57:16');
insert into denunciaPublicacionGrupo (denunciaPublicacionGrupoId, publicacionGrupoId, mascotaId, motivo, descripcion, fechaDenuncia) values (3, 30, 3, 'Contenido inapropiado', 'denuncia publicación grupo3', '2023-09-18 00:48:20');
insert into denunciaPublicacionGrupo (denunciaPublicacionGrupoId, publicacionGrupoId, mascotaId, motivo, descripcion, fechaDenuncia) values (4, 92, 4, 'Contenido inapropiado', 'denuncia publicación grupo4', '2022-12-22 21:59:33');
insert into denunciaPublicacionGrupo (denunciaPublicacionGrupoId, publicacionGrupoId, mascotaId, motivo, descripcion, fechaDenuncia) values (5, 88, 5, 'Fraude', 'denuncia publicación grupo5', '2022-09-16 06:30:02');
insert into denunciaPublicacionGrupo (denunciaPublicacionGrupoId, publicacionGrupoId, mascotaId, motivo, descripcion, fechaDenuncia) values (6, 4, 6, 'Maltrato animal', 'denuncia publicación grupo6', '2023-02-28 04:40:20');
insert into denunciaPublicacionGrupo (denunciaPublicacionGrupoId, publicacionGrupoId, mascotaId, motivo, descripcion, fechaDenuncia) values (7, 65, 7, 'Maltrato animal', 'denuncia publicación grupo7', '2023-05-31 00:14:23');
insert into denunciaPublicacionGrupo (denunciaPublicacionGrupoId, publicacionGrupoId, mascotaId, motivo, descripcion, fechaDenuncia) values (8, 81, 8, 'Fraude', 'denuncia publicación grupo8', '2022-08-12 17:29:05');
insert into denunciaPublicacionGrupo (denunciaPublicacionGrupoId, publicacionGrupoId, mascotaId, motivo, descripcion, fechaDenuncia) values (9, 87, 9, 'Fraude', 'denuncia publicación grupo9', '2023-02-03 15:23:09');
insert into denunciaPublicacionGrupo (denunciaPublicacionGrupoId, publicacionGrupoId, mascotaId, motivo, descripcion, fechaDenuncia) values (10, 65, 10, 'Otro', 'denuncia publicación grupo10', '2022-09-14 14:17:20');
insert into denunciaPublicacionGrupo (denunciaPublicacionGrupoId, publicacionGrupoId, mascotaId, motivo, descripcion, fechaDenuncia) values (11, 43, 11, 'Contenido inapropiado', 'denuncia publicación grupo11', '2022-11-16 21:49:04');
insert into denunciaPublicacionGrupo (denunciaPublicacionGrupoId, publicacionGrupoId, mascotaId, motivo, descripcion, fechaDenuncia) values (12, 96, 12, 'Fraude', 'denuncia publicación grupo12', '2023-05-05 11:31:14');
insert into denunciaPublicacionGrupo (denunciaPublicacionGrupoId, publicacionGrupoId, mascotaId, motivo, descripcion, fechaDenuncia) values (13, 4, 13, 'Fraude', 'denuncia publicación grupo13', '2023-04-23 09:25:33');
insert into denunciaPublicacionGrupo (denunciaPublicacionGrupoId, publicacionGrupoId, mascotaId, motivo, descripcion, fechaDenuncia) values (14, 77, 14, 'Maltrato animal', 'denuncia publicación grupo14', '2022-07-09 07:33:29');
insert into denunciaPublicacionGrupo (denunciaPublicacionGrupoId, publicacionGrupoId, mascotaId, motivo, descripcion, fechaDenuncia) values (15, 87, 15, 'Otro', 'denuncia publicación grupo15', '2023-01-15 01:56:12');
insert into denunciaPublicacionGrupo (denunciaPublicacionGrupoId, publicacionGrupoId, mascotaId, motivo, descripcion, fechaDenuncia) values (16, 70, 16, 'Contenido inapropiado', 'denuncia publicación grupo16', '2022-12-08 20:39:41');
insert into denunciaPublicacionGrupo (denunciaPublicacionGrupoId, publicacionGrupoId, mascotaId, motivo, descripcion, fechaDenuncia) values (17, 88, 17, 'Otro', 'denuncia publicación grupo17', '2022-03-09 23:16:46');
insert into denunciaPublicacionGrupo (denunciaPublicacionGrupoId, publicacionGrupoId, mascotaId, motivo, descripcion, fechaDenuncia) values (18, 5, 18, 'Contenido inapropiado', 'denuncia publicación grupo18', '2022-05-16 06:43:32');
insert into denunciaPublicacionGrupo (denunciaPublicacionGrupoId, publicacionGrupoId, mascotaId, motivo, descripcion, fechaDenuncia) values (19, 25, 19, 'Otro', 'denuncia publicación grupo19', '2023-10-28 18:27:29');
insert into denunciaPublicacionGrupo (denunciaPublicacionGrupoId, publicacionGrupoId, mascotaId, motivo, descripcion, fechaDenuncia) values (20, 40, 20, 'Maltrato animal', 'denuncia publicación grupo20', '2022-11-19 07:26:19');
insert into denunciaPublicacionGrupo (denunciaPublicacionGrupoId, publicacionGrupoId, mascotaId, motivo, descripcion, fechaDenuncia) values (21, 1, 21, 'Fraude', 'denuncia publicación grupo21', '2022-07-07 08:41:48');
insert into denunciaPublicacionGrupo (denunciaPublicacionGrupoId, publicacionGrupoId, mascotaId, motivo, descripcion, fechaDenuncia) values (22, 47, 22, 'Maltrato animal', 'denuncia publicación grupo22', '2022-12-10 02:35:23');
insert into denunciaPublicacionGrupo (denunciaPublicacionGrupoId, publicacionGrupoId, mascotaId, motivo, descripcion, fechaDenuncia) values (23, 47, 23, 'Contenido inapropiado', 'denuncia publicación grupo23', '2022-06-14 05:55:13');
insert into denunciaPublicacionGrupo (denunciaPublicacionGrupoId, publicacionGrupoId, mascotaId, motivo, descripcion, fechaDenuncia) values (24, 95, 24, 'Fraude', 'denuncia publicación grupo24', '2023-03-05 13:20:52');
insert into denunciaPublicacionGrupo (denunciaPublicacionGrupoId, publicacionGrupoId, mascotaId, motivo, descripcion, fechaDenuncia) values (25, 70, 25, 'Otro', 'denuncia publicación grupo25', '2023-04-17 19:11:59');
insert into denunciaPublicacionGrupo (denunciaPublicacionGrupoId, publicacionGrupoId, mascotaId, motivo, descripcion, fechaDenuncia) values (26, 16, 26, 'Maltrato animal', 'denuncia publicación grupo26', '2022-09-26 01:37:28');
insert into denunciaPublicacionGrupo (denunciaPublicacionGrupoId, publicacionGrupoId, mascotaId, motivo, descripcion, fechaDenuncia) values (27, 32, 27, 'Otro', 'denuncia publicación grupo27', '2023-08-28 11:34:26');
insert into denunciaPublicacionGrupo (denunciaPublicacionGrupoId, publicacionGrupoId, mascotaId, motivo, descripcion, fechaDenuncia) values (28, 42, 28, 'Contenido inapropiado', 'denuncia publicación grupo28', '2022-02-03 01:21:07');
insert into denunciaPublicacionGrupo (denunciaPublicacionGrupoId, publicacionGrupoId, mascotaId, motivo, descripcion, fechaDenuncia) values (29, 11, 29, 'Otro', 'denuncia publicación grupo29', '2023-09-02 23:29:37');
insert into denunciaPublicacionGrupo (denunciaPublicacionGrupoId, publicacionGrupoId, mascotaId, motivo, descripcion, fechaDenuncia) values (30, 47, 30, 'Maltrato animal', 'denuncia publicación grupo30', '2022-09-19 10:34:28');
insert into denunciaPublicacionGrupo (denunciaPublicacionGrupoId, publicacionGrupoId, mascotaId, motivo, descripcion, fechaDenuncia) values (31, 38, 31, 'Maltrato animal', 'denuncia publicación grupo31', '2023-11-23 10:21:07');
insert into denunciaPublicacionGrupo (denunciaPublicacionGrupoId, publicacionGrupoId, mascotaId, motivo, descripcion, fechaDenuncia) values (32, 86, 32, 'Fraude', 'denuncia publicación grupo32', '2022-12-03 10:18:12');
insert into denunciaPublicacionGrupo (denunciaPublicacionGrupoId, publicacionGrupoId, mascotaId, motivo, descripcion, fechaDenuncia) values (33, 19, 33, 'Maltrato animal', 'denuncia publicación grupo33', '2023-10-25 16:19:10');
insert into denunciaPublicacionGrupo (denunciaPublicacionGrupoId, publicacionGrupoId, mascotaId, motivo, descripcion, fechaDenuncia) values (34, 78, 34, 'Otro', 'denuncia publicación grupo34', '2022-09-17 09:19:16');
insert into denunciaPublicacionGrupo (denunciaPublicacionGrupoId, publicacionGrupoId, mascotaId, motivo, descripcion, fechaDenuncia) values (35, 55, 35, 'Otro', 'denuncia publicación grupo35', '2022-04-30 08:02:46');
insert into denunciaPublicacionGrupo (denunciaPublicacionGrupoId, publicacionGrupoId, mascotaId, motivo, descripcion, fechaDenuncia) values (36, 73, 36, 'Fraude', 'denuncia publicación grupo36', '2022-03-27 01:42:11');
insert into denunciaPublicacionGrupo (denunciaPublicacionGrupoId, publicacionGrupoId, mascotaId, motivo, descripcion, fechaDenuncia) values (37, 95, 37, 'Maltrato animal', 'denuncia publicación grupo37', '2023-12-05 17:50:01');
insert into denunciaPublicacionGrupo (denunciaPublicacionGrupoId, publicacionGrupoId, mascotaId, motivo, descripcion, fechaDenuncia) values (38, 14, 38, 'Otro', 'denuncia publicación grupo38', '2022-12-18 14:09:52');
insert into denunciaPublicacionGrupo (denunciaPublicacionGrupoId, publicacionGrupoId, mascotaId, motivo, descripcion, fechaDenuncia) values (39, 93, 39, 'Fraude', 'denuncia publicación grupo39', '2022-09-09 14:08:07');
insert into denunciaPublicacionGrupo (denunciaPublicacionGrupoId, publicacionGrupoId, mascotaId, motivo, descripcion, fechaDenuncia) values (40, 43, 40, 'Fraude', 'denuncia publicación grupo40', '2022-02-26 01:34:22');
insert into denunciaPublicacionGrupo (denunciaPublicacionGrupoId, publicacionGrupoId, mascotaId, motivo, descripcion, fechaDenuncia) values (41, 38, 41, 'Fraude', 'denuncia publicación grupo41', '2022-08-18 18:06:18');
insert into denunciaPublicacionGrupo (denunciaPublicacionGrupoId, publicacionGrupoId, mascotaId, motivo, descripcion, fechaDenuncia) values (42, 29, 42, 'Maltrato animal', 'denuncia publicación grupo42', '2022-05-03 17:10:38');
insert into denunciaPublicacionGrupo (denunciaPublicacionGrupoId, publicacionGrupoId, mascotaId, motivo, descripcion, fechaDenuncia) values (43, 69, 43, 'Otro', 'denuncia publicación grupo43', '2023-02-02 13:52:52');
insert into denunciaPublicacionGrupo (denunciaPublicacionGrupoId, publicacionGrupoId, mascotaId, motivo, descripcion, fechaDenuncia) values (44, 80, 44, 'Contenido inapropiado', 'denuncia publicación grupo44', '2022-05-25 19:52:38');
insert into denunciaPublicacionGrupo (denunciaPublicacionGrupoId, publicacionGrupoId, mascotaId, motivo, descripcion, fechaDenuncia) values (45, 48, 45, 'Fraude', 'denuncia publicación grupo45', '2022-03-27 14:27:09');
insert into denunciaPublicacionGrupo (denunciaPublicacionGrupoId, publicacionGrupoId, mascotaId, motivo, descripcion, fechaDenuncia) values (46, 22, 46, 'Contenido inapropiado', 'denuncia publicación grupo46', '2023-02-13 06:44:23');
insert into denunciaPublicacionGrupo (denunciaPublicacionGrupoId, publicacionGrupoId, mascotaId, motivo, descripcion, fechaDenuncia) values (47, 48, 47, 'Contenido inapropiado', 'denuncia publicación grupo47', '2022-07-31 15:53:22');
insert into denunciaPublicacionGrupo (denunciaPublicacionGrupoId, publicacionGrupoId, mascotaId, motivo, descripcion, fechaDenuncia) values (48, 55, 48, 'Otro', 'denuncia publicación grupo48', '2023-03-27 05:42:54');
insert into denunciaPublicacionGrupo (denunciaPublicacionGrupoId, publicacionGrupoId, mascotaId, motivo, descripcion, fechaDenuncia) values (49, 4, 49, 'Fraude', 'denuncia publicación grupo49', '2022-08-17 05:10:41');
insert into denunciaPublicacionGrupo (denunciaPublicacionGrupoId, publicacionGrupoId, mascotaId, motivo, descripcion, fechaDenuncia) values (50, 14, 50, 'Otro', 'denuncia publicación grupo50', '2022-04-01 09:15:22');
insert into denunciaPublicacionGrupo (denunciaPublicacionGrupoId, publicacionGrupoId, mascotaId, motivo, descripcion, fechaDenuncia) values (51, 67, 51, 'Maltrato animal', 'denuncia publicación grupo51', '2022-04-20 23:44:38');
insert into denunciaPublicacionGrupo (denunciaPublicacionGrupoId, publicacionGrupoId, mascotaId, motivo, descripcion, fechaDenuncia) values (52, 46, 52, 'Fraude', 'denuncia publicación grupo52', '2022-09-02 00:15:49');
insert into denunciaPublicacionGrupo (denunciaPublicacionGrupoId, publicacionGrupoId, mascotaId, motivo, descripcion, fechaDenuncia) values (53, 17, 53, 'Contenido inapropiado', 'denuncia publicación grupo53', '2022-12-12 06:29:31');
insert into denunciaPublicacionGrupo (denunciaPublicacionGrupoId, publicacionGrupoId, mascotaId, motivo, descripcion, fechaDenuncia) values (54, 6, 54, 'Otro', 'denuncia publicación grupo54', '2023-01-25 23:26:35');
insert into denunciaPublicacionGrupo (denunciaPublicacionGrupoId, publicacionGrupoId, mascotaId, motivo, descripcion, fechaDenuncia) values (55, 100, 55, 'Fraude', 'denuncia publicación grupo55', '2023-04-25 07:32:27');
insert into denunciaPublicacionGrupo (denunciaPublicacionGrupoId, publicacionGrupoId, mascotaId, motivo, descripcion, fechaDenuncia) values (56, 14, 56, 'Contenido inapropiado', 'denuncia publicación grupo56', '2023-07-23 10:53:22');
insert into denunciaPublicacionGrupo (denunciaPublicacionGrupoId, publicacionGrupoId, mascotaId, motivo, descripcion, fechaDenuncia) values (57, 86, 57, 'Otro', 'denuncia publicación grupo57', '2022-12-13 13:22:07');
insert into denunciaPublicacionGrupo (denunciaPublicacionGrupoId, publicacionGrupoId, mascotaId, motivo, descripcion, fechaDenuncia) values (58, 40, 58, 'Otro', 'denuncia publicación grupo58', '2023-05-13 23:52:23');
insert into denunciaPublicacionGrupo (denunciaPublicacionGrupoId, publicacionGrupoId, mascotaId, motivo, descripcion, fechaDenuncia) values (59, 29, 59, 'Contenido inapropiado', 'denuncia publicación grupo59', '2022-12-06 19:50:17');
insert into denunciaPublicacionGrupo (denunciaPublicacionGrupoId, publicacionGrupoId, mascotaId, motivo, descripcion, fechaDenuncia) values (60, 59, 60, 'Otro', 'denuncia publicación grupo60', '2023-03-18 20:14:28');
insert into denunciaPublicacionGrupo (denunciaPublicacionGrupoId, publicacionGrupoId, mascotaId, motivo, descripcion, fechaDenuncia) values (61, 32, 61, 'Contenido inapropiado', 'denuncia publicación grupo61', '2023-02-25 15:07:15');
insert into denunciaPublicacionGrupo (denunciaPublicacionGrupoId, publicacionGrupoId, mascotaId, motivo, descripcion, fechaDenuncia) values (62, 71, 62, 'Fraude', 'denuncia publicación grupo62', '2023-09-18 02:07:55');
insert into denunciaPublicacionGrupo (denunciaPublicacionGrupoId, publicacionGrupoId, mascotaId, motivo, descripcion, fechaDenuncia) values (63, 90, 63, 'Maltrato animal', 'denuncia publicación grupo63', '2023-09-01 21:17:03');
insert into denunciaPublicacionGrupo (denunciaPublicacionGrupoId, publicacionGrupoId, mascotaId, motivo, descripcion, fechaDenuncia) values (64, 57, 64, 'Otro', 'denuncia publicación grupo64', '2022-09-08 22:09:57');
insert into denunciaPublicacionGrupo (denunciaPublicacionGrupoId, publicacionGrupoId, mascotaId, motivo, descripcion, fechaDenuncia) values (65, 41, 65, 'Maltrato animal', 'denuncia publicación grupo65', '2022-04-20 08:14:48');
insert into denunciaPublicacionGrupo (denunciaPublicacionGrupoId, publicacionGrupoId, mascotaId, motivo, descripcion, fechaDenuncia) values (66, 86, 66, 'Fraude', 'denuncia publicación grupo66', '2023-07-05 15:00:42');
insert into denunciaPublicacionGrupo (denunciaPublicacionGrupoId, publicacionGrupoId, mascotaId, motivo, descripcion, fechaDenuncia) values (67, 90, 67, 'Maltrato animal', 'denuncia publicación grupo67', '2023-07-26 23:38:56');
insert into denunciaPublicacionGrupo (denunciaPublicacionGrupoId, publicacionGrupoId, mascotaId, motivo, descripcion, fechaDenuncia) values (68, 36, 68, 'Fraude', 'denuncia publicación grupo68', '2022-10-04 18:45:25');
insert into denunciaPublicacionGrupo (denunciaPublicacionGrupoId, publicacionGrupoId, mascotaId, motivo, descripcion, fechaDenuncia) values (69, 82, 69, 'Otro', 'denuncia publicación grupo69', '2022-02-10 22:26:28');
insert into denunciaPublicacionGrupo (denunciaPublicacionGrupoId, publicacionGrupoId, mascotaId, motivo, descripcion, fechaDenuncia) values (70, 91, 70, 'Contenido inapropiado', 'denuncia publicación grupo70', '2022-03-26 15:12:50');
insert into denunciaPublicacionGrupo (denunciaPublicacionGrupoId, publicacionGrupoId, mascotaId, motivo, descripcion, fechaDenuncia) values (71, 8, 71, 'Fraude', 'denuncia publicación grupo71', '2022-12-30 17:10:25');
insert into denunciaPublicacionGrupo (denunciaPublicacionGrupoId, publicacionGrupoId, mascotaId, motivo, descripcion, fechaDenuncia) values (72, 53, 72, 'Fraude', 'denuncia publicación grupo72', '2023-03-17 09:52:14');
insert into denunciaPublicacionGrupo (denunciaPublicacionGrupoId, publicacionGrupoId, mascotaId, motivo, descripcion, fechaDenuncia) values (73, 94, 73, 'Fraude', 'denuncia publicación grupo73', '2022-12-30 12:41:16');
insert into denunciaPublicacionGrupo (denunciaPublicacionGrupoId, publicacionGrupoId, mascotaId, motivo, descripcion, fechaDenuncia) values (74, 63, 74, 'Otro', 'denuncia publicación grupo74', '2022-12-29 08:36:10');
insert into denunciaPublicacionGrupo (denunciaPublicacionGrupoId, publicacionGrupoId, mascotaId, motivo, descripcion, fechaDenuncia) values (75, 86, 75, 'Contenido inapropiado', 'denuncia publicación grupo75', '2022-11-01 01:03:03');
insert into denunciaPublicacionGrupo (denunciaPublicacionGrupoId, publicacionGrupoId, mascotaId, motivo, descripcion, fechaDenuncia) values (76, 12, 76, 'Maltrato animal', 'denuncia publicación grupo76', '2023-07-12 09:10:11');
insert into denunciaPublicacionGrupo (denunciaPublicacionGrupoId, publicacionGrupoId, mascotaId, motivo, descripcion, fechaDenuncia) values (77, 25, 77, 'Otro', 'denuncia publicación grupo77', '2023-02-16 05:38:52');
insert into denunciaPublicacionGrupo (denunciaPublicacionGrupoId, publicacionGrupoId, mascotaId, motivo, descripcion, fechaDenuncia) values (78, 63, 78, 'Contenido inapropiado', 'denuncia publicación grupo78', '2023-12-16 23:52:42');
insert into denunciaPublicacionGrupo (denunciaPublicacionGrupoId, publicacionGrupoId, mascotaId, motivo, descripcion, fechaDenuncia) values (79, 71, 79, 'Contenido inapropiado', 'denuncia publicación grupo79', '2023-09-16 03:43:24');
insert into denunciaPublicacionGrupo (denunciaPublicacionGrupoId, publicacionGrupoId, mascotaId, motivo, descripcion, fechaDenuncia) values (80, 71, 80, 'Maltrato animal', 'denuncia publicación grupo80', '2023-06-27 06:11:58');
insert into denunciaPublicacionGrupo (denunciaPublicacionGrupoId, publicacionGrupoId, mascotaId, motivo, descripcion, fechaDenuncia) values (81, 13, 81, 'Fraude', 'denuncia publicación grupo81', '2022-04-04 23:56:29');
insert into denunciaPublicacionGrupo (denunciaPublicacionGrupoId, publicacionGrupoId, mascotaId, motivo, descripcion, fechaDenuncia) values (82, 91, 82, 'Otro', 'denuncia publicación grupo82', '2023-02-14 05:21:49');
insert into denunciaPublicacionGrupo (denunciaPublicacionGrupoId, publicacionGrupoId, mascotaId, motivo, descripcion, fechaDenuncia) values (83, 21, 83, 'Maltrato animal', 'denuncia publicación grupo83', '2022-09-20 16:37:40');
insert into denunciaPublicacionGrupo (denunciaPublicacionGrupoId, publicacionGrupoId, mascotaId, motivo, descripcion, fechaDenuncia) values (84, 2, 84, 'Fraude', 'denuncia publicación grupo84', '2022-12-03 05:04:32');
insert into denunciaPublicacionGrupo (denunciaPublicacionGrupoId, publicacionGrupoId, mascotaId, motivo, descripcion, fechaDenuncia) values (85, 59, 85, 'Contenido inapropiado', 'denuncia publicación grupo85', '2023-05-03 21:08:41');
insert into denunciaPublicacionGrupo (denunciaPublicacionGrupoId, publicacionGrupoId, mascotaId, motivo, descripcion, fechaDenuncia) values (86, 90, 86, 'Maltrato animal', 'denuncia publicación grupo86', '2022-05-29 12:41:20');
insert into denunciaPublicacionGrupo (denunciaPublicacionGrupoId, publicacionGrupoId, mascotaId, motivo, descripcion, fechaDenuncia) values (87, 99, 87, 'Maltrato animal', 'denuncia publicación grupo87', '2022-05-18 03:24:11');
insert into denunciaPublicacionGrupo (denunciaPublicacionGrupoId, publicacionGrupoId, mascotaId, motivo, descripcion, fechaDenuncia) values (88, 43, 88, 'Maltrato animal', 'denuncia publicación grupo88', '2023-02-27 08:30:03');
insert into denunciaPublicacionGrupo (denunciaPublicacionGrupoId, publicacionGrupoId, mascotaId, motivo, descripcion, fechaDenuncia) values (89, 4, 89, 'Contenido inapropiado', 'denuncia publicación grupo89', '2022-04-15 06:48:04');
insert into denunciaPublicacionGrupo (denunciaPublicacionGrupoId, publicacionGrupoId, mascotaId, motivo, descripcion, fechaDenuncia) values (90, 16, 90, 'Fraude', 'denuncia publicación grupo90', '2023-08-30 00:05:06');
insert into denunciaPublicacionGrupo (denunciaPublicacionGrupoId, publicacionGrupoId, mascotaId, motivo, descripcion, fechaDenuncia) values (91, 55, 91, 'Fraude', 'denuncia publicación grupo91', '2022-07-18 10:02:56');
insert into denunciaPublicacionGrupo (denunciaPublicacionGrupoId, publicacionGrupoId, mascotaId, motivo, descripcion, fechaDenuncia) values (92, 20, 92, 'Maltrato animal', 'denuncia publicación grupo92', '2022-02-01 21:34:28');
insert into denunciaPublicacionGrupo (denunciaPublicacionGrupoId, publicacionGrupoId, mascotaId, motivo, descripcion, fechaDenuncia) values (93, 40, 93, 'Maltrato animal', 'denuncia publicación grupo93', '2022-04-28 19:09:27');
insert into denunciaPublicacionGrupo (denunciaPublicacionGrupoId, publicacionGrupoId, mascotaId, motivo, descripcion, fechaDenuncia) values (94, 9, 94, 'Otro', 'denuncia publicación grupo94', '2023-05-06 21:18:53');
insert into denunciaPublicacionGrupo (denunciaPublicacionGrupoId, publicacionGrupoId, mascotaId, motivo, descripcion, fechaDenuncia) values (95, 88, 95, 'Contenido inapropiado', 'denuncia publicación grupo95', '2023-12-18 05:27:21');
insert into denunciaPublicacionGrupo (denunciaPublicacionGrupoId, publicacionGrupoId, mascotaId, motivo, descripcion, fechaDenuncia) values (96, 93, 96, 'Contenido inapropiado', 'denuncia publicación grupo96', '2023-08-06 00:04:04');
insert into denunciaPublicacionGrupo (denunciaPublicacionGrupoId, publicacionGrupoId, mascotaId, motivo, descripcion, fechaDenuncia) values (97, 25, 97, 'Otro', 'denuncia publicación grupo97', '2023-10-14 01:26:54');
insert into denunciaPublicacionGrupo (denunciaPublicacionGrupoId, publicacionGrupoId, mascotaId, motivo, descripcion, fechaDenuncia) values (98, 81, 98, 'Maltrato animal', 'denuncia publicación grupo98', '2022-02-01 07:40:55');
insert into denunciaPublicacionGrupo (denunciaPublicacionGrupoId, publicacionGrupoId, mascotaId, motivo, descripcion, fechaDenuncia) values (99, 3, 99, 'Maltrato animal', 'denuncia publicación grupo99', '2022-01-19 11:41:31');
insert into denunciaPublicacionGrupo (denunciaPublicacionGrupoId, publicacionGrupoId, mascotaId, motivo, descripcion, fechaDenuncia) values (100, 81, 100, 'Maltrato animal', 'denuncia publicación grupo100', '2023-02-10 00:32:43');


-- Datos categoria 
INSERT INTO categoria (categoriaId, nombre) VALUES
(1, 'Alimentación'),
(2, 'Aseo'),
(3, 'Juguetes'),
(4, 'Accesorios'),
(5, 'Salud'),
(6, 'Educación'),
(7, 'Entretenimiento'),
(8, 'Transporte'),
(9, 'Cuidado del hogar'),
(10, 'Otros'),
(11, 'Alimentos para perros'),
(12, 'Alimentos para gatos'),
(13, 'Alimentos para aves'),
(14, 'Alimentos para peces'),
(15, 'Alimentos para roedores'),
(16, 'Alimentos para reptiles'),
(17, 'Alimentos para anfibios'),
(18, 'Alimentos para insectos');


-- Datos tipoNegocio
INSERT INTO tipoNegocio (tipoNegocioId, nombre) VALUES
(1, 'Veterinaria'),
(2, 'Tienda de alimentos'),
(3, 'Tienda de accesorios'),
(4, 'Asilo de mascotas'),
(5, 'Grooming'),
(6, 'Hotel de mascotas'),
(7, 'Criadero'),
(8, 'Club de mascotas'),
(9, 'Espacio de adopción'),
(10, 'Centro de educación canina'),
(11, 'Centro de adiestramiento'),
(12, 'Centro de fisioterapia'),
(13, 'Centro de psicología animal'),
(14, 'Centro de terapia ocupacional'),
(15, 'Otros');

-- Datos negocio
insert into negocio (negocioId, nombre, ciudadId, tipoNegocioId, propietarioId) values (1, 'negocio1', 30, 2, 14);
insert into negocio (negocioId, nombre, ciudadId, tipoNegocioId, propietarioId) values (2, 'negocio2', 17, 12, 3);
insert into negocio (negocioId, nombre, ciudadId, tipoNegocioId, propietarioId) values (3, 'negocio3', 47, 4, 7);
insert into negocio (negocioId, nombre, ciudadId, tipoNegocioId, propietarioId) values (4, 'negocio4', 8, 5, 4);
insert into negocio (negocioId, nombre, ciudadId, tipoNegocioId, propietarioId) values (5, 'negocio5', 37, 11, 30);
insert into negocio (negocioId, nombre, ciudadId, tipoNegocioId, propietarioId) values (6, 'negocio6', 8, 11, 16);
insert into negocio (negocioId, nombre, ciudadId, tipoNegocioId, propietarioId) values (7, 'negocio7', 48, 3, 24);
insert into negocio (negocioId, nombre, ciudadId, tipoNegocioId, propietarioId) values (8, 'negocio8', 8, 11, 20);
insert into negocio (negocioId, nombre, ciudadId, tipoNegocioId, propietarioId) values (9, 'negocio9', 12, 7, 16);
insert into negocio (negocioId, nombre, ciudadId, tipoNegocioId, propietarioId) values (10, 'negocio10', 17, 7, 30);
insert into negocio (negocioId, nombre, ciudadId, tipoNegocioId, propietarioId) values (11, 'negocio11', 22, 15, 18);
insert into negocio (negocioId, nombre, ciudadId, tipoNegocioId, propietarioId) values (12, 'negocio12', 5, 1, 21);
insert into negocio (negocioId, nombre, ciudadId, tipoNegocioId, propietarioId) values (13, 'negocio13', 12, 5, 30);
insert into negocio (negocioId, nombre, ciudadId, tipoNegocioId, propietarioId) values (14, 'negocio14', 24, 9, 5);
insert into negocio (negocioId, nombre, ciudadId, tipoNegocioId, propietarioId) values (15, 'negocio15', 37, 5, 25);
insert into negocio (negocioId, nombre, ciudadId, tipoNegocioId, propietarioId) values (16, 'negocio16', 11, 13, 15);
insert into negocio (negocioId, nombre, ciudadId, tipoNegocioId, propietarioId) values (17, 'negocio17', 14, 14, 8);
insert into negocio (negocioId, nombre, ciudadId, tipoNegocioId, propietarioId) values (18, 'negocio18', 17, 15, 27);
insert into negocio (negocioId, nombre, ciudadId, tipoNegocioId, propietarioId) values (19, 'negocio19', 32, 11, 26);
insert into negocio (negocioId, nombre, ciudadId, tipoNegocioId, propietarioId) values (20, 'negocio20', 35, 14, 7);
insert into negocio (negocioId, nombre, ciudadId, tipoNegocioId, propietarioId) values (21, 'negocio21', 38, 15, 14);
insert into negocio (negocioId, nombre, ciudadId, tipoNegocioId, propietarioId) values (22, 'negocio22', 2, 13, 13);
insert into negocio (negocioId, nombre, ciudadId, tipoNegocioId, propietarioId) values (23, 'negocio23', 40, 15, 26);
insert into negocio (negocioId, nombre, ciudadId, tipoNegocioId, propietarioId) values (24, 'negocio24', 10, 10, 3);
insert into negocio (negocioId, nombre, ciudadId, tipoNegocioId, propietarioId) values (25, 'negocio25', 4, 3, 3);
insert into negocio (negocioId, nombre, ciudadId, tipoNegocioId, propietarioId) values (26, 'negocio26', 33, 11, 30);
insert into negocio (negocioId, nombre, ciudadId, tipoNegocioId, propietarioId) values (27, 'negocio27', 14, 3, 14);
insert into negocio (negocioId, nombre, ciudadId, tipoNegocioId, propietarioId) values (28, 'negocio28', 42, 8, 25);
insert into negocio (negocioId, nombre, ciudadId, tipoNegocioId, propietarioId) values (29, 'negocio29', 22, 7, 22);
insert into negocio (negocioId, nombre, ciudadId, tipoNegocioId, propietarioId) values (30, 'negocio30', 14, 12, 22);
insert into negocio (negocioId, nombre, ciudadId, tipoNegocioId, propietarioId) values (31, 'negocio31', 47, 3, 20);
insert into negocio (negocioId, nombre, ciudadId, tipoNegocioId, propietarioId) values (32, 'negocio32', 34, 11, 4);
insert into negocio (negocioId, nombre, ciudadId, tipoNegocioId, propietarioId) values (33, 'negocio33', 18, 4, 13);
insert into negocio (negocioId, nombre, ciudadId, tipoNegocioId, propietarioId) values (34, 'negocio34', 2, 9, 10);
insert into negocio (negocioId, nombre, ciudadId, tipoNegocioId, propietarioId) values (35, 'negocio35', 36, 3, 25);
insert into negocio (negocioId, nombre, ciudadId, tipoNegocioId, propietarioId) values (36, 'negocio36', 19, 8, 13);
insert into negocio (negocioId, nombre, ciudadId, tipoNegocioId, propietarioId) values (37, 'negocio37', 39, 5, 21);
insert into negocio (negocioId, nombre, ciudadId, tipoNegocioId, propietarioId) values (38, 'negocio38', 49, 14, 11);
insert into negocio (negocioId, nombre, ciudadId, tipoNegocioId, propietarioId) values (39, 'negocio39', 4, 3, 2);
insert into negocio (negocioId, nombre, ciudadId, tipoNegocioId, propietarioId) values (40, 'negocio40', 3, 14, 27);
insert into negocio (negocioId, nombre, ciudadId, tipoNegocioId, propietarioId) values (41, 'negocio41', 7, 9, 29);
insert into negocio (negocioId, nombre, ciudadId, tipoNegocioId, propietarioId) values (42, 'negocio42', 14, 9, 4);
insert into negocio (negocioId, nombre, ciudadId, tipoNegocioId, propietarioId) values (43, 'negocio43', 15, 9, 19);
insert into negocio (negocioId, nombre, ciudadId, tipoNegocioId, propietarioId) values (44, 'negocio44', 33, 11, 24);
insert into negocio (negocioId, nombre, ciudadId, tipoNegocioId, propietarioId) values (45, 'negocio45', 16, 15, 7);
insert into negocio (negocioId, nombre, ciudadId, tipoNegocioId, propietarioId) values (46, 'negocio46', 28, 9, 15);
insert into negocio (negocioId, nombre, ciudadId, tipoNegocioId, propietarioId) values (47, 'negocio47', 44, 1, 16);
insert into negocio (negocioId, nombre, ciudadId, tipoNegocioId, propietarioId) values (48, 'negocio48', 39, 1, 13);
insert into negocio (negocioId, nombre, ciudadId, tipoNegocioId, propietarioId) values (49, 'negocio49', 49, 7, 17);
insert into negocio (negocioId, nombre, ciudadId, tipoNegocioId, propietarioId) values (50, 'negocio50', 48, 2, 18);
insert into negocio (negocioId, nombre, ciudadId, tipoNegocioId, propietarioId) values (51, 'negocio51', 39, 4, 27);
insert into negocio (negocioId, nombre, ciudadId, tipoNegocioId, propietarioId) values (52, 'negocio52', 19, 9, 3);
insert into negocio (negocioId, nombre, ciudadId, tipoNegocioId, propietarioId) values (53, 'negocio53', 13, 13, 17);
insert into negocio (negocioId, nombre, ciudadId, tipoNegocioId, propietarioId) values (54, 'negocio54', 22, 11, 18);
insert into negocio (negocioId, nombre, ciudadId, tipoNegocioId, propietarioId) values (55, 'negocio55', 8, 13, 12);
insert into negocio (negocioId, nombre, ciudadId, tipoNegocioId, propietarioId) values (56, 'negocio56', 13, 13, 24);
insert into negocio (negocioId, nombre, ciudadId, tipoNegocioId, propietarioId) values (57, 'negocio57', 24, 1, 10);
insert into negocio (negocioId, nombre, ciudadId, tipoNegocioId, propietarioId) values (58, 'negocio58', 26, 9, 27);
insert into negocio (negocioId, nombre, ciudadId, tipoNegocioId, propietarioId) values (59, 'negocio59', 34, 7, 4);
insert into negocio (negocioId, nombre, ciudadId, tipoNegocioId, propietarioId) values (60, 'negocio60', 5, 15, 19);
insert into negocio (negocioId, nombre, ciudadId, tipoNegocioId, propietarioId) values (61, 'negocio61', 32, 9, 6);
insert into negocio (negocioId, nombre, ciudadId, tipoNegocioId, propietarioId) values (62, 'negocio62', 2, 12, 1);
insert into negocio (negocioId, nombre, ciudadId, tipoNegocioId, propietarioId) values (63, 'negocio63', 5, 5, 13);
insert into negocio (negocioId, nombre, ciudadId, tipoNegocioId, propietarioId) values (64, 'negocio64', 7, 13, 21);
insert into negocio (negocioId, nombre, ciudadId, tipoNegocioId, propietarioId) values (65, 'negocio65', 30, 3, 23);
insert into negocio (negocioId, nombre, ciudadId, tipoNegocioId, propietarioId) values (66, 'negocio66', 22, 1, 3);
insert into negocio (negocioId, nombre, ciudadId, tipoNegocioId, propietarioId) values (67, 'negocio67', 37, 14, 16);
insert into negocio (negocioId, nombre, ciudadId, tipoNegocioId, propietarioId) values (68, 'negocio68', 43, 2, 2);
insert into negocio (negocioId, nombre, ciudadId, tipoNegocioId, propietarioId) values (69, 'negocio69', 2, 9, 24);
insert into negocio (negocioId, nombre, ciudadId, tipoNegocioId, propietarioId) values (70, 'negocio70', 26, 11, 26);
insert into negocio (negocioId, nombre, ciudadId, tipoNegocioId, propietarioId) values (71, 'negocio71', 1, 12, 6);
insert into negocio (negocioId, nombre, ciudadId, tipoNegocioId, propietarioId) values (72, 'negocio72', 23, 7, 14);
insert into negocio (negocioId, nombre, ciudadId, tipoNegocioId, propietarioId) values (73, 'negocio73', 1, 11, 30);
insert into negocio (negocioId, nombre, ciudadId, tipoNegocioId, propietarioId) values (74, 'negocio74', 49, 10, 30);
insert into negocio (negocioId, nombre, ciudadId, tipoNegocioId, propietarioId) values (75, 'negocio75', 49, 2, 12);
insert into negocio (negocioId, nombre, ciudadId, tipoNegocioId, propietarioId) values (76, 'negocio76', 47, 8, 11);
insert into negocio (negocioId, nombre, ciudadId, tipoNegocioId, propietarioId) values (77, 'negocio77', 26, 8, 17);
insert into negocio (negocioId, nombre, ciudadId, tipoNegocioId, propietarioId) values (78, 'negocio78', 45, 7, 6);
insert into negocio (negocioId, nombre, ciudadId, tipoNegocioId, propietarioId) values (79, 'negocio79', 18, 8, 28);
insert into negocio (negocioId, nombre, ciudadId, tipoNegocioId, propietarioId) values (80, 'negocio80', 28, 10, 20);
insert into negocio (negocioId, nombre, ciudadId, tipoNegocioId, propietarioId) values (81, 'negocio81', 38, 7, 6);
insert into negocio (negocioId, nombre, ciudadId, tipoNegocioId, propietarioId) values (82, 'negocio82', 32, 15, 30);
insert into negocio (negocioId, nombre, ciudadId, tipoNegocioId, propietarioId) values (83, 'negocio83', 44, 8, 2);
insert into negocio (negocioId, nombre, ciudadId, tipoNegocioId, propietarioId) values (84, 'negocio84', 11, 8, 20);
insert into negocio (negocioId, nombre, ciudadId, tipoNegocioId, propietarioId) values (85, 'negocio85', 40, 2, 24);
insert into negocio (negocioId, nombre, ciudadId, tipoNegocioId, propietarioId) values (86, 'negocio86', 50, 13, 13);
insert into negocio (negocioId, nombre, ciudadId, tipoNegocioId, propietarioId) values (87, 'negocio87', 18, 10, 11);
insert into negocio (negocioId, nombre, ciudadId, tipoNegocioId, propietarioId) values (88, 'negocio88', 25, 4, 24);
insert into negocio (negocioId, nombre, ciudadId, tipoNegocioId, propietarioId) values (89, 'negocio89', 35, 4, 13);
insert into negocio (negocioId, nombre, ciudadId, tipoNegocioId, propietarioId) values (90, 'negocio90', 34, 9, 8);
insert into negocio (negocioId, nombre, ciudadId, tipoNegocioId, propietarioId) values (91, 'negocio91', 29, 5, 26);
insert into negocio (negocioId, nombre, ciudadId, tipoNegocioId, propietarioId) values (92, 'negocio92', 38, 13, 23);
insert into negocio (negocioId, nombre, ciudadId, tipoNegocioId, propietarioId) values (93, 'negocio93', 5, 7, 12);
insert into negocio (negocioId, nombre, ciudadId, tipoNegocioId, propietarioId) values (94, 'negocio94', 23, 2, 15);
insert into negocio (negocioId, nombre, ciudadId, tipoNegocioId, propietarioId) values (95, 'negocio95', 25, 14, 21);
insert into negocio (negocioId, nombre, ciudadId, tipoNegocioId, propietarioId) values (96, 'negocio96', 26, 8, 2);
insert into negocio (negocioId, nombre, ciudadId, tipoNegocioId, propietarioId) values (97, 'negocio97', 28, 10, 11);
insert into negocio (negocioId, nombre, ciudadId, tipoNegocioId, propietarioId) values (98, 'negocio98', 15, 4, 7);
insert into negocio (negocioId, nombre, ciudadId, tipoNegocioId, propietarioId) values (99, 'negocio99', 2, 4, 11);
insert into negocio (negocioId, nombre, ciudadId, tipoNegocioId, propietarioId) values (100, 'negocio100', 19, 3, 24);

-- Datos Producto
insert into producto (productoId, nombre, especieId, categoriaId) values (1, 'producto 1', 2, 1);
insert into producto (productoId, nombre, especieId, categoriaId) values (2, 'producto 2', 9, 5);
insert into producto (productoId, nombre, especieId, categoriaId) values (3, 'producto 3', 2, 2);
insert into producto (productoId, nombre, especieId, categoriaId) values (4, 'producto 4', 6, 12);
insert into producto (productoId, nombre, especieId, categoriaId) values (5, 'producto 5', 3, 18);
insert into producto (productoId, nombre, especieId, categoriaId) values (6, 'producto 6', 2, 4);
insert into producto (productoId, nombre, especieId, categoriaId) values (7, 'producto 7', 6, 7);
insert into producto (productoId, nombre, especieId, categoriaId) values (8, 'producto 8', 5, 17);
insert into producto (productoId, nombre, especieId, categoriaId) values (9, 'producto 9', 7, 16);
insert into producto (productoId, nombre, especieId, categoriaId) values (10, 'producto 10', 9, 11);
insert into producto (productoId, nombre, especieId, categoriaId) values (11, 'producto 11', 10, 1);
insert into producto (productoId, nombre, especieId, categoriaId) values (12, 'producto 12', 4, 13);
insert into producto (productoId, nombre, especieId, categoriaId) values (13, 'producto 13', 7, 9);
insert into producto (productoId, nombre, especieId, categoriaId) values (14, 'producto 14', 8, 1);
insert into producto (productoId, nombre, especieId, categoriaId) values (15, 'producto 15', 10, 9);
insert into producto (productoId, nombre, especieId, categoriaId) values (16, 'producto 16', 7, 2);
insert into producto (productoId, nombre, especieId, categoriaId) values (17, 'producto 17', 4, 18);
insert into producto (productoId, nombre, especieId, categoriaId) values (18, 'producto 18', 10, 4);
insert into producto (productoId, nombre, especieId, categoriaId) values (19, 'producto 19', 7, 16);
insert into producto (productoId, nombre, especieId, categoriaId) values (20, 'producto 20', 7, 2);
insert into producto (productoId, nombre, especieId, categoriaId) values (21, 'producto 21', 6, 18);
insert into producto (productoId, nombre, especieId, categoriaId) values (22, 'producto 22', 10, 11);
insert into producto (productoId, nombre, especieId, categoriaId) values (23, 'producto 23', 8, 3);
insert into producto (productoId, nombre, especieId, categoriaId) values (24, 'producto 24', 5, 5);
insert into producto (productoId, nombre, especieId, categoriaId) values (25, 'producto 25', 4, 14);
insert into producto (productoId, nombre, especieId, categoriaId) values (26, 'producto 26', 1, 9);
insert into producto (productoId, nombre, especieId, categoriaId) values (27, 'producto 27', 8, 11);
insert into producto (productoId, nombre, especieId, categoriaId) values (28, 'producto 28', 8, 10);
insert into producto (productoId, nombre, especieId, categoriaId) values (29, 'producto 29', 7, 4);
insert into producto (productoId, nombre, especieId, categoriaId) values (30, 'producto 30', 1, 4);
insert into producto (productoId, nombre, especieId, categoriaId) values (31, 'producto 31', 8, 14);
insert into producto (productoId, nombre, especieId, categoriaId) values (32, 'producto 32', 2, 7);
insert into producto (productoId, nombre, especieId, categoriaId) values (33, 'producto 33', 8, 14);
insert into producto (productoId, nombre, especieId, categoriaId) values (34, 'producto 34', 10, 3);
insert into producto (productoId, nombre, especieId, categoriaId) values (35, 'producto 35', 8, 15);
insert into producto (productoId, nombre, especieId, categoriaId) values (36, 'producto 36', 10, 10);
insert into producto (productoId, nombre, especieId, categoriaId) values (37, 'producto 37', 2, 5);
insert into producto (productoId, nombre, especieId, categoriaId) values (38, 'producto 38', 7, 15);
insert into producto (productoId, nombre, especieId, categoriaId) values (39, 'producto 39', 1, 4);
insert into producto (productoId, nombre, especieId, categoriaId) values (40, 'producto 40', 6, 3);
insert into producto (productoId, nombre, especieId, categoriaId) values (41, 'producto 41', 9, 12);
insert into producto (productoId, nombre, especieId, categoriaId) values (42, 'producto 42', 8, 4);
insert into producto (productoId, nombre, especieId, categoriaId) values (43, 'producto 43', 2, 12);
insert into producto (productoId, nombre, especieId, categoriaId) values (44, 'producto 44', 3, 6);
insert into producto (productoId, nombre, especieId, categoriaId) values (45, 'producto 45', 5, 18);
insert into producto (productoId, nombre, especieId, categoriaId) values (46, 'producto 46', 2, 13);
insert into producto (productoId, nombre, especieId, categoriaId) values (47, 'producto 47', 6, 18);
insert into producto (productoId, nombre, especieId, categoriaId) values (48, 'producto 48', 7, 6);
insert into producto (productoId, nombre, especieId, categoriaId) values (49, 'producto 49', 3, 5);
insert into producto (productoId, nombre, especieId, categoriaId) values (50, 'producto 50', 4, 5);
insert into producto (productoId, nombre, especieId, categoriaId) values (51, 'producto 51', 5, 7);
insert into producto (productoId, nombre, especieId, categoriaId) values (52, 'producto 52', 1, 10);
insert into producto (productoId, nombre, especieId, categoriaId) values (53, 'producto 53', 1, 14);
insert into producto (productoId, nombre, especieId, categoriaId) values (54, 'producto 54', 10, 5);
insert into producto (productoId, nombre, especieId, categoriaId) values (55, 'producto 55', 5, 4);
insert into producto (productoId, nombre, especieId, categoriaId) values (56, 'producto 56', 8, 16);
insert into producto (productoId, nombre, especieId, categoriaId) values (57, 'producto 57', 3, 3);
insert into producto (productoId, nombre, especieId, categoriaId) values (58, 'producto 58', 6, 8);
insert into producto (productoId, nombre, especieId, categoriaId) values (59, 'producto 59', 10, 10);
insert into producto (productoId, nombre, especieId, categoriaId) values (60, 'producto 60', 2, 10);
insert into producto (productoId, nombre, especieId, categoriaId) values (61, 'producto 61', 2, 9);
insert into producto (productoId, nombre, especieId, categoriaId) values (62, 'producto 62', 2, 17);
insert into producto (productoId, nombre, especieId, categoriaId) values (63, 'producto 63', 8, 9);
insert into producto (productoId, nombre, especieId, categoriaId) values (64, 'producto 64', 7, 4);
insert into producto (productoId, nombre, especieId, categoriaId) values (65, 'producto 65', 9, 4);
insert into producto (productoId, nombre, especieId, categoriaId) values (66, 'producto 66', 3, 12);
insert into producto (productoId, nombre, especieId, categoriaId) values (67, 'producto 67', 2, 16);
insert into producto (productoId, nombre, especieId, categoriaId) values (68, 'producto 68', 10, 10);
insert into producto (productoId, nombre, especieId, categoriaId) values (69, 'producto 69', 10, 10);
insert into producto (productoId, nombre, especieId, categoriaId) values (70, 'producto 70', 8, 4);
insert into producto (productoId, nombre, especieId, categoriaId) values (71, 'producto 71', 9, 17);
insert into producto (productoId, nombre, especieId, categoriaId) values (72, 'producto 72', 5, 16);
insert into producto (productoId, nombre, especieId, categoriaId) values (73, 'producto 73', 4, 5);
insert into producto (productoId, nombre, especieId, categoriaId) values (74, 'producto 74', 2, 14);
insert into producto (productoId, nombre, especieId, categoriaId) values (75, 'producto 75', 3, 2);
insert into producto (productoId, nombre, especieId, categoriaId) values (76, 'producto 76', 7, 2);
insert into producto (productoId, nombre, especieId, categoriaId) values (77, 'producto 77', 3, 18);
insert into producto (productoId, nombre, especieId, categoriaId) values (78, 'producto 78', 7, 4);
insert into producto (productoId, nombre, especieId, categoriaId) values (79, 'producto 79', 5, 12);
insert into producto (productoId, nombre, especieId, categoriaId) values (80, 'producto 80', 7, 8);
insert into producto (productoId, nombre, especieId, categoriaId) values (81, 'producto 81', 2, 11);
insert into producto (productoId, nombre, especieId, categoriaId) values (82, 'producto 82', 9, 6);
insert into producto (productoId, nombre, especieId, categoriaId) values (83, 'producto 83', 5, 17);
insert into producto (productoId, nombre, especieId, categoriaId) values (84, 'producto 84', 4, 10);
insert into producto (productoId, nombre, especieId, categoriaId) values (85, 'producto 85', 4, 3);
insert into producto (productoId, nombre, especieId, categoriaId) values (86, 'producto 86', 5, 5);
insert into producto (productoId, nombre, especieId, categoriaId) values (87, 'producto 87', 9, 7);
insert into producto (productoId, nombre, especieId, categoriaId) values (88, 'producto 88', 8, 16);
insert into producto (productoId, nombre, especieId, categoriaId) values (89, 'producto 89', 2, 5);
insert into producto (productoId, nombre, especieId, categoriaId) values (90, 'producto 90', 9, 16);
insert into producto (productoId, nombre, especieId, categoriaId) values (91, 'producto 91', 4, 8);
insert into producto (productoId, nombre, especieId, categoriaId) values (92, 'producto 92', 3, 10);
insert into producto (productoId, nombre, especieId, categoriaId) values (93, 'producto 93', 5, 8);
insert into producto (productoId, nombre, especieId, categoriaId) values (94, 'producto 94', 3, 14);
insert into producto (productoId, nombre, especieId, categoriaId) values (95, 'producto 95', 5, 4);
insert into producto (productoId, nombre, especieId, categoriaId) values (96, 'producto 96', 3, 13);
insert into producto (productoId, nombre, especieId, categoriaId) values (97, 'producto 97', 4, 15);
insert into producto (productoId, nombre, especieId, categoriaId) values (98, 'producto 98', 2, 7);
insert into producto (productoId, nombre, especieId, categoriaId) values (99, 'producto 99', 2, 12);
insert into producto (productoId, nombre, especieId, categoriaId) values (100, 'producto 100', 4, 8);


-- Datos productoEnVenta
insert into productoEnVenta (productoEnVentaId, productoId, precio, negocioId, cantidad) values (1, 92, 73238.98, 32, 44);
insert into productoEnVenta (productoEnVentaId, productoId, precio, negocioId, cantidad) values (2, 8, 50733.87, 50, 17);
insert into productoEnVenta (productoEnVentaId, productoId, precio, negocioId, cantidad) values (3, 30, 78669.05, 1, 193);
insert into productoEnVenta (productoEnVentaId, productoId, precio, negocioId, cantidad) values (4, 47, 30794.04, 58, 92);
insert into productoEnVenta (productoEnVentaId, productoId, precio, negocioId, cantidad) values (5, 53, 76859.1, 33, 185);
insert into productoEnVenta (productoEnVentaId, productoId, precio, negocioId, cantidad) values (6, 99, 59308.49, 98, 133);
insert into productoEnVenta (productoEnVentaId, productoId, precio, negocioId, cantidad) values (7, 72, 33825.58, 86, 131);
insert into productoEnVenta (productoEnVentaId, productoId, precio, negocioId, cantidad) values (8, 41, 91398.07, 79, 39);
insert into productoEnVenta (productoEnVentaId, productoId, precio, negocioId, cantidad) values (9, 4, 31014.06, 2, 105);
insert into productoEnVenta (productoEnVentaId, productoId, precio, negocioId, cantidad) values (10, 3, 69326.2, 55, 164);
insert into productoEnVenta (productoEnVentaId, productoId, precio, negocioId, cantidad) values (11, 24, 29168.11, 48, 63);
insert into productoEnVenta (productoEnVentaId, productoId, precio, negocioId, cantidad) values (12, 20, 6372.58, 25, 150);
insert into productoEnVenta (productoEnVentaId, productoId, precio, negocioId, cantidad) values (13, 62, 96299.87, 70, 188);
insert into productoEnVenta (productoEnVentaId, productoId, precio, negocioId, cantidad) values (14, 47, 74283.2, 48, 57);
insert into productoEnVenta (productoEnVentaId, productoId, precio, negocioId, cantidad) values (15, 89, 16248.89, 69, 29);
insert into productoEnVenta (productoEnVentaId, productoId, precio, negocioId, cantidad) values (16, 18, 69599.42, 39, 42);
insert into productoEnVenta (productoEnVentaId, productoId, precio, negocioId, cantidad) values (17, 30, 57989.02, 3, 138);
insert into productoEnVenta (productoEnVentaId, productoId, precio, negocioId, cantidad) values (18, 9, 82352.91, 68, 176);
insert into productoEnVenta (productoEnVentaId, productoId, precio, negocioId, cantidad) values (19, 92, 61656.93, 86, 107);
insert into productoEnVenta (productoEnVentaId, productoId, precio, negocioId, cantidad) values (20, 63, 42584.22, 86, 192);
insert into productoEnVenta (productoEnVentaId, productoId, precio, negocioId, cantidad) values (21, 10, 60519.01, 30, 126);
insert into productoEnVenta (productoEnVentaId, productoId, precio, negocioId, cantidad) values (22, 23, 99583.26, 84, 174);
insert into productoEnVenta (productoEnVentaId, productoId, precio, negocioId, cantidad) values (23, 61, 68096.43, 22, 35);
insert into productoEnVenta (productoEnVentaId, productoId, precio, negocioId, cantidad) values (24, 23, 63707.41, 7, 170);
insert into productoEnVenta (productoEnVentaId, productoId, precio, negocioId, cantidad) values (25, 51, 61139.13, 12, 151);
insert into productoEnVenta (productoEnVentaId, productoId, precio, negocioId, cantidad) values (26, 90, 91893.19, 10, 163);
insert into productoEnVenta (productoEnVentaId, productoId, precio, negocioId, cantidad) values (27, 60, 7688.31, 16, 28);
insert into productoEnVenta (productoEnVentaId, productoId, precio, negocioId, cantidad) values (28, 6, 19662.51, 7, 125);
insert into productoEnVenta (productoEnVentaId, productoId, precio, negocioId, cantidad) values (29, 38, 32931.88, 10, 184);
insert into productoEnVenta (productoEnVentaId, productoId, precio, negocioId, cantidad) values (30, 29, 93938.51, 44, 125);
insert into productoEnVenta (productoEnVentaId, productoId, precio, negocioId, cantidad) values (31, 84, 1487.26, 34, 186);
insert into productoEnVenta (productoEnVentaId, productoId, precio, negocioId, cantidad) values (32, 43, 46356.72, 32, 65);
insert into productoEnVenta (productoEnVentaId, productoId, precio, negocioId, cantidad) values (33, 83, 62626.77, 27, 175);
insert into productoEnVenta (productoEnVentaId, productoId, precio, negocioId, cantidad) values (34, 40, 81115.59, 10, 116);
insert into productoEnVenta (productoEnVentaId, productoId, precio, negocioId, cantidad) values (35, 86, 93690.51, 48, 133);
insert into productoEnVenta (productoEnVentaId, productoId, precio, negocioId, cantidad) values (36, 96, 73901.06, 98, 51);
insert into productoEnVenta (productoEnVentaId, productoId, precio, negocioId, cantidad) values (37, 80, 43356.19, 51, 102);
insert into productoEnVenta (productoEnVentaId, productoId, precio, negocioId, cantidad) values (38, 55, 58367.69, 71, 130);
insert into productoEnVenta (productoEnVentaId, productoId, precio, negocioId, cantidad) values (39, 60, 1840.57, 55, 167);
insert into productoEnVenta (productoEnVentaId, productoId, precio, negocioId, cantidad) values (40, 20, 76943.99, 54, 168);
insert into productoEnVenta (productoEnVentaId, productoId, precio, negocioId, cantidad) values (41, 3, 26084.27, 52, 43);
insert into productoEnVenta (productoEnVentaId, productoId, precio, negocioId, cantidad) values (42, 73, 67774.74, 92, 32);
insert into productoEnVenta (productoEnVentaId, productoId, precio, negocioId, cantidad) values (43, 7, 54467.15, 31, 79);
insert into productoEnVenta (productoEnVentaId, productoId, precio, negocioId, cantidad) values (44, 80, 25255.83, 83, 166);
insert into productoEnVenta (productoEnVentaId, productoId, precio, negocioId, cantidad) values (45, 28, 48206.9, 69, 147);
insert into productoEnVenta (productoEnVentaId, productoId, precio, negocioId, cantidad) values (46, 47, 91787.22, 5, 163);
insert into productoEnVenta (productoEnVentaId, productoId, precio, negocioId, cantidad) values (47, 25, 14460.14, 41, 108);
insert into productoEnVenta (productoEnVentaId, productoId, precio, negocioId, cantidad) values (48, 50, 65395.14, 79, 172);
insert into productoEnVenta (productoEnVentaId, productoId, precio, negocioId, cantidad) values (49, 18, 63642.58, 97, 154);
insert into productoEnVenta (productoEnVentaId, productoId, precio, negocioId, cantidad) values (50, 43, 65658.73, 60, 187);
insert into productoEnVenta (productoEnVentaId, productoId, precio, negocioId, cantidad) values (51, 50, 75935.72, 59, 174);
insert into productoEnVenta (productoEnVentaId, productoId, precio, negocioId, cantidad) values (52, 17, 51187.09, 82, 29);
insert into productoEnVenta (productoEnVentaId, productoId, precio, negocioId, cantidad) values (53, 5, 82789.71, 13, 75);
insert into productoEnVenta (productoEnVentaId, productoId, precio, negocioId, cantidad) values (54, 96, 47474.03, 22, 193);
insert into productoEnVenta (productoEnVentaId, productoId, precio, negocioId, cantidad) values (55, 77, 80620.45, 81, 74);
insert into productoEnVenta (productoEnVentaId, productoId, precio, negocioId, cantidad) values (56, 5, 71661.81, 28, 93);
insert into productoEnVenta (productoEnVentaId, productoId, precio, negocioId, cantidad) values (57, 18, 72759.8, 40, 101);
insert into productoEnVenta (productoEnVentaId, productoId, precio, negocioId, cantidad) values (58, 74, 18108.63, 39, 81);
insert into productoEnVenta (productoEnVentaId, productoId, precio, negocioId, cantidad) values (59, 48, 45480.6, 86, 78);
insert into productoEnVenta (productoEnVentaId, productoId, precio, negocioId, cantidad) values (60, 91, 46220.48, 65, 80);
insert into productoEnVenta (productoEnVentaId, productoId, precio, negocioId, cantidad) values (61, 93, 72647.34, 31, 57);
insert into productoEnVenta (productoEnVentaId, productoId, precio, negocioId, cantidad) values (62, 63, 27684.56, 98, 83);
insert into productoEnVenta (productoEnVentaId, productoId, precio, negocioId, cantidad) values (63, 35, 96664.71, 59, 63);
insert into productoEnVenta (productoEnVentaId, productoId, precio, negocioId, cantidad) values (64, 32, 77746.71, 6, 80);
insert into productoEnVenta (productoEnVentaId, productoId, precio, negocioId, cantidad) values (65, 90, 44537.51, 93, 17);
insert into productoEnVenta (productoEnVentaId, productoId, precio, negocioId, cantidad) values (66, 83, 97057.55, 34, 99);
insert into productoEnVenta (productoEnVentaId, productoId, precio, negocioId, cantidad) values (67, 33, 35759.09, 37, 52);
insert into productoEnVenta (productoEnVentaId, productoId, precio, negocioId, cantidad) values (68, 68, 80381.39, 13, 122);
insert into productoEnVenta (productoEnVentaId, productoId, precio, negocioId, cantidad) values (69, 91, 20062.12, 33, 165);
insert into productoEnVenta (productoEnVentaId, productoId, precio, negocioId, cantidad) values (70, 6, 47795.46, 60, 178);
insert into productoEnVenta (productoEnVentaId, productoId, precio, negocioId, cantidad) values (71, 21, 9495.59, 82, 149);
insert into productoEnVenta (productoEnVentaId, productoId, precio, negocioId, cantidad) values (72, 44, 10892.48, 71, 29);
insert into productoEnVenta (productoEnVentaId, productoId, precio, negocioId, cantidad) values (73, 91, 63919.13, 55, 191);
insert into productoEnVenta (productoEnVentaId, productoId, precio, negocioId, cantidad) values (74, 72, 18068.3, 14, 145);
insert into productoEnVenta (productoEnVentaId, productoId, precio, negocioId, cantidad) values (75, 74, 32887.67, 32, 88);
insert into productoEnVenta (productoEnVentaId, productoId, precio, negocioId, cantidad) values (76, 100, 51392.87, 67, 67);
insert into productoEnVenta (productoEnVentaId, productoId, precio, negocioId, cantidad) values (77, 49, 34809.18, 85, 74);
insert into productoEnVenta (productoEnVentaId, productoId, precio, negocioId, cantidad) values (78, 59, 20168.19, 63, 40);
insert into productoEnVenta (productoEnVentaId, productoId, precio, negocioId, cantidad) values (79, 55, 16150.36, 79, 70);
insert into productoEnVenta (productoEnVentaId, productoId, precio, negocioId, cantidad) values (80, 72, 12813.69, 61, 157);
insert into productoEnVenta (productoEnVentaId, productoId, precio, negocioId, cantidad) values (81, 52, 61244.42, 22, 73);
insert into productoEnVenta (productoEnVentaId, productoId, precio, negocioId, cantidad) values (82, 80, 32724.04, 84, 165);
insert into productoEnVenta (productoEnVentaId, productoId, precio, negocioId, cantidad) values (83, 6, 4942.63, 90, 136);
insert into productoEnVenta (productoEnVentaId, productoId, precio, negocioId, cantidad) values (84, 12, 39640.68, 87, 118);
insert into productoEnVenta (productoEnVentaId, productoId, precio, negocioId, cantidad) values (85, 73, 62447.15, 36, 14);
insert into productoEnVenta (productoEnVentaId, productoId, precio, negocioId, cantidad) values (86, 34, 67677.7, 29, 52);
insert into productoEnVenta (productoEnVentaId, productoId, precio, negocioId, cantidad) values (87, 16, 87521.94, 48, 72);
insert into productoEnVenta (productoEnVentaId, productoId, precio, negocioId, cantidad) values (88, 73, 75398.88, 43, 119);
insert into productoEnVenta (productoEnVentaId, productoId, precio, negocioId, cantidad) values (89, 79, 54543.85, 86, 99);
insert into productoEnVenta (productoEnVentaId, productoId, precio, negocioId, cantidad) values (90, 31, 81058.81, 33, 124);
insert into productoEnVenta (productoEnVentaId, productoId, precio, negocioId, cantidad) values (91, 7, 86443.43, 72, 16);
insert into productoEnVenta (productoEnVentaId, productoId, precio, negocioId, cantidad) values (92, 36, 13781.25, 35, 59);
insert into productoEnVenta (productoEnVentaId, productoId, precio, negocioId, cantidad) values (93, 83, 40522.33, 6, 64);
insert into productoEnVenta (productoEnVentaId, productoId, precio, negocioId, cantidad) values (94, 22, 48532.75, 65, 177);
insert into productoEnVenta (productoEnVentaId, productoId, precio, negocioId, cantidad) values (95, 1, 26777.82, 24, 195);
insert into productoEnVenta (productoEnVentaId, productoId, precio, negocioId, cantidad) values (96, 94, 24885.8, 56, 195);
insert into productoEnVenta (productoEnVentaId, productoId, precio, negocioId, cantidad) values (97, 92, 16905.17, 79, 120);
insert into productoEnVenta (productoEnVentaId, productoId, precio, negocioId, cantidad) values (98, 16, 51904.42, 2, 27);
insert into productoEnVenta (productoEnVentaId, productoId, precio, negocioId, cantidad) values (99, 33, 7580.95, 22, 142);
insert into productoEnVenta (productoEnVentaId, productoId, precio, negocioId, cantidad) values (100, 21, 20158.3, 21, 191);
insert into productoEnVenta (productoEnVentaId, productoId, precio, negocioId, cantidad) values (101, 16, 98612.62, 1, 43);
insert into productoEnVenta (productoEnVentaId, productoId, precio, negocioId, cantidad) values (102, 28, 64634.31, 14, 195);
insert into productoEnVenta (productoEnVentaId, productoId, precio, negocioId, cantidad) values (103, 43, 30260.0, 95, 124);
insert into productoEnVenta (productoEnVentaId, productoId, precio, negocioId, cantidad) values (104, 63, 36252.44, 19, 162);
insert into productoEnVenta (productoEnVentaId, productoId, precio, negocioId, cantidad) values (105, 14, 77273.2, 93, 57);
insert into productoEnVenta (productoEnVentaId, productoId, precio, negocioId, cantidad) values (106, 26, 91339.73, 67, 177);
insert into productoEnVenta (productoEnVentaId, productoId, precio, negocioId, cantidad) values (107, 88, 61599.58, 38, 155);
insert into productoEnVenta (productoEnVentaId, productoId, precio, negocioId, cantidad) values (108, 99, 46438.2, 91, 37);
insert into productoEnVenta (productoEnVentaId, productoId, precio, negocioId, cantidad) values (109, 98, 34511.16, 85, 145);
insert into productoEnVenta (productoEnVentaId, productoId, precio, negocioId, cantidad) values (110, 99, 98063.34, 57, 33);
insert into productoEnVenta (productoEnVentaId, productoId, precio, negocioId, cantidad) values (111, 64, 4421.06, 65, 142);
insert into productoEnVenta (productoEnVentaId, productoId, precio, negocioId, cantidad) values (112, 32, 55920.03, 79, 169);
insert into productoEnVenta (productoEnVentaId, productoId, precio, negocioId, cantidad) values (113, 18, 21620.74, 96, 22);
insert into productoEnVenta (productoEnVentaId, productoId, precio, negocioId, cantidad) values (114, 85, 41560.33, 23, 64);
insert into productoEnVenta (productoEnVentaId, productoId, precio, negocioId, cantidad) values (115, 48, 73408.25, 66, 117);
insert into productoEnVenta (productoEnVentaId, productoId, precio, negocioId, cantidad) values (116, 30, 69838.53, 41, 175);
insert into productoEnVenta (productoEnVentaId, productoId, precio, negocioId, cantidad) values (117, 77, 40862.98, 99, 111);
insert into productoEnVenta (productoEnVentaId, productoId, precio, negocioId, cantidad) values (118, 48, 78967.02, 11, 179);
insert into productoEnVenta (productoEnVentaId, productoId, precio, negocioId, cantidad) values (119, 34, 29053.31, 12, 121);
insert into productoEnVenta (productoEnVentaId, productoId, precio, negocioId, cantidad) values (120, 90, 66916.7, 36, 26);
insert into productoEnVenta (productoEnVentaId, productoId, precio, negocioId, cantidad) values (121, 82, 47230.2, 54, 67);
insert into productoEnVenta (productoEnVentaId, productoId, precio, negocioId, cantidad) values (122, 81, 29888.95, 11, 136);
insert into productoEnVenta (productoEnVentaId, productoId, precio, negocioId, cantidad) values (123, 92, 99937.91, 63, 82);
insert into productoEnVenta (productoEnVentaId, productoId, precio, negocioId, cantidad) values (124, 27, 99903.38, 91, 184);
insert into productoEnVenta (productoEnVentaId, productoId, precio, negocioId, cantidad) values (125, 97, 95922.87, 61, 182);
insert into productoEnVenta (productoEnVentaId, productoId, precio, negocioId, cantidad) values (126, 69, 70521.76, 33, 35);
insert into productoEnVenta (productoEnVentaId, productoId, precio, negocioId, cantidad) values (127, 83, 24814.57, 82, 122);
insert into productoEnVenta (productoEnVentaId, productoId, precio, negocioId, cantidad) values (128, 18, 27518.52, 9, 193);
insert into productoEnVenta (productoEnVentaId, productoId, precio, negocioId, cantidad) values (129, 29, 11658.64, 3, 78);
insert into productoEnVenta (productoEnVentaId, productoId, precio, negocioId, cantidad) values (130, 10, 98002.97, 94, 195);
insert into productoEnVenta (productoEnVentaId, productoId, precio, negocioId, cantidad) values (131, 15, 75346.85, 73, 88);
insert into productoEnVenta (productoEnVentaId, productoId, precio, negocioId, cantidad) values (132, 60, 31080.39, 57, 174);
insert into productoEnVenta (productoEnVentaId, productoId, precio, negocioId, cantidad) values (133, 35, 31548.83, 7, 55);
insert into productoEnVenta (productoEnVentaId, productoId, precio, negocioId, cantidad) values (134, 71, 16630.6, 33, 161);
insert into productoEnVenta (productoEnVentaId, productoId, precio, negocioId, cantidad) values (135, 99, 37874.23, 20, 77);
insert into productoEnVenta (productoEnVentaId, productoId, precio, negocioId, cantidad) values (136, 39, 40995.55, 100, 173);
insert into productoEnVenta (productoEnVentaId, productoId, precio, negocioId, cantidad) values (137, 49, 38959.16, 75, 91);
insert into productoEnVenta (productoEnVentaId, productoId, precio, negocioId, cantidad) values (138, 60, 22580.45, 44, 175);
insert into productoEnVenta (productoEnVentaId, productoId, precio, negocioId, cantidad) values (139, 35, 24280.63, 3, 173);
insert into productoEnVenta (productoEnVentaId, productoId, precio, negocioId, cantidad) values (140, 69, 46268.91, 52, 77);
insert into productoEnVenta (productoEnVentaId, productoId, precio, negocioId, cantidad) values (141, 74, 65039.2, 38, 126);
insert into productoEnVenta (productoEnVentaId, productoId, precio, negocioId, cantidad) values (142, 66, 70403.85, 24, 11);
insert into productoEnVenta (productoEnVentaId, productoId, precio, negocioId, cantidad) values (143, 57, 87204.26, 93, 32);
insert into productoEnVenta (productoEnVentaId, productoId, precio, negocioId, cantidad) values (144, 25, 51984.64, 56, 101);
insert into productoEnVenta (productoEnVentaId, productoId, precio, negocioId, cantidad) values (145, 73, 22810.41, 30, 52);
insert into productoEnVenta (productoEnVentaId, productoId, precio, negocioId, cantidad) values (146, 96, 8267.92, 55, 64);
insert into productoEnVenta (productoEnVentaId, productoId, precio, negocioId, cantidad) values (147, 61, 85905.18, 40, 31);
insert into productoEnVenta (productoEnVentaId, productoId, precio, negocioId, cantidad) values (148, 4, 41429.58, 17, 161);
insert into productoEnVenta (productoEnVentaId, productoId, precio, negocioId, cantidad) values (149, 79, 37619.36, 30, 90);
insert into productoEnVenta (productoEnVentaId, productoId, precio, negocioId, cantidad) values (150, 55, 4204.57, 74, 181);
insert into productoEnVenta (productoEnVentaId, productoId, precio, negocioId, cantidad) values (151, 35, 16053.11, 64, 79);
insert into productoEnVenta (productoEnVentaId, productoId, precio, negocioId, cantidad) values (152, 70, 12447.0, 90, 188);
insert into productoEnVenta (productoEnVentaId, productoId, precio, negocioId, cantidad) values (153, 49, 47234.53, 50, 160);
insert into productoEnVenta (productoEnVentaId, productoId, precio, negocioId, cantidad) values (154, 4, 88206.84, 80, 138);
insert into productoEnVenta (productoEnVentaId, productoId, precio, negocioId, cantidad) values (155, 52, 16797.72, 82, 115);
insert into productoEnVenta (productoEnVentaId, productoId, precio, negocioId, cantidad) values (156, 27, 47527.23, 55, 13);
insert into productoEnVenta (productoEnVentaId, productoId, precio, negocioId, cantidad) values (157, 62, 40379.92, 25, 53);
insert into productoEnVenta (productoEnVentaId, productoId, precio, negocioId, cantidad) values (158, 90, 93622.81, 33, 44);
insert into productoEnVenta (productoEnVentaId, productoId, precio, negocioId, cantidad) values (159, 50, 40166.1, 70, 55);
insert into productoEnVenta (productoEnVentaId, productoId, precio, negocioId, cantidad) values (160, 1, 85722.09, 66, 93);
insert into productoEnVenta (productoEnVentaId, productoId, precio, negocioId, cantidad) values (161, 42, 24240.53, 46, 102);
insert into productoEnVenta (productoEnVentaId, productoId, precio, negocioId, cantidad) values (162, 51, 70292.8, 43, 107);
insert into productoEnVenta (productoEnVentaId, productoId, precio, negocioId, cantidad) values (163, 34, 72306.46, 88, 48);
insert into productoEnVenta (productoEnVentaId, productoId, precio, negocioId, cantidad) values (164, 61, 46248.94, 82, 26);
insert into productoEnVenta (productoEnVentaId, productoId, precio, negocioId, cantidad) values (165, 49, 68966.1, 63, 114);
insert into productoEnVenta (productoEnVentaId, productoId, precio, negocioId, cantidad) values (166, 32, 9366.01, 62, 171);
insert into productoEnVenta (productoEnVentaId, productoId, precio, negocioId, cantidad) values (167, 42, 83376.14, 3, 133);
insert into productoEnVenta (productoEnVentaId, productoId, precio, negocioId, cantidad) values (168, 42, 76842.77, 32, 198);
insert into productoEnVenta (productoEnVentaId, productoId, precio, negocioId, cantidad) values (169, 66, 65248.78, 67, 164);
insert into productoEnVenta (productoEnVentaId, productoId, precio, negocioId, cantidad) values (170, 8, 83141.47, 34, 180);
insert into productoEnVenta (productoEnVentaId, productoId, precio, negocioId, cantidad) values (171, 88, 69366.4, 47, 139);
insert into productoEnVenta (productoEnVentaId, productoId, precio, negocioId, cantidad) values (172, 90, 27156.5, 80, 61);
insert into productoEnVenta (productoEnVentaId, productoId, precio, negocioId, cantidad) values (173, 57, 96273.62, 13, 17);
insert into productoEnVenta (productoEnVentaId, productoId, precio, negocioId, cantidad) values (174, 58, 71608.12, 89, 18);
insert into productoEnVenta (productoEnVentaId, productoId, precio, negocioId, cantidad) values (175, 49, 68261.32, 26, 121);
insert into productoEnVenta (productoEnVentaId, productoId, precio, negocioId, cantidad) values (176, 19, 38945.46, 5, 134);
insert into productoEnVenta (productoEnVentaId, productoId, precio, negocioId, cantidad) values (177, 64, 68867.05, 64, 108);
insert into productoEnVenta (productoEnVentaId, productoId, precio, negocioId, cantidad) values (178, 89, 91370.58, 27, 175);
insert into productoEnVenta (productoEnVentaId, productoId, precio, negocioId, cantidad) values (179, 8, 62716.48, 25, 180);
insert into productoEnVenta (productoEnVentaId, productoId, precio, negocioId, cantidad) values (180, 75, 36111.24, 56, 129);
insert into productoEnVenta (productoEnVentaId, productoId, precio, negocioId, cantidad) values (181, 12, 56311.75, 52, 22);
insert into productoEnVenta (productoEnVentaId, productoId, precio, negocioId, cantidad) values (182, 100, 53332.78, 87, 160);
insert into productoEnVenta (productoEnVentaId, productoId, precio, negocioId, cantidad) values (183, 88, 63318.76, 89, 83);
insert into productoEnVenta (productoEnVentaId, productoId, precio, negocioId, cantidad) values (184, 65, 79425.13, 73, 112);
insert into productoEnVenta (productoEnVentaId, productoId, precio, negocioId, cantidad) values (185, 80, 52888.41, 70, 105);
insert into productoEnVenta (productoEnVentaId, productoId, precio, negocioId, cantidad) values (186, 79, 55024.74, 16, 147);
insert into productoEnVenta (productoEnVentaId, productoId, precio, negocioId, cantidad) values (187, 41, 32469.94, 34, 199);
insert into productoEnVenta (productoEnVentaId, productoId, precio, negocioId, cantidad) values (188, 6, 7265.86, 30, 72);
insert into productoEnVenta (productoEnVentaId, productoId, precio, negocioId, cantidad) values (189, 38, 77814.41, 51, 18);
insert into productoEnVenta (productoEnVentaId, productoId, precio, negocioId, cantidad) values (190, 97, 34142.23, 51, 119);
insert into productoEnVenta (productoEnVentaId, productoId, precio, negocioId, cantidad) values (191, 35, 27056.22, 40, 190);
insert into productoEnVenta (productoEnVentaId, productoId, precio, negocioId, cantidad) values (192, 26, 53614.77, 27, 134);
insert into productoEnVenta (productoEnVentaId, productoId, precio, negocioId, cantidad) values (193, 18, 84327.86, 49, 30);
insert into productoEnVenta (productoEnVentaId, productoId, precio, negocioId, cantidad) values (194, 59, 21375.99, 24, 200);
insert into productoEnVenta (productoEnVentaId, productoId, precio, negocioId, cantidad) values (195, 21, 69402.86, 44, 45);
insert into productoEnVenta (productoEnVentaId, productoId, precio, negocioId, cantidad) values (196, 1, 59892.45, 64, 40);
insert into productoEnVenta (productoEnVentaId, productoId, precio, negocioId, cantidad) values (197, 49, 89393.34, 90, 72);
insert into productoEnVenta (productoEnVentaId, productoId, precio, negocioId, cantidad) values (198, 11, 80222.02, 43, 123);
insert into productoEnVenta (productoEnVentaId, productoId, precio, negocioId, cantidad) values (199, 73, 38595.27, 41, 17);
insert into productoEnVenta (productoEnVentaId, productoId, precio, negocioId, cantidad) values (200, 4, 45698.74, 76, 155);

-- Datos compraProducto
insert into compraProducto (compraProductoId, mascotaId, productoEnVentaId, cantidad, fechaCompra) values (1, 37, 147, 22, '2022-01-02 00:06:38');
insert into compraProducto (compraProductoId, mascotaId, productoEnVentaId, cantidad, fechaCompra) values (2, 40, 180, 23, '2023-10-15 11:37:36');
insert into compraProducto (compraProductoId, mascotaId, productoEnVentaId, cantidad, fechaCompra) values (3, 76, 25, 21, '2023-03-22 13:49:24');
insert into compraProducto (compraProductoId, mascotaId, productoEnVentaId, cantidad, fechaCompra) values (4, 32, 176, 8, '2023-08-08 04:31:27');
insert into compraProducto (compraProductoId, mascotaId, productoEnVentaId, cantidad, fechaCompra) values (5, 11, 94, 19, '2022-12-30 15:00:27');
insert into compraProducto (compraProductoId, mascotaId, productoEnVentaId, cantidad, fechaCompra) values (6, 9, 10, 14, '2023-07-29 07:26:49');
insert into compraProducto (compraProductoId, mascotaId, productoEnVentaId, cantidad, fechaCompra) values (7, 73, 89, 17, '2022-07-06 07:13:51');
insert into compraProducto (compraProductoId, mascotaId, productoEnVentaId, cantidad, fechaCompra) values (8, 91, 82, 1, '2023-09-19 06:14:11');
insert into compraProducto (compraProductoId, mascotaId, productoEnVentaId, cantidad, fechaCompra) values (9, 52, 92, 5, '2023-09-19 13:49:11');
insert into compraProducto (compraProductoId, mascotaId, productoEnVentaId, cantidad, fechaCompra) values (10, 91, 129, 2, '2023-02-10 05:49:02');
insert into compraProducto (compraProductoId, mascotaId, productoEnVentaId, cantidad, fechaCompra) values (11, 14, 52, 15, '2022-03-13 06:24:49');
insert into compraProducto (compraProductoId, mascotaId, productoEnVentaId, cantidad, fechaCompra) values (12, 11, 100, 27, '2023-05-26 08:50:57');
insert into compraProducto (compraProductoId, mascotaId, productoEnVentaId, cantidad, fechaCompra) values (13, 38, 39, 21, '2022-10-23 19:50:07');
insert into compraProducto (compraProductoId, mascotaId, productoEnVentaId, cantidad, fechaCompra) values (14, 18, 90, 21, '2023-09-16 20:18:40');
insert into compraProducto (compraProductoId, mascotaId, productoEnVentaId, cantidad, fechaCompra) values (15, 59, 186, 21, '2023-08-24 20:54:30');
insert into compraProducto (compraProductoId, mascotaId, productoEnVentaId, cantidad, fechaCompra) values (16, 33, 2, 7, '2023-11-03 17:31:13');
insert into compraProducto (compraProductoId, mascotaId, productoEnVentaId, cantidad, fechaCompra) values (17, 64, 130, 26, '2023-07-22 15:59:59');
insert into compraProducto (compraProductoId, mascotaId, productoEnVentaId, cantidad, fechaCompra) values (18, 10, 59, 8, '2023-01-20 06:45:06');
insert into compraProducto (compraProductoId, mascotaId, productoEnVentaId, cantidad, fechaCompra) values (19, 100, 192, 9, '2022-07-22 01:32:06');
insert into compraProducto (compraProductoId, mascotaId, productoEnVentaId, cantidad, fechaCompra) values (20, 21, 68, 19, '2023-02-13 06:58:37');
insert into compraProducto (compraProductoId, mascotaId, productoEnVentaId, cantidad, fechaCompra) values (21, 35, 195, 15, '2022-10-03 01:56:00');
insert into compraProducto (compraProductoId, mascotaId, productoEnVentaId, cantidad, fechaCompra) values (22, 74, 116, 20, '2022-01-10 19:09:41');
insert into compraProducto (compraProductoId, mascotaId, productoEnVentaId, cantidad, fechaCompra) values (23, 87, 119, 11, '2023-09-25 05:57:20');
insert into compraProducto (compraProductoId, mascotaId, productoEnVentaId, cantidad, fechaCompra) values (24, 41, 88, 16, '2023-06-17 02:21:08');
insert into compraProducto (compraProductoId, mascotaId, productoEnVentaId, cantidad, fechaCompra) values (25, 6, 105, 1, '2023-12-02 11:18:19');
insert into compraProducto (compraProductoId, mascotaId, productoEnVentaId, cantidad, fechaCompra) values (26, 12, 55, 1, '2023-04-12 11:54:04');
insert into compraProducto (compraProductoId, mascotaId, productoEnVentaId, cantidad, fechaCompra) values (27, 52, 68, 26, '2022-10-31 22:09:49');
insert into compraProducto (compraProductoId, mascotaId, productoEnVentaId, cantidad, fechaCompra) values (28, 48, 103, 17, '2023-04-25 02:42:07');
insert into compraProducto (compraProductoId, mascotaId, productoEnVentaId, cantidad, fechaCompra) values (29, 64, 69, 21, '2022-03-13 01:19:30');
insert into compraProducto (compraProductoId, mascotaId, productoEnVentaId, cantidad, fechaCompra) values (30, 1, 49, 8, '2023-05-31 11:48:33');
insert into compraProducto (compraProductoId, mascotaId, productoEnVentaId, cantidad, fechaCompra) values (31, 8, 124, 23, '2023-11-20 17:12:28');
insert into compraProducto (compraProductoId, mascotaId, productoEnVentaId, cantidad, fechaCompra) values (32, 79, 152, 22, '2023-03-18 03:55:02');
insert into compraProducto (compraProductoId, mascotaId, productoEnVentaId, cantidad, fechaCompra) values (33, 28, 44, 7, '2023-10-21 17:31:36');
insert into compraProducto (compraProductoId, mascotaId, productoEnVentaId, cantidad, fechaCompra) values (34, 51, 162, 16, '2023-12-30 09:45:25');
insert into compraProducto (compraProductoId, mascotaId, productoEnVentaId, cantidad, fechaCompra) values (35, 86, 26, 24, '2022-07-06 20:09:02');
insert into compraProducto (compraProductoId, mascotaId, productoEnVentaId, cantidad, fechaCompra) values (36, 62, 71, 22, '2022-08-19 12:16:51');
insert into compraProducto (compraProductoId, mascotaId, productoEnVentaId, cantidad, fechaCompra) values (37, 89, 142, 8, '2022-03-09 19:15:23');
insert into compraProducto (compraProductoId, mascotaId, productoEnVentaId, cantidad, fechaCompra) values (38, 1, 105, 2, '2022-01-07 18:25:36');
insert into compraProducto (compraProductoId, mascotaId, productoEnVentaId, cantidad, fechaCompra) values (39, 56, 130, 7, '2022-10-01 04:53:02');
insert into compraProducto (compraProductoId, mascotaId, productoEnVentaId, cantidad, fechaCompra) values (40, 62, 72, 24, '2023-12-14 02:21:56');
insert into compraProducto (compraProductoId, mascotaId, productoEnVentaId, cantidad, fechaCompra) values (41, 69, 101, 21, '2023-11-12 12:53:17');
insert into compraProducto (compraProductoId, mascotaId, productoEnVentaId, cantidad, fechaCompra) values (42, 64, 18, 14, '2022-05-23 23:50:02');
insert into compraProducto (compraProductoId, mascotaId, productoEnVentaId, cantidad, fechaCompra) values (43, 85, 144, 5, '2022-01-31 02:39:53');
insert into compraProducto (compraProductoId, mascotaId, productoEnVentaId, cantidad, fechaCompra) values (44, 20, 78, 14, '2023-01-22 14:16:39');
insert into compraProducto (compraProductoId, mascotaId, productoEnVentaId, cantidad, fechaCompra) values (45, 91, 108, 23, '2023-03-06 16:48:16');
insert into compraProducto (compraProductoId, mascotaId, productoEnVentaId, cantidad, fechaCompra) values (46, 7, 167, 27, '2022-04-06 21:12:16');
insert into compraProducto (compraProductoId, mascotaId, productoEnVentaId, cantidad, fechaCompra) values (47, 81, 43, 24, '2023-11-12 09:53:00');
insert into compraProducto (compraProductoId, mascotaId, productoEnVentaId, cantidad, fechaCompra) values (48, 67, 196, 8, '2022-11-18 19:55:08');
insert into compraProducto (compraProductoId, mascotaId, productoEnVentaId, cantidad, fechaCompra) values (49, 60, 60, 4, '2023-03-19 17:54:24');
insert into compraProducto (compraProductoId, mascotaId, productoEnVentaId, cantidad, fechaCompra) values (50, 20, 76, 25, '2023-01-26 16:06:48');
insert into compraProducto (compraProductoId, mascotaId, productoEnVentaId, cantidad, fechaCompra) values (51, 90, 24, 2, '2023-02-21 03:04:07');
insert into compraProducto (compraProductoId, mascotaId, productoEnVentaId, cantidad, fechaCompra) values (52, 71, 57, 18, '2022-11-11 23:23:28');
insert into compraProducto (compraProductoId, mascotaId, productoEnVentaId, cantidad, fechaCompra) values (53, 23, 91, 2, '2023-03-26 06:30:27');
insert into compraProducto (compraProductoId, mascotaId, productoEnVentaId, cantidad, fechaCompra) values (54, 46, 32, 13, '2022-07-26 05:43:06');
insert into compraProducto (compraProductoId, mascotaId, productoEnVentaId, cantidad, fechaCompra) values (55, 21, 9, 17, '2022-03-28 15:46:28');
insert into compraProducto (compraProductoId, mascotaId, productoEnVentaId, cantidad, fechaCompra) values (56, 88, 133, 12, '2023-11-23 10:54:56');
insert into compraProducto (compraProductoId, mascotaId, productoEnVentaId, cantidad, fechaCompra) values (57, 10, 36, 4, '2022-11-18 08:51:58');
insert into compraProducto (compraProductoId, mascotaId, productoEnVentaId, cantidad, fechaCompra) values (58, 2, 107, 3, '2022-10-10 18:43:37');
insert into compraProducto (compraProductoId, mascotaId, productoEnVentaId, cantidad, fechaCompra) values (59, 86, 68, 14, '2023-05-14 15:01:08');
insert into compraProducto (compraProductoId, mascotaId, productoEnVentaId, cantidad, fechaCompra) values (60, 20, 54, 12, '2022-12-13 22:01:15');
insert into compraProducto (compraProductoId, mascotaId, productoEnVentaId, cantidad, fechaCompra) values (61, 63, 119, 9, '2022-08-02 03:30:05');
insert into compraProducto (compraProductoId, mascotaId, productoEnVentaId, cantidad, fechaCompra) values (62, 30, 19, 16, '2023-08-30 16:43:37');
insert into compraProducto (compraProductoId, mascotaId, productoEnVentaId, cantidad, fechaCompra) values (63, 48, 50, 23, '2023-08-05 14:15:47');
insert into compraProducto (compraProductoId, mascotaId, productoEnVentaId, cantidad, fechaCompra) values (64, 65, 72, 3, '2022-12-14 17:00:39');
insert into compraProducto (compraProductoId, mascotaId, productoEnVentaId, cantidad, fechaCompra) values (65, 22, 175, 10, '2022-03-17 18:17:42');
insert into compraProducto (compraProductoId, mascotaId, productoEnVentaId, cantidad, fechaCompra) values (66, 47, 133, 5, '2023-08-06 09:21:46');
insert into compraProducto (compraProductoId, mascotaId, productoEnVentaId, cantidad, fechaCompra) values (67, 6, 186, 24, '2022-04-29 20:39:30');
insert into compraProducto (compraProductoId, mascotaId, productoEnVentaId, cantidad, fechaCompra) values (68, 14, 187, 18, '2022-11-06 00:48:14');
insert into compraProducto (compraProductoId, mascotaId, productoEnVentaId, cantidad, fechaCompra) values (69, 41, 72, 6, '2023-10-12 13:14:13');
insert into compraProducto (compraProductoId, mascotaId, productoEnVentaId, cantidad, fechaCompra) values (70, 7, 83, 25, '2022-01-03 15:16:00');
insert into compraProducto (compraProductoId, mascotaId, productoEnVentaId, cantidad, fechaCompra) values (71, 79, 152, 24, '2023-08-21 09:13:55');
insert into compraProducto (compraProductoId, mascotaId, productoEnVentaId, cantidad, fechaCompra) values (72, 63, 94, 17, '2022-12-23 21:13:49');
insert into compraProducto (compraProductoId, mascotaId, productoEnVentaId, cantidad, fechaCompra) values (73, 50, 80, 10, '2022-05-22 20:39:10');
insert into compraProducto (compraProductoId, mascotaId, productoEnVentaId, cantidad, fechaCompra) values (74, 44, 36, 11, '2022-10-27 09:06:39');
insert into compraProducto (compraProductoId, mascotaId, productoEnVentaId, cantidad, fechaCompra) values (75, 8, 104, 18, '2022-03-17 16:20:19');
insert into compraProducto (compraProductoId, mascotaId, productoEnVentaId, cantidad, fechaCompra) values (76, 86, 100, 27, '2022-10-16 08:11:35');
insert into compraProducto (compraProductoId, mascotaId, productoEnVentaId, cantidad, fechaCompra) values (77, 32, 66, 9, '2023-07-06 14:12:45');
insert into compraProducto (compraProductoId, mascotaId, productoEnVentaId, cantidad, fechaCompra) values (78, 34, 195, 22, '2022-06-21 23:59:33');
insert into compraProducto (compraProductoId, mascotaId, productoEnVentaId, cantidad, fechaCompra) values (79, 24, 106, 4, '2023-08-22 06:29:42');
insert into compraProducto (compraProductoId, mascotaId, productoEnVentaId, cantidad, fechaCompra) values (80, 94, 57, 2, '2023-01-17 23:19:15');
insert into compraProducto (compraProductoId, mascotaId, productoEnVentaId, cantidad, fechaCompra) values (81, 82, 193, 3, '2023-10-26 10:55:12');
insert into compraProducto (compraProductoId, mascotaId, productoEnVentaId, cantidad, fechaCompra) values (82, 80, 33, 25, '2022-05-16 06:25:48');
insert into compraProducto (compraProductoId, mascotaId, productoEnVentaId, cantidad, fechaCompra) values (83, 45, 71, 18, '2022-11-03 21:09:31');
insert into compraProducto (compraProductoId, mascotaId, productoEnVentaId, cantidad, fechaCompra) values (84, 15, 21, 23, '2022-02-25 16:23:05');
insert into compraProducto (compraProductoId, mascotaId, productoEnVentaId, cantidad, fechaCompra) values (85, 80, 179, 10, '2023-07-07 09:04:45');
insert into compraProducto (compraProductoId, mascotaId, productoEnVentaId, cantidad, fechaCompra) values (86, 51, 192, 27, '2023-05-08 21:48:03');
insert into compraProducto (compraProductoId, mascotaId, productoEnVentaId, cantidad, fechaCompra) values (87, 83, 75, 1, '2022-11-10 13:36:55');
insert into compraProducto (compraProductoId, mascotaId, productoEnVentaId, cantidad, fechaCompra) values (88, 92, 62, 27, '2022-07-11 08:24:54');
insert into compraProducto (compraProductoId, mascotaId, productoEnVentaId, cantidad, fechaCompra) values (89, 25, 5, 3, '2022-02-14 23:00:53');
insert into compraProducto (compraProductoId, mascotaId, productoEnVentaId, cantidad, fechaCompra) values (90, 30, 51, 18, '2022-02-07 18:09:28');
insert into compraProducto (compraProductoId, mascotaId, productoEnVentaId, cantidad, fechaCompra) values (91, 71, 152, 18, '2022-08-02 03:22:15');
insert into compraProducto (compraProductoId, mascotaId, productoEnVentaId, cantidad, fechaCompra) values (92, 53, 99, 22, '2022-07-18 11:20:18');
insert into compraProducto (compraProductoId, mascotaId, productoEnVentaId, cantidad, fechaCompra) values (93, 94, 70, 2, '2022-03-16 11:18:52');
insert into compraProducto (compraProductoId, mascotaId, productoEnVentaId, cantidad, fechaCompra) values (94, 71, 27, 15, '2022-03-09 02:44:59');
insert into compraProducto (compraProductoId, mascotaId, productoEnVentaId, cantidad, fechaCompra) values (95, 53, 85, 26, '2023-05-03 12:03:21');
insert into compraProducto (compraProductoId, mascotaId, productoEnVentaId, cantidad, fechaCompra) values (96, 70, 190, 12, '2022-04-26 19:05:52');
insert into compraProducto (compraProductoId, mascotaId, productoEnVentaId, cantidad, fechaCompra) values (97, 90, 44, 19, '2022-04-04 22:46:41');
insert into compraProducto (compraProductoId, mascotaId, productoEnVentaId, cantidad, fechaCompra) values (98, 35, 19, 20, '2023-04-29 06:09:08');
insert into compraProducto (compraProductoId, mascotaId, productoEnVentaId, cantidad, fechaCompra) values (99, 61, 82, 1, '2022-07-04 04:28:29');
insert into compraProducto (compraProductoId, mascotaId, productoEnVentaId, cantidad, fechaCompra) values (100, 43, 180, 10, '2023-09-01 18:11:14');
insert into compraProducto (compraProductoId, mascotaId, productoEnVentaId, cantidad, fechaCompra) values (101, 2, 109, 16, '2023-03-08 11:12:32');
insert into compraProducto (compraProductoId, mascotaId, productoEnVentaId, cantidad, fechaCompra) values (102, 85, 95, 20, '2023-04-05 02:07:31');
insert into compraProducto (compraProductoId, mascotaId, productoEnVentaId, cantidad, fechaCompra) values (103, 66, 37, 26, '2022-11-26 09:45:23');
insert into compraProducto (compraProductoId, mascotaId, productoEnVentaId, cantidad, fechaCompra) values (104, 1, 159, 9, '2023-07-02 19:40:40');
insert into compraProducto (compraProductoId, mascotaId, productoEnVentaId, cantidad, fechaCompra) values (105, 26, 192, 15, '2022-01-21 16:05:43');
insert into compraProducto (compraProductoId, mascotaId, productoEnVentaId, cantidad, fechaCompra) values (106, 3, 155, 21, '2023-02-17 06:25:55');
insert into compraProducto (compraProductoId, mascotaId, productoEnVentaId, cantidad, fechaCompra) values (107, 99, 28, 18, '2023-02-01 23:07:45');
insert into compraProducto (compraProductoId, mascotaId, productoEnVentaId, cantidad, fechaCompra) values (108, 61, 181, 7, '2022-10-28 13:25:51');
insert into compraProducto (compraProductoId, mascotaId, productoEnVentaId, cantidad, fechaCompra) values (109, 24, 124, 7, '2022-06-27 04:32:49');
insert into compraProducto (compraProductoId, mascotaId, productoEnVentaId, cantidad, fechaCompra) values (110, 100, 2, 18, '2023-07-05 11:59:38');
insert into compraProducto (compraProductoId, mascotaId, productoEnVentaId, cantidad, fechaCompra) values (111, 88, 172, 5, '2023-11-09 12:34:00');
insert into compraProducto (compraProductoId, mascotaId, productoEnVentaId, cantidad, fechaCompra) values (112, 40, 189, 20, '2023-05-19 06:53:27');
insert into compraProducto (compraProductoId, mascotaId, productoEnVentaId, cantidad, fechaCompra) values (113, 81, 27, 5, '2022-02-16 11:46:53');
insert into compraProducto (compraProductoId, mascotaId, productoEnVentaId, cantidad, fechaCompra) values (114, 47, 41, 15, '2022-04-09 10:21:25');
insert into compraProducto (compraProductoId, mascotaId, productoEnVentaId, cantidad, fechaCompra) values (115, 25, 23, 3, '2022-05-22 17:38:39');
insert into compraProducto (compraProductoId, mascotaId, productoEnVentaId, cantidad, fechaCompra) values (116, 7, 29, 6, '2022-05-20 10:00:04');
insert into compraProducto (compraProductoId, mascotaId, productoEnVentaId, cantidad, fechaCompra) values (117, 94, 155, 14, '2023-11-20 07:34:34');
insert into compraProducto (compraProductoId, mascotaId, productoEnVentaId, cantidad, fechaCompra) values (118, 2, 134, 9, '2023-10-31 05:10:48');
insert into compraProducto (compraProductoId, mascotaId, productoEnVentaId, cantidad, fechaCompra) values (119, 43, 191, 13, '2022-12-18 10:35:05');
insert into compraProducto (compraProductoId, mascotaId, productoEnVentaId, cantidad, fechaCompra) values (120, 11, 87, 13, '2023-12-18 05:49:10');
insert into compraProducto (compraProductoId, mascotaId, productoEnVentaId, cantidad, fechaCompra) values (121, 72, 51, 25, '2022-01-03 04:50:03');
insert into compraProducto (compraProductoId, mascotaId, productoEnVentaId, cantidad, fechaCompra) values (122, 6, 170, 6, '2022-12-02 03:33:48');
insert into compraProducto (compraProductoId, mascotaId, productoEnVentaId, cantidad, fechaCompra) values (123, 39, 194, 13, '2023-07-29 13:35:02');
insert into compraProducto (compraProductoId, mascotaId, productoEnVentaId, cantidad, fechaCompra) values (124, 63, 33, 24, '2022-03-01 17:37:40');
insert into compraProducto (compraProductoId, mascotaId, productoEnVentaId, cantidad, fechaCompra) values (125, 87, 93, 18, '2023-12-30 18:07:03');
insert into compraProducto (compraProductoId, mascotaId, productoEnVentaId, cantidad, fechaCompra) values (126, 57, 155, 8, '2022-05-13 12:14:46');
insert into compraProducto (compraProductoId, mascotaId, productoEnVentaId, cantidad, fechaCompra) values (127, 45, 138, 17, '2023-06-08 09:22:11');
insert into compraProducto (compraProductoId, mascotaId, productoEnVentaId, cantidad, fechaCompra) values (128, 61, 187, 23, '2023-01-11 07:00:29');
insert into compraProducto (compraProductoId, mascotaId, productoEnVentaId, cantidad, fechaCompra) values (129, 2, 107, 12, '2022-01-13 16:02:15');
insert into compraProducto (compraProductoId, mascotaId, productoEnVentaId, cantidad, fechaCompra) values (130, 59, 48, 7, '2022-08-10 14:00:06');
insert into compraProducto (compraProductoId, mascotaId, productoEnVentaId, cantidad, fechaCompra) values (131, 60, 171, 22, '2023-04-23 01:48:59');
insert into compraProducto (compraProductoId, mascotaId, productoEnVentaId, cantidad, fechaCompra) values (132, 52, 100, 16, '2023-07-11 20:25:36');
insert into compraProducto (compraProductoId, mascotaId, productoEnVentaId, cantidad, fechaCompra) values (133, 27, 87, 1, '2023-11-21 06:07:59');
insert into compraProducto (compraProductoId, mascotaId, productoEnVentaId, cantidad, fechaCompra) values (134, 82, 160, 27, '2023-10-17 05:03:09');
insert into compraProducto (compraProductoId, mascotaId, productoEnVentaId, cantidad, fechaCompra) values (135, 18, 189, 2, '2023-04-24 02:45:20');
insert into compraProducto (compraProductoId, mascotaId, productoEnVentaId, cantidad, fechaCompra) values (136, 27, 102, 7, '2022-12-22 14:26:59');
insert into compraProducto (compraProductoId, mascotaId, productoEnVentaId, cantidad, fechaCompra) values (137, 10, 147, 21, '2022-05-29 10:04:05');
insert into compraProducto (compraProductoId, mascotaId, productoEnVentaId, cantidad, fechaCompra) values (138, 27, 143, 26, '2022-04-18 19:38:12');
insert into compraProducto (compraProductoId, mascotaId, productoEnVentaId, cantidad, fechaCompra) values (139, 35, 103, 24, '2023-02-05 19:25:06');
insert into compraProducto (compraProductoId, mascotaId, productoEnVentaId, cantidad, fechaCompra) values (140, 36, 50, 11, '2022-12-01 01:04:14');
insert into compraProducto (compraProductoId, mascotaId, productoEnVentaId, cantidad, fechaCompra) values (141, 57, 70, 5, '2022-12-12 11:36:53');
insert into compraProducto (compraProductoId, mascotaId, productoEnVentaId, cantidad, fechaCompra) values (142, 54, 154, 21, '2022-04-30 11:40:36');
insert into compraProducto (compraProductoId, mascotaId, productoEnVentaId, cantidad, fechaCompra) values (143, 99, 40, 23, '2023-05-04 19:57:19');
insert into compraProducto (compraProductoId, mascotaId, productoEnVentaId, cantidad, fechaCompra) values (144, 32, 140, 26, '2023-06-03 09:14:32');
insert into compraProducto (compraProductoId, mascotaId, productoEnVentaId, cantidad, fechaCompra) values (145, 81, 160, 16, '2023-02-07 05:54:00');
insert into compraProducto (compraProductoId, mascotaId, productoEnVentaId, cantidad, fechaCompra) values (146, 6, 10, 16, '2022-07-31 09:08:56');
insert into compraProducto (compraProductoId, mascotaId, productoEnVentaId, cantidad, fechaCompra) values (147, 48, 69, 21, '2022-08-14 04:12:31');
insert into compraProducto (compraProductoId, mascotaId, productoEnVentaId, cantidad, fechaCompra) values (148, 57, 61, 8, '2022-11-24 12:46:43');
insert into compraProducto (compraProductoId, mascotaId, productoEnVentaId, cantidad, fechaCompra) values (149, 18, 44, 11, '2022-04-24 08:36:03');
insert into compraProducto (compraProductoId, mascotaId, productoEnVentaId, cantidad, fechaCompra) values (150, 65, 59, 8, '2023-08-12 19:49:29');
insert into compraProducto (compraProductoId, mascotaId, productoEnVentaId, cantidad, fechaCompra) values (151, 8, 19, 14, '2023-06-21 03:32:36');
insert into compraProducto (compraProductoId, mascotaId, productoEnVentaId, cantidad, fechaCompra) values (152, 48, 49, 12, '2023-04-27 18:13:31');
insert into compraProducto (compraProductoId, mascotaId, productoEnVentaId, cantidad, fechaCompra) values (153, 45, 46, 19, '2023-02-20 08:52:26');
insert into compraProducto (compraProductoId, mascotaId, productoEnVentaId, cantidad, fechaCompra) values (154, 70, 61, 1, '2022-09-12 22:54:37');
insert into compraProducto (compraProductoId, mascotaId, productoEnVentaId, cantidad, fechaCompra) values (155, 56, 53, 13, '2022-02-13 01:26:33');
insert into compraProducto (compraProductoId, mascotaId, productoEnVentaId, cantidad, fechaCompra) values (156, 29, 9, 3, '2022-01-11 10:00:14');
insert into compraProducto (compraProductoId, mascotaId, productoEnVentaId, cantidad, fechaCompra) values (157, 61, 53, 11, '2022-08-25 12:10:32');
insert into compraProducto (compraProductoId, mascotaId, productoEnVentaId, cantidad, fechaCompra) values (158, 83, 101, 26, '2023-01-21 01:52:19');
insert into compraProducto (compraProductoId, mascotaId, productoEnVentaId, cantidad, fechaCompra) values (159, 31, 199, 19, '2022-10-16 11:36:18');
insert into compraProducto (compraProductoId, mascotaId, productoEnVentaId, cantidad, fechaCompra) values (160, 50, 116, 16, '2023-09-08 22:46:18');
insert into compraProducto (compraProductoId, mascotaId, productoEnVentaId, cantidad, fechaCompra) values (161, 85, 18, 9, '2023-06-09 06:28:38');
insert into compraProducto (compraProductoId, mascotaId, productoEnVentaId, cantidad, fechaCompra) values (162, 41, 146, 20, '2023-06-20 18:08:09');
insert into compraProducto (compraProductoId, mascotaId, productoEnVentaId, cantidad, fechaCompra) values (163, 1, 155, 10, '2022-01-01 23:24:19');
insert into compraProducto (compraProductoId, mascotaId, productoEnVentaId, cantidad, fechaCompra) values (164, 71, 56, 23, '2023-05-24 11:10:15');
insert into compraProducto (compraProductoId, mascotaId, productoEnVentaId, cantidad, fechaCompra) values (165, 27, 55, 10, '2023-02-21 19:40:29');
insert into compraProducto (compraProductoId, mascotaId, productoEnVentaId, cantidad, fechaCompra) values (166, 5, 116, 22, '2022-09-20 14:31:10');
insert into compraProducto (compraProductoId, mascotaId, productoEnVentaId, cantidad, fechaCompra) values (167, 95, 124, 22, '2023-11-14 18:24:26');
insert into compraProducto (compraProductoId, mascotaId, productoEnVentaId, cantidad, fechaCompra) values (168, 16, 190, 15, '2022-05-12 17:53:34');
insert into compraProducto (compraProductoId, mascotaId, productoEnVentaId, cantidad, fechaCompra) values (169, 34, 54, 1, '2022-01-30 05:06:42');
insert into compraProducto (compraProductoId, mascotaId, productoEnVentaId, cantidad, fechaCompra) values (170, 26, 42, 26, '2023-03-04 04:34:14');
insert into compraProducto (compraProductoId, mascotaId, productoEnVentaId, cantidad, fechaCompra) values (171, 30, 117, 15, '2023-09-05 11:43:38');
insert into compraProducto (compraProductoId, mascotaId, productoEnVentaId, cantidad, fechaCompra) values (172, 50, 25, 1, '2022-01-03 18:40:41');
insert into compraProducto (compraProductoId, mascotaId, productoEnVentaId, cantidad, fechaCompra) values (173, 55, 140, 13, '2022-04-26 19:56:59');
insert into compraProducto (compraProductoId, mascotaId, productoEnVentaId, cantidad, fechaCompra) values (174, 92, 70, 15, '2023-04-17 22:43:18');
insert into compraProducto (compraProductoId, mascotaId, productoEnVentaId, cantidad, fechaCompra) values (175, 57, 144, 19, '2022-12-25 20:49:35');
insert into compraProducto (compraProductoId, mascotaId, productoEnVentaId, cantidad, fechaCompra) values (176, 58, 136, 3, '2022-06-08 02:56:53');
insert into compraProducto (compraProductoId, mascotaId, productoEnVentaId, cantidad, fechaCompra) values (177, 71, 9, 27, '2022-04-28 07:54:43');
insert into compraProducto (compraProductoId, mascotaId, productoEnVentaId, cantidad, fechaCompra) values (178, 68, 113, 9, '2023-01-26 12:43:58');
insert into compraProducto (compraProductoId, mascotaId, productoEnVentaId, cantidad, fechaCompra) values (179, 43, 129, 22, '2023-11-10 12:41:33');
insert into compraProducto (compraProductoId, mascotaId, productoEnVentaId, cantidad, fechaCompra) values (180, 50, 113, 8, '2022-01-21 01:23:51');
insert into compraProducto (compraProductoId, mascotaId, productoEnVentaId, cantidad, fechaCompra) values (181, 36, 77, 15, '2022-08-07 04:52:31');
insert into compraProducto (compraProductoId, mascotaId, productoEnVentaId, cantidad, fechaCompra) values (182, 13, 2, 25, '2023-02-10 10:27:43');
insert into compraProducto (compraProductoId, mascotaId, productoEnVentaId, cantidad, fechaCompra) values (183, 20, 12, 2, '2022-12-30 00:16:37');
insert into compraProducto (compraProductoId, mascotaId, productoEnVentaId, cantidad, fechaCompra) values (184, 61, 67, 25, '2022-10-01 10:49:57');
insert into compraProducto (compraProductoId, mascotaId, productoEnVentaId, cantidad, fechaCompra) values (185, 61, 157, 11, '2023-02-18 20:46:43');
insert into compraProducto (compraProductoId, mascotaId, productoEnVentaId, cantidad, fechaCompra) values (186, 20, 36, 14, '2022-04-21 12:54:08');
insert into compraProducto (compraProductoId, mascotaId, productoEnVentaId, cantidad, fechaCompra) values (187, 74, 133, 25, '2023-12-13 11:40:03');
insert into compraProducto (compraProductoId, mascotaId, productoEnVentaId, cantidad, fechaCompra) values (188, 12, 53, 27, '2023-06-21 03:10:58');
insert into compraProducto (compraProductoId, mascotaId, productoEnVentaId, cantidad, fechaCompra) values (189, 66, 112, 26, '2023-11-11 03:19:05');
insert into compraProducto (compraProductoId, mascotaId, productoEnVentaId, cantidad, fechaCompra) values (190, 75, 105, 2, '2022-05-12 12:44:30');
insert into compraProducto (compraProductoId, mascotaId, productoEnVentaId, cantidad, fechaCompra) values (191, 73, 23, 16, '2023-08-07 03:00:22');
insert into compraProducto (compraProductoId, mascotaId, productoEnVentaId, cantidad, fechaCompra) values (192, 78, 70, 6, '2022-10-08 18:06:01');
insert into compraProducto (compraProductoId, mascotaId, productoEnVentaId, cantidad, fechaCompra) values (193, 2, 131, 24, '2023-04-11 17:28:57');
insert into compraProducto (compraProductoId, mascotaId, productoEnVentaId, cantidad, fechaCompra) values (194, 62, 31, 3, '2023-11-10 13:10:59');
insert into compraProducto (compraProductoId, mascotaId, productoEnVentaId, cantidad, fechaCompra) values (195, 73, 72, 26, '2022-10-08 23:08:38');
insert into compraProducto (compraProductoId, mascotaId, productoEnVentaId, cantidad, fechaCompra) values (196, 65, 95, 5, '2023-08-23 00:22:05');
insert into compraProducto (compraProductoId, mascotaId, productoEnVentaId, cantidad, fechaCompra) values (197, 71, 77, 18, '2023-03-03 11:58:31');
insert into compraProducto (compraProductoId, mascotaId, productoEnVentaId, cantidad, fechaCompra) values (198, 75, 18, 21, '2023-04-16 19:19:36');
insert into compraProducto (compraProductoId, mascotaId, productoEnVentaId, cantidad, fechaCompra) values (199, 66, 69, 8, '2023-05-11 06:52:28');
insert into compraProducto (compraProductoId, mascotaId, productoEnVentaId, cantidad, fechaCompra) values (200, 20, 107, 1, '2023-04-06 03:01:25');
insert into compraProducto (compraProductoId, mascotaId, productoEnVentaId, cantidad, fechaCompra) values (201, 3, 129, 22, '2022-11-22 11:43:51');
insert into compraProducto (compraProductoId, mascotaId, productoEnVentaId, cantidad, fechaCompra) values (202, 15, 51, 3, '2023-09-22 18:07:25');
insert into compraProducto (compraProductoId, mascotaId, productoEnVentaId, cantidad, fechaCompra) values (203, 39, 61, 8, '2023-04-27 07:56:36');
insert into compraProducto (compraProductoId, mascotaId, productoEnVentaId, cantidad, fechaCompra) values (204, 7, 110, 26, '2023-06-19 11:47:44');
insert into compraProducto (compraProductoId, mascotaId, productoEnVentaId, cantidad, fechaCompra) values (205, 1, 54, 6, '2022-08-02 15:16:52');
insert into compraProducto (compraProductoId, mascotaId, productoEnVentaId, cantidad, fechaCompra) values (206, 14, 5, 12, '2022-07-08 03:03:52');
insert into compraProducto (compraProductoId, mascotaId, productoEnVentaId, cantidad, fechaCompra) values (207, 49, 117, 3, '2022-06-11 06:31:07');
insert into compraProducto (compraProductoId, mascotaId, productoEnVentaId, cantidad, fechaCompra) values (208, 18, 20, 22, '2022-07-07 07:18:43');
insert into compraProducto (compraProductoId, mascotaId, productoEnVentaId, cantidad, fechaCompra) values (209, 18, 5, 26, '2023-07-27 13:28:44');
insert into compraProducto (compraProductoId, mascotaId, productoEnVentaId, cantidad, fechaCompra) values (210, 98, 31, 21, '2022-05-08 08:47:39');
insert into compraProducto (compraProductoId, mascotaId, productoEnVentaId, cantidad, fechaCompra) values (211, 90, 190, 8, '2023-03-11 01:06:51');
insert into compraProducto (compraProductoId, mascotaId, productoEnVentaId, cantidad, fechaCompra) values (212, 88, 178, 24, '2023-10-20 02:47:37');
insert into compraProducto (compraProductoId, mascotaId, productoEnVentaId, cantidad, fechaCompra) values (213, 61, 197, 19, '2023-03-25 08:17:17');
insert into compraProducto (compraProductoId, mascotaId, productoEnVentaId, cantidad, fechaCompra) values (214, 68, 57, 19, '2022-07-06 09:30:23');
insert into compraProducto (compraProductoId, mascotaId, productoEnVentaId, cantidad, fechaCompra) values (215, 91, 128, 7, '2023-11-03 23:22:22');
insert into compraProducto (compraProductoId, mascotaId, productoEnVentaId, cantidad, fechaCompra) values (216, 78, 61, 17, '2022-10-31 10:53:29');
insert into compraProducto (compraProductoId, mascotaId, productoEnVentaId, cantidad, fechaCompra) values (217, 28, 61, 9, '2023-04-13 13:36:05');
insert into compraProducto (compraProductoId, mascotaId, productoEnVentaId, cantidad, fechaCompra) values (218, 29, 113, 1, '2022-09-10 23:49:54');
insert into compraProducto (compraProductoId, mascotaId, productoEnVentaId, cantidad, fechaCompra) values (219, 66, 2, 10, '2023-08-31 00:17:58');
insert into compraProducto (compraProductoId, mascotaId, productoEnVentaId, cantidad, fechaCompra) values (220, 50, 84, 7, '2023-04-19 02:14:24');
insert into compraProducto (compraProductoId, mascotaId, productoEnVentaId, cantidad, fechaCompra) values (221, 21, 187, 12, '2022-11-15 09:58:52');
insert into compraProducto (compraProductoId, mascotaId, productoEnVentaId, cantidad, fechaCompra) values (222, 79, 105, 27, '2023-04-14 09:37:07');
insert into compraProducto (compraProductoId, mascotaId, productoEnVentaId, cantidad, fechaCompra) values (223, 58, 28, 25, '2022-02-23 13:11:12');
insert into compraProducto (compraProductoId, mascotaId, productoEnVentaId, cantidad, fechaCompra) values (224, 86, 66, 10, '2023-08-19 20:08:59');
insert into compraProducto (compraProductoId, mascotaId, productoEnVentaId, cantidad, fechaCompra) values (225, 3, 102, 1, '2023-10-31 02:01:19');
insert into compraProducto (compraProductoId, mascotaId, productoEnVentaId, cantidad, fechaCompra) values (226, 61, 127, 12, '2022-04-07 03:01:52');
insert into compraProducto (compraProductoId, mascotaId, productoEnVentaId, cantidad, fechaCompra) values (227, 95, 113, 12, '2023-06-06 17:41:40');
insert into compraProducto (compraProductoId, mascotaId, productoEnVentaId, cantidad, fechaCompra) values (228, 29, 154, 14, '2023-10-04 15:00:44');
insert into compraProducto (compraProductoId, mascotaId, productoEnVentaId, cantidad, fechaCompra) values (229, 4, 145, 19, '2023-01-05 22:30:54');
insert into compraProducto (compraProductoId, mascotaId, productoEnVentaId, cantidad, fechaCompra) values (230, 4, 166, 5, '2023-07-07 19:07:58');
insert into compraProducto (compraProductoId, mascotaId, productoEnVentaId, cantidad, fechaCompra) values (231, 2, 125, 12, '2023-04-23 10:02:42');
insert into compraProducto (compraProductoId, mascotaId, productoEnVentaId, cantidad, fechaCompra) values (232, 49, 5, 18, '2023-08-14 08:43:25');
insert into compraProducto (compraProductoId, mascotaId, productoEnVentaId, cantidad, fechaCompra) values (233, 19, 55, 19, '2022-05-21 02:52:30');
insert into compraProducto (compraProductoId, mascotaId, productoEnVentaId, cantidad, fechaCompra) values (234, 33, 33, 8, '2022-03-03 11:07:39');
insert into compraProducto (compraProductoId, mascotaId, productoEnVentaId, cantidad, fechaCompra) values (235, 71, 93, 1, '2022-07-23 19:58:34');
insert into compraProducto (compraProductoId, mascotaId, productoEnVentaId, cantidad, fechaCompra) values (236, 74, 140, 12, '2022-01-27 01:14:02');
insert into compraProducto (compraProductoId, mascotaId, productoEnVentaId, cantidad, fechaCompra) values (237, 79, 18, 21, '2023-05-02 04:47:17');
insert into compraProducto (compraProductoId, mascotaId, productoEnVentaId, cantidad, fechaCompra) values (238, 83, 184, 6, '2022-05-23 11:08:02');
insert into compraProducto (compraProductoId, mascotaId, productoEnVentaId, cantidad, fechaCompra) values (239, 52, 134, 14, '2023-11-06 11:33:07');
insert into compraProducto (compraProductoId, mascotaId, productoEnVentaId, cantidad, fechaCompra) values (240, 22, 99, 26, '2022-08-09 07:01:13');
insert into compraProducto (compraProductoId, mascotaId, productoEnVentaId, cantidad, fechaCompra) values (241, 56, 50, 20, '2022-07-20 16:17:24');
insert into compraProducto (compraProductoId, mascotaId, productoEnVentaId, cantidad, fechaCompra) values (242, 61, 126, 5, '2023-11-20 00:02:16');
insert into compraProducto (compraProductoId, mascotaId, productoEnVentaId, cantidad, fechaCompra) values (243, 82, 20, 7, '2023-08-24 21:39:19');
insert into compraProducto (compraProductoId, mascotaId, productoEnVentaId, cantidad, fechaCompra) values (244, 66, 34, 8, '2023-08-16 20:04:56');
insert into compraProducto (compraProductoId, mascotaId, productoEnVentaId, cantidad, fechaCompra) values (245, 66, 130, 12, '2022-09-06 17:52:32');
insert into compraProducto (compraProductoId, mascotaId, productoEnVentaId, cantidad, fechaCompra) values (246, 20, 130, 18, '2022-05-26 00:53:23');
insert into compraProducto (compraProductoId, mascotaId, productoEnVentaId, cantidad, fechaCompra) values (247, 7, 156, 8, '2022-10-10 10:13:16');
insert into compraProducto (compraProductoId, mascotaId, productoEnVentaId, cantidad, fechaCompra) values (248, 92, 136, 6, '2022-06-02 08:43:51');
insert into compraProducto (compraProductoId, mascotaId, productoEnVentaId, cantidad, fechaCompra) values (249, 99, 80, 3, '2022-04-23 10:50:38');
insert into compraProducto (compraProductoId, mascotaId, productoEnVentaId, cantidad, fechaCompra) values (250, 67, 135, 5, '2023-04-21 20:59:43');
insert into compraProducto (compraProductoId, mascotaId, productoEnVentaId, cantidad, fechaCompra) values (251, 60, 74, 21, '2023-04-27 13:32:45');
insert into compraProducto (compraProductoId, mascotaId, productoEnVentaId, cantidad, fechaCompra) values (252, 48, 53, 13, '2023-03-08 17:29:53');
insert into compraProducto (compraProductoId, mascotaId, productoEnVentaId, cantidad, fechaCompra) values (253, 63, 187, 22, '2023-04-05 17:03:30');
insert into compraProducto (compraProductoId, mascotaId, productoEnVentaId, cantidad, fechaCompra) values (254, 7, 49, 11, '2023-02-25 06:17:05');
insert into compraProducto (compraProductoId, mascotaId, productoEnVentaId, cantidad, fechaCompra) values (255, 34, 17, 3, '2022-08-01 00:39:10');
insert into compraProducto (compraProductoId, mascotaId, productoEnVentaId, cantidad, fechaCompra) values (256, 89, 26, 22, '2023-04-19 17:37:14');
insert into compraProducto (compraProductoId, mascotaId, productoEnVentaId, cantidad, fechaCompra) values (257, 61, 56, 8, '2023-05-26 02:45:35');
insert into compraProducto (compraProductoId, mascotaId, productoEnVentaId, cantidad, fechaCompra) values (258, 41, 64, 20, '2023-10-14 06:36:43');
insert into compraProducto (compraProductoId, mascotaId, productoEnVentaId, cantidad, fechaCompra) values (259, 100, 92, 9, '2022-11-24 23:45:17');
insert into compraProducto (compraProductoId, mascotaId, productoEnVentaId, cantidad, fechaCompra) values (260, 57, 169, 14, '2023-07-27 05:30:53');
insert into compraProducto (compraProductoId, mascotaId, productoEnVentaId, cantidad, fechaCompra) values (261, 95, 170, 23, '2022-06-01 01:31:19');
insert into compraProducto (compraProductoId, mascotaId, productoEnVentaId, cantidad, fechaCompra) values (262, 14, 180, 27, '2022-02-14 02:47:55');
insert into compraProducto (compraProductoId, mascotaId, productoEnVentaId, cantidad, fechaCompra) values (263, 54, 57, 23, '2022-08-07 13:14:23');
insert into compraProducto (compraProductoId, mascotaId, productoEnVentaId, cantidad, fechaCompra) values (264, 23, 41, 12, '2022-05-01 16:00:53');
insert into compraProducto (compraProductoId, mascotaId, productoEnVentaId, cantidad, fechaCompra) values (265, 7, 24, 14, '2023-02-26 02:12:20');
insert into compraProducto (compraProductoId, mascotaId, productoEnVentaId, cantidad, fechaCompra) values (266, 11, 3, 12, '2023-12-17 09:49:42');
insert into compraProducto (compraProductoId, mascotaId, productoEnVentaId, cantidad, fechaCompra) values (267, 72, 86, 16, '2023-04-16 08:17:15');
insert into compraProducto (compraProductoId, mascotaId, productoEnVentaId, cantidad, fechaCompra) values (268, 45, 49, 23, '2022-06-28 19:21:45');
insert into compraProducto (compraProductoId, mascotaId, productoEnVentaId, cantidad, fechaCompra) values (269, 12, 168, 9, '2023-03-05 07:20:18');
insert into compraProducto (compraProductoId, mascotaId, productoEnVentaId, cantidad, fechaCompra) values (270, 80, 114, 26, '2023-12-25 19:22:29');
insert into compraProducto (compraProductoId, mascotaId, productoEnVentaId, cantidad, fechaCompra) values (271, 78, 112, 3, '2022-07-23 11:00:19');
insert into compraProducto (compraProductoId, mascotaId, productoEnVentaId, cantidad, fechaCompra) values (272, 89, 48, 25, '2023-02-19 11:34:52');
insert into compraProducto (compraProductoId, mascotaId, productoEnVentaId, cantidad, fechaCompra) values (273, 72, 49, 24, '2023-11-18 21:18:32');
insert into compraProducto (compraProductoId, mascotaId, productoEnVentaId, cantidad, fechaCompra) values (274, 85, 113, 2, '2023-03-10 18:22:38');
insert into compraProducto (compraProductoId, mascotaId, productoEnVentaId, cantidad, fechaCompra) values (275, 46, 70, 14, '2023-09-19 19:41:11');
insert into compraProducto (compraProductoId, mascotaId, productoEnVentaId, cantidad, fechaCompra) values (276, 64, 125, 16, '2023-10-27 22:54:15');
insert into compraProducto (compraProductoId, mascotaId, productoEnVentaId, cantidad, fechaCompra) values (277, 37, 35, 25, '2023-06-09 07:59:10');
insert into compraProducto (compraProductoId, mascotaId, productoEnVentaId, cantidad, fechaCompra) values (278, 89, 101, 5, '2022-10-17 15:34:06');
insert into compraProducto (compraProductoId, mascotaId, productoEnVentaId, cantidad, fechaCompra) values (279, 56, 56, 25, '2022-08-11 09:48:28');
insert into compraProducto (compraProductoId, mascotaId, productoEnVentaId, cantidad, fechaCompra) values (280, 41, 20, 25, '2022-04-08 17:27:36');
insert into compraProducto (compraProductoId, mascotaId, productoEnVentaId, cantidad, fechaCompra) values (281, 65, 164, 1, '2022-10-15 14:21:45');
insert into compraProducto (compraProductoId, mascotaId, productoEnVentaId, cantidad, fechaCompra) values (282, 83, 116, 1, '2023-10-02 02:16:14');
insert into compraProducto (compraProductoId, mascotaId, productoEnVentaId, cantidad, fechaCompra) values (283, 6, 57, 27, '2023-02-14 20:25:32');
insert into compraProducto (compraProductoId, mascotaId, productoEnVentaId, cantidad, fechaCompra) values (284, 78, 99, 13, '2022-05-13 19:16:45');
insert into compraProducto (compraProductoId, mascotaId, productoEnVentaId, cantidad, fechaCompra) values (285, 56, 144, 13, '2022-10-26 22:44:48');
insert into compraProducto (compraProductoId, mascotaId, productoEnVentaId, cantidad, fechaCompra) values (286, 83, 156, 26, '2023-02-09 10:51:57');
insert into compraProducto (compraProductoId, mascotaId, productoEnVentaId, cantidad, fechaCompra) values (287, 96, 138, 8, '2022-11-10 23:23:35');
insert into compraProducto (compraProductoId, mascotaId, productoEnVentaId, cantidad, fechaCompra) values (288, 2, 112, 22, '2022-11-04 20:37:16');
insert into compraProducto (compraProductoId, mascotaId, productoEnVentaId, cantidad, fechaCompra) values (289, 5, 77, 13, '2022-10-08 21:30:46');
insert into compraProducto (compraProductoId, mascotaId, productoEnVentaId, cantidad, fechaCompra) values (290, 27, 9, 15, '2023-10-13 06:54:33');
insert into compraProducto (compraProductoId, mascotaId, productoEnVentaId, cantidad, fechaCompra) values (291, 15, 188, 17, '2022-08-11 05:06:09');
insert into compraProducto (compraProductoId, mascotaId, productoEnVentaId, cantidad, fechaCompra) values (292, 47, 66, 15, '2023-11-25 18:54:03');
insert into compraProducto (compraProductoId, mascotaId, productoEnVentaId, cantidad, fechaCompra) values (293, 71, 15, 11, '2023-11-15 06:12:53');
insert into compraProducto (compraProductoId, mascotaId, productoEnVentaId, cantidad, fechaCompra) values (294, 69, 71, 18, '2023-03-30 04:01:06');
insert into compraProducto (compraProductoId, mascotaId, productoEnVentaId, cantidad, fechaCompra) values (295, 6, 129, 4, '2022-11-25 05:12:24');
insert into compraProducto (compraProductoId, mascotaId, productoEnVentaId, cantidad, fechaCompra) values (296, 31, 125, 8, '2023-06-12 18:37:43');
insert into compraProducto (compraProductoId, mascotaId, productoEnVentaId, cantidad, fechaCompra) values (297, 66, 77, 6, '2023-05-05 03:49:21');
insert into compraProducto (compraProductoId, mascotaId, productoEnVentaId, cantidad, fechaCompra) values (298, 8, 85, 14, '2023-12-30 03:49:29');
insert into compraProducto (compraProductoId, mascotaId, productoEnVentaId, cantidad, fechaCompra) values (299, 65, 88, 9, '2022-05-19 20:40:23');
insert into compraProducto (compraProductoId, mascotaId, productoEnVentaId, cantidad, fechaCompra) values (300, 93, 88, 9, '2023-10-18 06:07:05');
insert into compraProducto (compraProductoId, mascotaId, productoEnVentaId, cantidad, fechaCompra) values (301, 41, 77, 10, '2022-06-05 03:54:30');
insert into compraProducto (compraProductoId, mascotaId, productoEnVentaId, cantidad, fechaCompra) values (302, 66, 160, 11, '2023-06-05 21:28:36');
insert into compraProducto (compraProductoId, mascotaId, productoEnVentaId, cantidad, fechaCompra) values (303, 70, 153, 20, '2022-07-01 08:36:38');
insert into compraProducto (compraProductoId, mascotaId, productoEnVentaId, cantidad, fechaCompra) values (304, 99, 172, 24, '2023-11-28 05:38:11');
insert into compraProducto (compraProductoId, mascotaId, productoEnVentaId, cantidad, fechaCompra) values (305, 96, 56, 17, '2022-11-10 02:25:43');
insert into compraProducto (compraProductoId, mascotaId, productoEnVentaId, cantidad, fechaCompra) values (306, 7, 175, 4, '2022-03-15 03:14:23');
insert into compraProducto (compraProductoId, mascotaId, productoEnVentaId, cantidad, fechaCompra) values (307, 99, 198, 10, '2023-07-13 00:10:00');
insert into compraProducto (compraProductoId, mascotaId, productoEnVentaId, cantidad, fechaCompra) values (308, 89, 155, 18, '2022-07-14 10:24:58');
insert into compraProducto (compraProductoId, mascotaId, productoEnVentaId, cantidad, fechaCompra) values (309, 13, 53, 9, '2023-02-06 17:20:32');
insert into compraProducto (compraProductoId, mascotaId, productoEnVentaId, cantidad, fechaCompra) values (310, 73, 180, 18, '2023-04-15 06:44:01');
insert into compraProducto (compraProductoId, mascotaId, productoEnVentaId, cantidad, fechaCompra) values (311, 10, 161, 4, '2023-03-18 23:48:53');
insert into compraProducto (compraProductoId, mascotaId, productoEnVentaId, cantidad, fechaCompra) values (312, 92, 6, 3, '2023-03-10 13:27:55');
insert into compraProducto (compraProductoId, mascotaId, productoEnVentaId, cantidad, fechaCompra) values (313, 21, 62, 15, '2022-07-31 14:45:54');
insert into compraProducto (compraProductoId, mascotaId, productoEnVentaId, cantidad, fechaCompra) values (314, 63, 165, 2, '2023-06-03 22:06:10');
insert into compraProducto (compraProductoId, mascotaId, productoEnVentaId, cantidad, fechaCompra) values (315, 94, 82, 11, '2023-09-04 17:00:36');
insert into compraProducto (compraProductoId, mascotaId, productoEnVentaId, cantidad, fechaCompra) values (316, 89, 67, 1, '2022-06-17 05:55:37');
insert into compraProducto (compraProductoId, mascotaId, productoEnVentaId, cantidad, fechaCompra) values (317, 81, 106, 19, '2023-09-14 10:41:05');
insert into compraProducto (compraProductoId, mascotaId, productoEnVentaId, cantidad, fechaCompra) values (318, 13, 118, 15, '2023-03-07 15:19:32');
insert into compraProducto (compraProductoId, mascotaId, productoEnVentaId, cantidad, fechaCompra) values (319, 73, 110, 13, '2022-10-16 05:23:35');
insert into compraProducto (compraProductoId, mascotaId, productoEnVentaId, cantidad, fechaCompra) values (320, 99, 159, 21, '2023-05-16 18:53:16');
insert into compraProducto (compraProductoId, mascotaId, productoEnVentaId, cantidad, fechaCompra) values (321, 82, 3, 4, '2022-11-06 07:03:13');
insert into compraProducto (compraProductoId, mascotaId, productoEnVentaId, cantidad, fechaCompra) values (322, 67, 8, 8, '2023-08-13 14:27:06');
insert into compraProducto (compraProductoId, mascotaId, productoEnVentaId, cantidad, fechaCompra) values (323, 62, 38, 25, '2022-07-09 06:46:57');
insert into compraProducto (compraProductoId, mascotaId, productoEnVentaId, cantidad, fechaCompra) values (324, 52, 122, 23, '2022-01-30 18:24:57');
insert into compraProducto (compraProductoId, mascotaId, productoEnVentaId, cantidad, fechaCompra) values (325, 68, 161, 15, '2023-08-27 22:52:24');
insert into compraProducto (compraProductoId, mascotaId, productoEnVentaId, cantidad, fechaCompra) values (326, 25, 30, 15, '2023-06-09 08:07:54');
insert into compraProducto (compraProductoId, mascotaId, productoEnVentaId, cantidad, fechaCompra) values (327, 58, 16, 15, '2023-07-11 20:37:47');
insert into compraProducto (compraProductoId, mascotaId, productoEnVentaId, cantidad, fechaCompra) values (328, 99, 176, 23, '2023-07-12 13:41:34');
insert into compraProducto (compraProductoId, mascotaId, productoEnVentaId, cantidad, fechaCompra) values (329, 60, 170, 21, '2023-06-27 07:18:08');
insert into compraProducto (compraProductoId, mascotaId, productoEnVentaId, cantidad, fechaCompra) values (330, 99, 161, 11, '2022-11-08 08:29:43');
insert into compraProducto (compraProductoId, mascotaId, productoEnVentaId, cantidad, fechaCompra) values (331, 20, 119, 11, '2023-06-01 19:22:08');
insert into compraProducto (compraProductoId, mascotaId, productoEnVentaId, cantidad, fechaCompra) values (332, 75, 132, 20, '2022-05-26 21:41:51');
insert into compraProducto (compraProductoId, mascotaId, productoEnVentaId, cantidad, fechaCompra) values (333, 45, 168, 11, '2022-12-25 18:23:22');
insert into compraProducto (compraProductoId, mascotaId, productoEnVentaId, cantidad, fechaCompra) values (334, 3, 2, 5, '2022-07-30 15:29:54');
insert into compraProducto (compraProductoId, mascotaId, productoEnVentaId, cantidad, fechaCompra) values (335, 91, 91, 21, '2022-11-01 08:08:36');
insert into compraProducto (compraProductoId, mascotaId, productoEnVentaId, cantidad, fechaCompra) values (336, 77, 76, 25, '2022-06-01 19:01:58');
insert into compraProducto (compraProductoId, mascotaId, productoEnVentaId, cantidad, fechaCompra) values (337, 50, 99, 20, '2022-01-10 06:01:26');
insert into compraProducto (compraProductoId, mascotaId, productoEnVentaId, cantidad, fechaCompra) values (338, 23, 22, 5, '2023-06-10 15:46:39');
insert into compraProducto (compraProductoId, mascotaId, productoEnVentaId, cantidad, fechaCompra) values (339, 95, 116, 26, '2023-01-28 17:58:29');
insert into compraProducto (compraProductoId, mascotaId, productoEnVentaId, cantidad, fechaCompra) values (340, 66, 190, 22, '2023-01-30 20:01:44');
insert into compraProducto (compraProductoId, mascotaId, productoEnVentaId, cantidad, fechaCompra) values (341, 93, 112, 18, '2022-05-15 20:49:50');
insert into compraProducto (compraProductoId, mascotaId, productoEnVentaId, cantidad, fechaCompra) values (342, 35, 184, 1, '2022-02-16 19:58:47');
insert into compraProducto (compraProductoId, mascotaId, productoEnVentaId, cantidad, fechaCompra) values (343, 86, 11, 3, '2022-11-09 21:51:57');
insert into compraProducto (compraProductoId, mascotaId, productoEnVentaId, cantidad, fechaCompra) values (344, 10, 124, 9, '2023-09-26 21:26:30');
insert into compraProducto (compraProductoId, mascotaId, productoEnVentaId, cantidad, fechaCompra) values (345, 41, 139, 9, '2022-09-04 02:19:11');
insert into compraProducto (compraProductoId, mascotaId, productoEnVentaId, cantidad, fechaCompra) values (346, 61, 188, 6, '2022-06-14 00:32:46');
insert into compraProducto (compraProductoId, mascotaId, productoEnVentaId, cantidad, fechaCompra) values (347, 87, 43, 19, '2023-10-12 14:46:28');
insert into compraProducto (compraProductoId, mascotaId, productoEnVentaId, cantidad, fechaCompra) values (348, 76, 124, 15, '2023-04-28 13:35:56');
insert into compraProducto (compraProductoId, mascotaId, productoEnVentaId, cantidad, fechaCompra) values (349, 2, 144, 15, '2023-01-13 20:51:34');
insert into compraProducto (compraProductoId, mascotaId, productoEnVentaId, cantidad, fechaCompra) values (350, 1, 20, 14, '2022-11-10 10:52:30');
insert into compraProducto (compraProductoId, mascotaId, productoEnVentaId, cantidad, fechaCompra) values (351, 94, 18, 6, '2023-10-25 00:24:13');
insert into compraProducto (compraProductoId, mascotaId, productoEnVentaId, cantidad, fechaCompra) values (352, 76, 73, 18, '2022-06-08 04:56:13');
insert into compraProducto (compraProductoId, mascotaId, productoEnVentaId, cantidad, fechaCompra) values (353, 42, 60, 21, '2023-03-06 07:27:02');
insert into compraProducto (compraProductoId, mascotaId, productoEnVentaId, cantidad, fechaCompra) values (354, 25, 198, 23, '2023-09-20 07:41:56');
insert into compraProducto (compraProductoId, mascotaId, productoEnVentaId, cantidad, fechaCompra) values (355, 42, 37, 2, '2022-06-01 02:44:15');
insert into compraProducto (compraProductoId, mascotaId, productoEnVentaId, cantidad, fechaCompra) values (356, 56, 32, 3, '2023-11-26 00:04:37');
insert into compraProducto (compraProductoId, mascotaId, productoEnVentaId, cantidad, fechaCompra) values (357, 82, 86, 10, '2023-04-21 10:57:08');
insert into compraProducto (compraProductoId, mascotaId, productoEnVentaId, cantidad, fechaCompra) values (358, 76, 30, 26, '2022-01-15 17:32:55');
insert into compraProducto (compraProductoId, mascotaId, productoEnVentaId, cantidad, fechaCompra) values (359, 80, 43, 13, '2022-06-27 01:31:10');
insert into compraProducto (compraProductoId, mascotaId, productoEnVentaId, cantidad, fechaCompra) values (360, 8, 111, 6, '2023-01-31 13:39:31');
insert into compraProducto (compraProductoId, mascotaId, productoEnVentaId, cantidad, fechaCompra) values (361, 71, 136, 5, '2023-04-20 05:23:36');
insert into compraProducto (compraProductoId, mascotaId, productoEnVentaId, cantidad, fechaCompra) values (362, 33, 40, 14, '2023-06-14 18:38:50');
insert into compraProducto (compraProductoId, mascotaId, productoEnVentaId, cantidad, fechaCompra) values (363, 75, 97, 7, '2022-06-10 01:46:46');
insert into compraProducto (compraProductoId, mascotaId, productoEnVentaId, cantidad, fechaCompra) values (364, 19, 152, 6, '2022-06-10 12:45:33');
insert into compraProducto (compraProductoId, mascotaId, productoEnVentaId, cantidad, fechaCompra) values (365, 63, 118, 11, '2023-01-10 00:05:09');
insert into compraProducto (compraProductoId, mascotaId, productoEnVentaId, cantidad, fechaCompra) values (366, 33, 33, 23, '2023-09-21 22:50:19');
insert into compraProducto (compraProductoId, mascotaId, productoEnVentaId, cantidad, fechaCompra) values (367, 93, 65, 13, '2023-12-15 20:34:22');
insert into compraProducto (compraProductoId, mascotaId, productoEnVentaId, cantidad, fechaCompra) values (368, 30, 149, 21, '2023-09-13 20:45:43');
insert into compraProducto (compraProductoId, mascotaId, productoEnVentaId, cantidad, fechaCompra) values (369, 70, 146, 10, '2022-04-20 09:30:40');
insert into compraProducto (compraProductoId, mascotaId, productoEnVentaId, cantidad, fechaCompra) values (370, 26, 65, 17, '2022-07-13 22:39:24');
insert into compraProducto (compraProductoId, mascotaId, productoEnVentaId, cantidad, fechaCompra) values (371, 26, 128, 12, '2022-11-14 09:28:35');
insert into compraProducto (compraProductoId, mascotaId, productoEnVentaId, cantidad, fechaCompra) values (372, 56, 44, 1, '2022-06-05 06:01:59');
insert into compraProducto (compraProductoId, mascotaId, productoEnVentaId, cantidad, fechaCompra) values (373, 50, 53, 14, '2023-07-17 23:33:25');
insert into compraProducto (compraProductoId, mascotaId, productoEnVentaId, cantidad, fechaCompra) values (374, 32, 4, 9, '2023-04-30 02:24:00');
insert into compraProducto (compraProductoId, mascotaId, productoEnVentaId, cantidad, fechaCompra) values (375, 48, 7, 27, '2022-06-02 01:36:15');
insert into compraProducto (compraProductoId, mascotaId, productoEnVentaId, cantidad, fechaCompra) values (376, 61, 118, 26, '2023-11-23 10:14:55');
insert into compraProducto (compraProductoId, mascotaId, productoEnVentaId, cantidad, fechaCompra) values (377, 17, 97, 8, '2023-01-13 13:23:18');
insert into compraProducto (compraProductoId, mascotaId, productoEnVentaId, cantidad, fechaCompra) values (378, 61, 169, 4, '2023-03-03 06:26:32');
insert into compraProducto (compraProductoId, mascotaId, productoEnVentaId, cantidad, fechaCompra) values (379, 71, 96, 7, '2022-01-01 12:09:04');
insert into compraProducto (compraProductoId, mascotaId, productoEnVentaId, cantidad, fechaCompra) values (380, 57, 195, 17, '2023-07-12 06:43:11');
insert into compraProducto (compraProductoId, mascotaId, productoEnVentaId, cantidad, fechaCompra) values (381, 48, 69, 7, '2023-01-27 18:23:24');
insert into compraProducto (compraProductoId, mascotaId, productoEnVentaId, cantidad, fechaCompra) values (382, 76, 3, 2, '2023-06-18 08:41:26');
insert into compraProducto (compraProductoId, mascotaId, productoEnVentaId, cantidad, fechaCompra) values (383, 8, 134, 12, '2022-06-10 03:53:16');
insert into compraProducto (compraProductoId, mascotaId, productoEnVentaId, cantidad, fechaCompra) values (384, 86, 89, 14, '2023-05-09 19:23:55');
insert into compraProducto (compraProductoId, mascotaId, productoEnVentaId, cantidad, fechaCompra) values (385, 38, 71, 3, '2022-02-12 22:16:19');
insert into compraProducto (compraProductoId, mascotaId, productoEnVentaId, cantidad, fechaCompra) values (386, 7, 174, 7, '2023-01-10 09:56:45');
insert into compraProducto (compraProductoId, mascotaId, productoEnVentaId, cantidad, fechaCompra) values (387, 50, 107, 4, '2023-01-28 12:18:08');
insert into compraProducto (compraProductoId, mascotaId, productoEnVentaId, cantidad, fechaCompra) values (388, 24, 176, 25, '2023-04-19 14:25:47');
insert into compraProducto (compraProductoId, mascotaId, productoEnVentaId, cantidad, fechaCompra) values (389, 42, 38, 4, '2023-08-23 02:46:10');
insert into compraProducto (compraProductoId, mascotaId, productoEnVentaId, cantidad, fechaCompra) values (390, 53, 167, 25, '2022-08-16 19:34:20');
insert into compraProducto (compraProductoId, mascotaId, productoEnVentaId, cantidad, fechaCompra) values (391, 51, 152, 21, '2022-11-24 12:48:20');
insert into compraProducto (compraProductoId, mascotaId, productoEnVentaId, cantidad, fechaCompra) values (392, 23, 194, 25, '2023-06-06 00:43:33');
insert into compraProducto (compraProductoId, mascotaId, productoEnVentaId, cantidad, fechaCompra) values (393, 17, 180, 14, '2023-09-23 04:56:34');
insert into compraProducto (compraProductoId, mascotaId, productoEnVentaId, cantidad, fechaCompra) values (394, 39, 155, 27, '2022-09-08 07:02:28');
insert into compraProducto (compraProductoId, mascotaId, productoEnVentaId, cantidad, fechaCompra) values (395, 61, 48, 16, '2022-12-18 09:47:12');
insert into compraProducto (compraProductoId, mascotaId, productoEnVentaId, cantidad, fechaCompra) values (396, 53, 109, 2, '2022-11-25 14:19:52');
insert into compraProducto (compraProductoId, mascotaId, productoEnVentaId, cantidad, fechaCompra) values (397, 78, 133, 3, '2022-01-16 01:48:10');
insert into compraProducto (compraProductoId, mascotaId, productoEnVentaId, cantidad, fechaCompra) values (398, 42, 84, 23, '2022-06-19 05:26:43');
insert into compraProducto (compraProductoId, mascotaId, productoEnVentaId, cantidad, fechaCompra) values (399, 57, 90, 15, '2022-10-10 17:58:35');
insert into compraProducto (compraProductoId, mascotaId, productoEnVentaId, cantidad, fechaCompra) values (400, 31, 50, 27, '2022-04-19 18:48:34');
insert into compraProducto (compraProductoId, mascotaId, productoEnVentaId, cantidad, fechaCompra) values (401, 20, 150, 2, '2023-07-09 18:42:19');
insert into compraProducto (compraProductoId, mascotaId, productoEnVentaId, cantidad, fechaCompra) values (402, 72, 143, 6, '2022-01-27 02:17:09');
insert into compraProducto (compraProductoId, mascotaId, productoEnVentaId, cantidad, fechaCompra) values (403, 81, 125, 2, '2022-02-19 07:23:45');
insert into compraProducto (compraProductoId, mascotaId, productoEnVentaId, cantidad, fechaCompra) values (404, 62, 198, 2, '2022-10-27 07:10:58');
insert into compraProducto (compraProductoId, mascotaId, productoEnVentaId, cantidad, fechaCompra) values (405, 18, 190, 3, '2022-07-11 06:26:35');
insert into compraProducto (compraProductoId, mascotaId, productoEnVentaId, cantidad, fechaCompra) values (406, 67, 47, 20, '2023-06-02 09:14:14');
insert into compraProducto (compraProductoId, mascotaId, productoEnVentaId, cantidad, fechaCompra) values (407, 81, 50, 1, '2023-12-13 07:31:53');
insert into compraProducto (compraProductoId, mascotaId, productoEnVentaId, cantidad, fechaCompra) values (408, 7, 170, 18, '2023-02-01 18:55:57');
insert into compraProducto (compraProductoId, mascotaId, productoEnVentaId, cantidad, fechaCompra) values (409, 82, 198, 13, '2023-09-02 16:46:57');
insert into compraProducto (compraProductoId, mascotaId, productoEnVentaId, cantidad, fechaCompra) values (410, 76, 191, 11, '2022-05-09 18:49:23');
insert into compraProducto (compraProductoId, mascotaId, productoEnVentaId, cantidad, fechaCompra) values (411, 99, 29, 27, '2022-05-25 20:41:15');
insert into compraProducto (compraProductoId, mascotaId, productoEnVentaId, cantidad, fechaCompra) values (412, 23, 91, 17, '2023-04-22 10:02:54');
insert into compraProducto (compraProductoId, mascotaId, productoEnVentaId, cantidad, fechaCompra) values (413, 25, 2, 20, '2022-04-28 08:54:03');
insert into compraProducto (compraProductoId, mascotaId, productoEnVentaId, cantidad, fechaCompra) values (414, 26, 130, 10, '2023-04-23 05:24:48');
insert into compraProducto (compraProductoId, mascotaId, productoEnVentaId, cantidad, fechaCompra) values (415, 10, 57, 5, '2023-03-29 06:13:15');
insert into compraProducto (compraProductoId, mascotaId, productoEnVentaId, cantidad, fechaCompra) values (416, 68, 20, 25, '2023-04-11 03:18:10');
insert into compraProducto (compraProductoId, mascotaId, productoEnVentaId, cantidad, fechaCompra) values (417, 74, 112, 7, '2022-10-08 03:31:12');
insert into compraProducto (compraProductoId, mascotaId, productoEnVentaId, cantidad, fechaCompra) values (418, 9, 58, 11, '2022-12-08 17:54:19');
insert into compraProducto (compraProductoId, mascotaId, productoEnVentaId, cantidad, fechaCompra) values (419, 84, 146, 18, '2022-07-17 00:14:26');
insert into compraProducto (compraProductoId, mascotaId, productoEnVentaId, cantidad, fechaCompra) values (420, 95, 15, 20, '2023-06-27 09:49:52');
insert into compraProducto (compraProductoId, mascotaId, productoEnVentaId, cantidad, fechaCompra) values (421, 1, 95, 13, '2023-03-06 01:58:39');
insert into compraProducto (compraProductoId, mascotaId, productoEnVentaId, cantidad, fechaCompra) values (422, 53, 198, 27, '2022-02-02 06:38:38');
insert into compraProducto (compraProductoId, mascotaId, productoEnVentaId, cantidad, fechaCompra) values (423, 19, 131, 8, '2022-03-23 10:21:30');
insert into compraProducto (compraProductoId, mascotaId, productoEnVentaId, cantidad, fechaCompra) values (424, 3, 17, 3, '2022-01-25 01:30:05');
insert into compraProducto (compraProductoId, mascotaId, productoEnVentaId, cantidad, fechaCompra) values (425, 85, 104, 20, '2023-06-07 21:55:43');
insert into compraProducto (compraProductoId, mascotaId, productoEnVentaId, cantidad, fechaCompra) values (426, 22, 62, 6, '2023-02-10 02:29:19');
insert into compraProducto (compraProductoId, mascotaId, productoEnVentaId, cantidad, fechaCompra) values (427, 31, 100, 14, '2023-04-08 21:33:34');
insert into compraProducto (compraProductoId, mascotaId, productoEnVentaId, cantidad, fechaCompra) values (428, 2, 142, 8, '2023-12-03 17:36:00');
insert into compraProducto (compraProductoId, mascotaId, productoEnVentaId, cantidad, fechaCompra) values (429, 37, 153, 15, '2023-04-29 14:58:45');
insert into compraProducto (compraProductoId, mascotaId, productoEnVentaId, cantidad, fechaCompra) values (430, 52, 1, 18, '2023-08-28 08:03:34');
insert into compraProducto (compraProductoId, mascotaId, productoEnVentaId, cantidad, fechaCompra) values (431, 44, 157, 19, '2022-12-04 08:06:36');
insert into compraProducto (compraProductoId, mascotaId, productoEnVentaId, cantidad, fechaCompra) values (432, 52, 169, 2, '2023-10-05 02:17:01');
insert into compraProducto (compraProductoId, mascotaId, productoEnVentaId, cantidad, fechaCompra) values (433, 73, 122, 22, '2022-01-05 23:31:08');
insert into compraProducto (compraProductoId, mascotaId, productoEnVentaId, cantidad, fechaCompra) values (434, 44, 14, 21, '2023-06-25 18:30:32');
insert into compraProducto (compraProductoId, mascotaId, productoEnVentaId, cantidad, fechaCompra) values (435, 40, 170, 21, '2022-06-03 12:19:10');
insert into compraProducto (compraProductoId, mascotaId, productoEnVentaId, cantidad, fechaCompra) values (436, 54, 116, 17, '2023-08-31 05:41:47');
insert into compraProducto (compraProductoId, mascotaId, productoEnVentaId, cantidad, fechaCompra) values (437, 85, 20, 9, '2023-04-15 08:31:08');
insert into compraProducto (compraProductoId, mascotaId, productoEnVentaId, cantidad, fechaCompra) values (438, 39, 173, 25, '2023-10-28 22:55:54');
insert into compraProducto (compraProductoId, mascotaId, productoEnVentaId, cantidad, fechaCompra) values (439, 24, 126, 16, '2023-11-01 23:43:19');
insert into compraProducto (compraProductoId, mascotaId, productoEnVentaId, cantidad, fechaCompra) values (440, 41, 146, 5, '2022-08-25 02:05:52');
insert into compraProducto (compraProductoId, mascotaId, productoEnVentaId, cantidad, fechaCompra) values (441, 80, 122, 3, '2023-07-12 06:25:51');
insert into compraProducto (compraProductoId, mascotaId, productoEnVentaId, cantidad, fechaCompra) values (442, 12, 144, 22, '2022-05-19 05:16:39');
insert into compraProducto (compraProductoId, mascotaId, productoEnVentaId, cantidad, fechaCompra) values (443, 45, 167, 16, '2023-03-16 17:47:53');
insert into compraProducto (compraProductoId, mascotaId, productoEnVentaId, cantidad, fechaCompra) values (444, 6, 93, 2, '2023-07-31 04:57:45');
insert into compraProducto (compraProductoId, mascotaId, productoEnVentaId, cantidad, fechaCompra) values (445, 56, 116, 18, '2023-04-19 08:37:30');
insert into compraProducto (compraProductoId, mascotaId, productoEnVentaId, cantidad, fechaCompra) values (446, 58, 16, 14, '2023-01-20 15:57:05');
insert into compraProducto (compraProductoId, mascotaId, productoEnVentaId, cantidad, fechaCompra) values (447, 29, 5, 17, '2022-12-20 06:44:13');
insert into compraProducto (compraProductoId, mascotaId, productoEnVentaId, cantidad, fechaCompra) values (448, 97, 48, 20, '2023-01-03 06:11:49');
insert into compraProducto (compraProductoId, mascotaId, productoEnVentaId, cantidad, fechaCompra) values (449, 53, 54, 26, '2023-11-23 06:50:34');
insert into compraProducto (compraProductoId, mascotaId, productoEnVentaId, cantidad, fechaCompra) values (450, 61, 157, 22, '2023-05-28 16:02:34');
insert into compraProducto (compraProductoId, mascotaId, productoEnVentaId, cantidad, fechaCompra) values (451, 14, 54, 27, '2023-12-30 19:22:45');
insert into compraProducto (compraProductoId, mascotaId, productoEnVentaId, cantidad, fechaCompra) values (452, 80, 49, 27, '2023-07-05 19:48:24');
insert into compraProducto (compraProductoId, mascotaId, productoEnVentaId, cantidad, fechaCompra) values (453, 27, 99, 9, '2023-08-14 15:42:04');
insert into compraProducto (compraProductoId, mascotaId, productoEnVentaId, cantidad, fechaCompra) values (454, 93, 42, 18, '2022-02-13 21:42:17');
insert into compraProducto (compraProductoId, mascotaId, productoEnVentaId, cantidad, fechaCompra) values (455, 67, 1, 5, '2023-12-28 06:25:01');
insert into compraProducto (compraProductoId, mascotaId, productoEnVentaId, cantidad, fechaCompra) values (456, 76, 195, 3, '2023-09-17 17:54:17');
insert into compraProducto (compraProductoId, mascotaId, productoEnVentaId, cantidad, fechaCompra) values (457, 90, 30, 22, '2023-03-14 21:39:49');
insert into compraProducto (compraProductoId, mascotaId, productoEnVentaId, cantidad, fechaCompra) values (458, 82, 60, 15, '2023-12-12 21:12:27');
insert into compraProducto (compraProductoId, mascotaId, productoEnVentaId, cantidad, fechaCompra) values (459, 12, 3, 20, '2022-06-18 18:43:49');
insert into compraProducto (compraProductoId, mascotaId, productoEnVentaId, cantidad, fechaCompra) values (460, 36, 12, 7, '2023-11-06 12:45:11');
insert into compraProducto (compraProductoId, mascotaId, productoEnVentaId, cantidad, fechaCompra) values (461, 27, 83, 16, '2022-12-05 03:46:05');
insert into compraProducto (compraProductoId, mascotaId, productoEnVentaId, cantidad, fechaCompra) values (462, 13, 170, 2, '2023-07-18 14:54:29');
insert into compraProducto (compraProductoId, mascotaId, productoEnVentaId, cantidad, fechaCompra) values (463, 35, 66, 21, '2023-06-25 23:01:58');
insert into compraProducto (compraProductoId, mascotaId, productoEnVentaId, cantidad, fechaCompra) values (464, 7, 101, 16, '2023-01-14 23:30:17');
insert into compraProducto (compraProductoId, mascotaId, productoEnVentaId, cantidad, fechaCompra) values (465, 54, 198, 10, '2022-05-11 07:39:43');
insert into compraProducto (compraProductoId, mascotaId, productoEnVentaId, cantidad, fechaCompra) values (466, 35, 168, 19, '2023-02-06 10:45:14');
insert into compraProducto (compraProductoId, mascotaId, productoEnVentaId, cantidad, fechaCompra) values (467, 19, 187, 24, '2022-03-20 17:50:10');
insert into compraProducto (compraProductoId, mascotaId, productoEnVentaId, cantidad, fechaCompra) values (468, 80, 40, 24, '2023-07-17 12:11:41');
insert into compraProducto (compraProductoId, mascotaId, productoEnVentaId, cantidad, fechaCompra) values (469, 39, 120, 8, '2022-05-31 03:07:50');
insert into compraProducto (compraProductoId, mascotaId, productoEnVentaId, cantidad, fechaCompra) values (470, 55, 152, 13, '2022-03-19 19:17:37');
insert into compraProducto (compraProductoId, mascotaId, productoEnVentaId, cantidad, fechaCompra) values (471, 57, 58, 1, '2022-09-26 23:18:10');
insert into compraProducto (compraProductoId, mascotaId, productoEnVentaId, cantidad, fechaCompra) values (472, 81, 35, 13, '2023-05-03 14:51:56');
insert into compraProducto (compraProductoId, mascotaId, productoEnVentaId, cantidad, fechaCompra) values (473, 11, 40, 11, '2023-08-19 04:17:00');
insert into compraProducto (compraProductoId, mascotaId, productoEnVentaId, cantidad, fechaCompra) values (474, 56, 136, 1, '2022-09-13 21:35:48');
insert into compraProducto (compraProductoId, mascotaId, productoEnVentaId, cantidad, fechaCompra) values (475, 53, 45, 12, '2022-09-04 04:48:42');
insert into compraProducto (compraProductoId, mascotaId, productoEnVentaId, cantidad, fechaCompra) values (476, 100, 79, 9, '2023-07-31 00:10:15');
insert into compraProducto (compraProductoId, mascotaId, productoEnVentaId, cantidad, fechaCompra) values (477, 7, 13, 8, '2022-10-23 13:59:57');
insert into compraProducto (compraProductoId, mascotaId, productoEnVentaId, cantidad, fechaCompra) values (478, 33, 155, 14, '2023-12-01 08:14:49');
insert into compraProducto (compraProductoId, mascotaId, productoEnVentaId, cantidad, fechaCompra) values (479, 79, 13, 27, '2022-09-30 06:17:21');
insert into compraProducto (compraProductoId, mascotaId, productoEnVentaId, cantidad, fechaCompra) values (480, 14, 60, 19, '2022-08-31 11:43:22');
insert into compraProducto (compraProductoId, mascotaId, productoEnVentaId, cantidad, fechaCompra) values (481, 98, 178, 11, '2022-11-09 09:29:44');
insert into compraProducto (compraProductoId, mascotaId, productoEnVentaId, cantidad, fechaCompra) values (482, 47, 177, 18, '2023-02-21 22:01:55');
insert into compraProducto (compraProductoId, mascotaId, productoEnVentaId, cantidad, fechaCompra) values (483, 51, 99, 13, '2023-07-24 07:58:00');
insert into compraProducto (compraProductoId, mascotaId, productoEnVentaId, cantidad, fechaCompra) values (484, 62, 59, 1, '2023-10-01 16:50:06');
insert into compraProducto (compraProductoId, mascotaId, productoEnVentaId, cantidad, fechaCompra) values (485, 70, 146, 16, '2023-01-13 11:12:02');
insert into compraProducto (compraProductoId, mascotaId, productoEnVentaId, cantidad, fechaCompra) values (486, 76, 143, 17, '2023-05-22 04:08:50');
insert into compraProducto (compraProductoId, mascotaId, productoEnVentaId, cantidad, fechaCompra) values (487, 6, 154, 24, '2022-03-10 18:24:55');
insert into compraProducto (compraProductoId, mascotaId, productoEnVentaId, cantidad, fechaCompra) values (488, 50, 74, 1, '2022-10-22 08:06:15');
insert into compraProducto (compraProductoId, mascotaId, productoEnVentaId, cantidad, fechaCompra) values (489, 17, 10, 24, '2023-02-21 23:45:37');
insert into compraProducto (compraProductoId, mascotaId, productoEnVentaId, cantidad, fechaCompra) values (490, 50, 125, 22, '2022-06-05 02:46:31');
insert into compraProducto (compraProductoId, mascotaId, productoEnVentaId, cantidad, fechaCompra) values (491, 46, 182, 12, '2023-10-13 18:28:29');
insert into compraProducto (compraProductoId, mascotaId, productoEnVentaId, cantidad, fechaCompra) values (492, 11, 111, 4, '2022-12-02 02:47:28');
insert into compraProducto (compraProductoId, mascotaId, productoEnVentaId, cantidad, fechaCompra) values (493, 12, 197, 9, '2022-08-27 16:12:04');
insert into compraProducto (compraProductoId, mascotaId, productoEnVentaId, cantidad, fechaCompra) values (494, 12, 196, 20, '2023-12-19 13:29:21');
insert into compraProducto (compraProductoId, mascotaId, productoEnVentaId, cantidad, fechaCompra) values (495, 79, 63, 5, '2022-04-17 17:00:56');
insert into compraProducto (compraProductoId, mascotaId, productoEnVentaId, cantidad, fechaCompra) values (496, 95, 136, 20, '2022-07-25 19:21:02');
insert into compraProducto (compraProductoId, mascotaId, productoEnVentaId, cantidad, fechaCompra) values (497, 87, 53, 1, '2022-09-12 06:51:10');
insert into compraProducto (compraProductoId, mascotaId, productoEnVentaId, cantidad, fechaCompra) values (498, 40, 84, 8, '2023-04-13 12:00:11');
insert into compraProducto (compraProductoId, mascotaId, productoEnVentaId, cantidad, fechaCompra) values (499, 9, 7, 1, '2023-09-25 22:08:22');
insert into compraProducto (compraProductoId, mascotaId, productoEnVentaId, cantidad, fechaCompra) values (500, 69, 147, 22, '2023-05-18 23:54:10');
insert into compraProducto (compraProductoId, mascotaId, productoEnVentaId, cantidad, fechaCompra) values (501, 41, 8, 1, '2023-11-19 14:57:05');
insert into compraProducto (compraProductoId, mascotaId, productoEnVentaId, cantidad, fechaCompra) values (502, 52, 167, 3, '2023-11-29 17:27:11');
insert into compraProducto (compraProductoId, mascotaId, productoEnVentaId, cantidad, fechaCompra) values (503, 20, 51, 15, '2022-05-16 05:23:01');
insert into compraProducto (compraProductoId, mascotaId, productoEnVentaId, cantidad, fechaCompra) values (504, 83, 143, 9, '2023-11-15 12:58:40');
insert into compraProducto (compraProductoId, mascotaId, productoEnVentaId, cantidad, fechaCompra) values (505, 51, 57, 27, '2022-03-08 15:21:02');
insert into compraProducto (compraProductoId, mascotaId, productoEnVentaId, cantidad, fechaCompra) values (506, 35, 142, 22, '2022-01-13 20:52:43');
insert into compraProducto (compraProductoId, mascotaId, productoEnVentaId, cantidad, fechaCompra) values (507, 89, 65, 5, '2022-06-09 20:03:31');
insert into compraProducto (compraProductoId, mascotaId, productoEnVentaId, cantidad, fechaCompra) values (508, 38, 87, 24, '2023-07-16 13:11:42');
insert into compraProducto (compraProductoId, mascotaId, productoEnVentaId, cantidad, fechaCompra) values (509, 40, 74, 21, '2022-06-11 11:10:30');
insert into compraProducto (compraProductoId, mascotaId, productoEnVentaId, cantidad, fechaCompra) values (510, 48, 182, 26, '2023-03-18 17:44:31');
insert into compraProducto (compraProductoId, mascotaId, productoEnVentaId, cantidad, fechaCompra) values (511, 53, 157, 12, '2023-09-19 13:32:43');
insert into compraProducto (compraProductoId, mascotaId, productoEnVentaId, cantidad, fechaCompra) values (512, 5, 196, 22, '2022-12-29 16:58:38');
insert into compraProducto (compraProductoId, mascotaId, productoEnVentaId, cantidad, fechaCompra) values (513, 85, 17, 26, '2022-12-08 03:50:07');
insert into compraProducto (compraProductoId, mascotaId, productoEnVentaId, cantidad, fechaCompra) values (514, 86, 91, 9, '2023-04-26 03:21:10');
insert into compraProducto (compraProductoId, mascotaId, productoEnVentaId, cantidad, fechaCompra) values (515, 74, 73, 18, '2022-10-31 20:51:07');
insert into compraProducto (compraProductoId, mascotaId, productoEnVentaId, cantidad, fechaCompra) values (516, 21, 149, 14, '2022-01-20 05:40:26');
insert into compraProducto (compraProductoId, mascotaId, productoEnVentaId, cantidad, fechaCompra) values (517, 76, 150, 8, '2022-06-03 11:08:26');
insert into compraProducto (compraProductoId, mascotaId, productoEnVentaId, cantidad, fechaCompra) values (518, 61, 198, 1, '2023-07-19 04:46:54');
insert into compraProducto (compraProductoId, mascotaId, productoEnVentaId, cantidad, fechaCompra) values (519, 8, 150, 16, '2022-04-09 14:38:26');
insert into compraProducto (compraProductoId, mascotaId, productoEnVentaId, cantidad, fechaCompra) values (520, 49, 32, 24, '2023-03-08 07:25:23');
insert into compraProducto (compraProductoId, mascotaId, productoEnVentaId, cantidad, fechaCompra) values (521, 29, 142, 15, '2022-03-13 21:15:52');
insert into compraProducto (compraProductoId, mascotaId, productoEnVentaId, cantidad, fechaCompra) values (522, 17, 26, 1, '2022-05-14 11:35:41');
insert into compraProducto (compraProductoId, mascotaId, productoEnVentaId, cantidad, fechaCompra) values (523, 67, 156, 17, '2023-02-06 14:38:41');
insert into compraProducto (compraProductoId, mascotaId, productoEnVentaId, cantidad, fechaCompra) values (524, 64, 163, 23, '2023-10-13 10:42:24');
insert into compraProducto (compraProductoId, mascotaId, productoEnVentaId, cantidad, fechaCompra) values (525, 43, 80, 24, '2022-02-02 03:34:42');
insert into compraProducto (compraProductoId, mascotaId, productoEnVentaId, cantidad, fechaCompra) values (526, 91, 128, 1, '2023-08-17 23:39:23');
insert into compraProducto (compraProductoId, mascotaId, productoEnVentaId, cantidad, fechaCompra) values (527, 89, 105, 18, '2023-11-30 08:57:38');
insert into compraProducto (compraProductoId, mascotaId, productoEnVentaId, cantidad, fechaCompra) values (528, 2, 43, 19, '2022-12-16 01:03:32');
insert into compraProducto (compraProductoId, mascotaId, productoEnVentaId, cantidad, fechaCompra) values (529, 22, 62, 5, '2023-08-22 05:58:42');
insert into compraProducto (compraProductoId, mascotaId, productoEnVentaId, cantidad, fechaCompra) values (530, 31, 93, 27, '2022-09-14 19:29:04');
insert into compraProducto (compraProductoId, mascotaId, productoEnVentaId, cantidad, fechaCompra) values (531, 78, 34, 24, '2022-03-21 06:22:12');
insert into compraProducto (compraProductoId, mascotaId, productoEnVentaId, cantidad, fechaCompra) values (532, 60, 88, 10, '2022-04-24 11:46:45');
insert into compraProducto (compraProductoId, mascotaId, productoEnVentaId, cantidad, fechaCompra) values (533, 39, 156, 14, '2022-02-17 09:27:02');
insert into compraProducto (compraProductoId, mascotaId, productoEnVentaId, cantidad, fechaCompra) values (534, 31, 52, 22, '2023-04-23 18:30:59');
insert into compraProducto (compraProductoId, mascotaId, productoEnVentaId, cantidad, fechaCompra) values (535, 43, 108, 26, '2023-03-08 11:50:54');
insert into compraProducto (compraProductoId, mascotaId, productoEnVentaId, cantidad, fechaCompra) values (536, 73, 193, 6, '2022-11-24 02:13:42');
insert into compraProducto (compraProductoId, mascotaId, productoEnVentaId, cantidad, fechaCompra) values (537, 76, 74, 17, '2022-07-19 14:36:47');
insert into compraProducto (compraProductoId, mascotaId, productoEnVentaId, cantidad, fechaCompra) values (538, 72, 72, 23, '2022-09-02 18:00:01');
insert into compraProducto (compraProductoId, mascotaId, productoEnVentaId, cantidad, fechaCompra) values (539, 31, 85, 6, '2022-06-16 08:53:56');
insert into compraProducto (compraProductoId, mascotaId, productoEnVentaId, cantidad, fechaCompra) values (540, 74, 119, 4, '2022-04-21 07:25:32');
insert into compraProducto (compraProductoId, mascotaId, productoEnVentaId, cantidad, fechaCompra) values (541, 28, 132, 15, '2022-01-10 15:39:06');
insert into compraProducto (compraProductoId, mascotaId, productoEnVentaId, cantidad, fechaCompra) values (542, 4, 41, 14, '2022-12-14 07:56:48');
insert into compraProducto (compraProductoId, mascotaId, productoEnVentaId, cantidad, fechaCompra) values (543, 1, 60, 2, '2022-05-14 11:59:20');
insert into compraProducto (compraProductoId, mascotaId, productoEnVentaId, cantidad, fechaCompra) values (544, 87, 89, 8, '2022-05-20 19:36:55');
insert into compraProducto (compraProductoId, mascotaId, productoEnVentaId, cantidad, fechaCompra) values (545, 5, 2, 9, '2023-10-17 17:38:39');
insert into compraProducto (compraProductoId, mascotaId, productoEnVentaId, cantidad, fechaCompra) values (546, 15, 90, 25, '2022-10-15 18:33:53');
insert into compraProducto (compraProductoId, mascotaId, productoEnVentaId, cantidad, fechaCompra) values (547, 6, 5, 10, '2022-08-21 20:40:52');
insert into compraProducto (compraProductoId, mascotaId, productoEnVentaId, cantidad, fechaCompra) values (548, 81, 20, 12, '2022-09-29 11:35:05');
insert into compraProducto (compraProductoId, mascotaId, productoEnVentaId, cantidad, fechaCompra) values (549, 85, 27, 13, '2022-05-03 02:31:47');
insert into compraProducto (compraProductoId, mascotaId, productoEnVentaId, cantidad, fechaCompra) values (550, 67, 188, 13, '2023-04-20 21:04:13');
insert into compraProducto (compraProductoId, mascotaId, productoEnVentaId, cantidad, fechaCompra) values (551, 45, 51, 19, '2022-11-09 23:49:11');
insert into compraProducto (compraProductoId, mascotaId, productoEnVentaId, cantidad, fechaCompra) values (552, 56, 191, 19, '2023-10-26 12:06:37');
insert into compraProducto (compraProductoId, mascotaId, productoEnVentaId, cantidad, fechaCompra) values (553, 11, 157, 13, '2022-07-13 04:11:27');
insert into compraProducto (compraProductoId, mascotaId, productoEnVentaId, cantidad, fechaCompra) values (554, 88, 200, 20, '2023-07-15 12:52:09');
insert into compraProducto (compraProductoId, mascotaId, productoEnVentaId, cantidad, fechaCompra) values (555, 8, 179, 20, '2023-07-17 10:26:23');
insert into compraProducto (compraProductoId, mascotaId, productoEnVentaId, cantidad, fechaCompra) values (556, 7, 153, 10, '2023-12-03 22:01:10');
insert into compraProducto (compraProductoId, mascotaId, productoEnVentaId, cantidad, fechaCompra) values (557, 60, 68, 13, '2023-07-22 07:56:13');
insert into compraProducto (compraProductoId, mascotaId, productoEnVentaId, cantidad, fechaCompra) values (558, 45, 100, 27, '2023-03-25 19:24:54');
insert into compraProducto (compraProductoId, mascotaId, productoEnVentaId, cantidad, fechaCompra) values (559, 83, 188, 10, '2023-04-12 01:35:32');
insert into compraProducto (compraProductoId, mascotaId, productoEnVentaId, cantidad, fechaCompra) values (560, 69, 147, 6, '2022-12-26 08:06:34');
insert into compraProducto (compraProductoId, mascotaId, productoEnVentaId, cantidad, fechaCompra) values (561, 78, 50, 10, '2023-05-01 16:57:41');
insert into compraProducto (compraProductoId, mascotaId, productoEnVentaId, cantidad, fechaCompra) values (562, 16, 182, 3, '2022-10-31 10:02:35');
insert into compraProducto (compraProductoId, mascotaId, productoEnVentaId, cantidad, fechaCompra) values (563, 85, 46, 20, '2022-08-07 04:58:34');
insert into compraProducto (compraProductoId, mascotaId, productoEnVentaId, cantidad, fechaCompra) values (564, 7, 53, 16, '2022-12-23 22:38:20');
insert into compraProducto (compraProductoId, mascotaId, productoEnVentaId, cantidad, fechaCompra) values (565, 82, 104, 14, '2023-08-18 13:06:20');
insert into compraProducto (compraProductoId, mascotaId, productoEnVentaId, cantidad, fechaCompra) values (566, 37, 143, 20, '2023-03-20 16:46:21');
insert into compraProducto (compraProductoId, mascotaId, productoEnVentaId, cantidad, fechaCompra) values (567, 76, 158, 8, '2022-06-30 14:18:40');
insert into compraProducto (compraProductoId, mascotaId, productoEnVentaId, cantidad, fechaCompra) values (568, 95, 177, 6, '2022-08-31 14:16:05');
insert into compraProducto (compraProductoId, mascotaId, productoEnVentaId, cantidad, fechaCompra) values (569, 47, 14, 27, '2022-02-26 07:38:19');
insert into compraProducto (compraProductoId, mascotaId, productoEnVentaId, cantidad, fechaCompra) values (570, 21, 11, 15, '2023-09-19 14:24:18');
insert into compraProducto (compraProductoId, mascotaId, productoEnVentaId, cantidad, fechaCompra) values (571, 50, 43, 22, '2023-01-10 06:47:09');
insert into compraProducto (compraProductoId, mascotaId, productoEnVentaId, cantidad, fechaCompra) values (572, 93, 165, 8, '2022-08-03 02:18:08');
insert into compraProducto (compraProductoId, mascotaId, productoEnVentaId, cantidad, fechaCompra) values (573, 47, 41, 8, '2022-02-03 09:24:02');
insert into compraProducto (compraProductoId, mascotaId, productoEnVentaId, cantidad, fechaCompra) values (574, 56, 82, 12, '2023-09-14 19:24:10');
insert into compraProducto (compraProductoId, mascotaId, productoEnVentaId, cantidad, fechaCompra) values (575, 87, 75, 7, '2022-03-15 23:13:58');
insert into compraProducto (compraProductoId, mascotaId, productoEnVentaId, cantidad, fechaCompra) values (576, 20, 39, 26, '2022-10-28 18:02:55');
insert into compraProducto (compraProductoId, mascotaId, productoEnVentaId, cantidad, fechaCompra) values (577, 29, 116, 7, '2023-11-22 11:36:34');
insert into compraProducto (compraProductoId, mascotaId, productoEnVentaId, cantidad, fechaCompra) values (578, 90, 79, 13, '2023-11-23 23:56:05');
insert into compraProducto (compraProductoId, mascotaId, productoEnVentaId, cantidad, fechaCompra) values (579, 77, 1, 22, '2022-06-10 18:59:01');
insert into compraProducto (compraProductoId, mascotaId, productoEnVentaId, cantidad, fechaCompra) values (580, 22, 144, 16, '2023-07-06 14:01:08');
insert into compraProducto (compraProductoId, mascotaId, productoEnVentaId, cantidad, fechaCompra) values (581, 26, 196, 22, '2023-05-31 18:50:46');
insert into compraProducto (compraProductoId, mascotaId, productoEnVentaId, cantidad, fechaCompra) values (582, 30, 197, 2, '2022-05-02 18:28:36');
insert into compraProducto (compraProductoId, mascotaId, productoEnVentaId, cantidad, fechaCompra) values (583, 83, 165, 2, '2022-05-02 16:33:48');
insert into compraProducto (compraProductoId, mascotaId, productoEnVentaId, cantidad, fechaCompra) values (584, 12, 98, 22, '2023-05-04 11:07:00');
insert into compraProducto (compraProductoId, mascotaId, productoEnVentaId, cantidad, fechaCompra) values (585, 47, 69, 19, '2023-09-01 00:10:47');
insert into compraProducto (compraProductoId, mascotaId, productoEnVentaId, cantidad, fechaCompra) values (586, 18, 102, 23, '2022-02-01 04:59:21');
insert into compraProducto (compraProductoId, mascotaId, productoEnVentaId, cantidad, fechaCompra) values (587, 29, 65, 15, '2022-01-20 07:44:38');
insert into compraProducto (compraProductoId, mascotaId, productoEnVentaId, cantidad, fechaCompra) values (588, 14, 89, 10, '2023-03-01 00:19:09');
insert into compraProducto (compraProductoId, mascotaId, productoEnVentaId, cantidad, fechaCompra) values (589, 48, 13, 1, '2023-06-04 01:11:56');
insert into compraProducto (compraProductoId, mascotaId, productoEnVentaId, cantidad, fechaCompra) values (590, 52, 91, 21, '2022-06-28 16:03:39');
insert into compraProducto (compraProductoId, mascotaId, productoEnVentaId, cantidad, fechaCompra) values (591, 14, 56, 6, '2022-10-08 01:21:29');
insert into compraProducto (compraProductoId, mascotaId, productoEnVentaId, cantidad, fechaCompra) values (592, 85, 197, 12, '2022-04-23 22:32:47');
insert into compraProducto (compraProductoId, mascotaId, productoEnVentaId, cantidad, fechaCompra) values (593, 65, 16, 4, '2023-05-26 11:40:58');
insert into compraProducto (compraProductoId, mascotaId, productoEnVentaId, cantidad, fechaCompra) values (594, 63, 91, 2, '2022-10-24 12:14:54');
insert into compraProducto (compraProductoId, mascotaId, productoEnVentaId, cantidad, fechaCompra) values (595, 66, 7, 5, '2022-05-24 23:08:06');
insert into compraProducto (compraProductoId, mascotaId, productoEnVentaId, cantidad, fechaCompra) values (596, 80, 9, 17, '2022-11-23 21:37:17');
insert into compraProducto (compraProductoId, mascotaId, productoEnVentaId, cantidad, fechaCompra) values (597, 49, 37, 6, '2023-10-11 12:59:05');
insert into compraProducto (compraProductoId, mascotaId, productoEnVentaId, cantidad, fechaCompra) values (598, 25, 109, 24, '2023-12-01 01:10:03');
insert into compraProducto (compraProductoId, mascotaId, productoEnVentaId, cantidad, fechaCompra) values (599, 40, 2, 25, '2023-02-20 01:32:12');
insert into compraProducto (compraProductoId, mascotaId, productoEnVentaId, cantidad, fechaCompra) values (600, 51, 95, 26, '2023-02-06 23:09:27');